Date,Open,High,Low,Close,period,rolling_volatility,volatility_regime,ma_20,ma_50,trend_ma,trend_regime,trend_volatility_regime
2007-09-17,4518.4501953125,4549.0498046875,4482.85009765625,4494.64990234375,development,,,,,,,
2007-09-18,4494.10009765625,4551.7998046875,4481.5498046875,4546.2001953125,development,,,,,,,
2007-09-19,4550.25,4739.0,4550.25,4732.35009765625,development,,,,,,,
2007-09-20,4734.85009765625,4760.85009765625,4721.14990234375,4747.5498046875,development,,,,,,,
2007-09-21,4752.9501953125,4855.7001953125,4733.7001953125,4837.5498046875,development,,,,,,,
2007-09-24,4837.14990234375,4941.14990234375,4837.14990234375,4932.2001953125,development,,,,,,,
2007-09-25,4939.10009765625,4953.89990234375,4878.14990234375,4938.85009765625,development,,,,,,,
2007-09-26,4937.60009765625,4980.85009765625,4930.35009765625,4940.5,development,,,,,,,
2007-09-27,4942.7001953125,5016.39990234375,4942.7001953125,5000.5498046875,development,,,,,,,
2007-09-28,4996.4501953125,5055.7998046875,4996.4501953125,5021.35009765625,development,,,,,,,
2007-10-01,5021.5,5089.2998046875,5001.35009765625,5068.9501953125,development,,,,,,,
2007-10-03,5069.0,5261.35009765625,5034.14990234375,5210.7998046875,development,,,,,,,
2007-10-04,5211.64990234375,5233.10009765625,5126.0498046875,5208.64990234375,development,,,,,,,
2007-10-05,5208.14990234375,5248.5498046875,5164.5,5185.85009765625,development,,,,,,,
2007-10-08,5186.25,5249.2998046875,5024.75,5085.10009765625,development,,,,,,,
2007-10-09,5062.64990234375,5348.7001953125,5000.9501953125,5327.25,development,,,,,,,
2007-10-10,5328.14990234375,5454.7001953125,5328.14990234375,5441.4501953125,development,,,,,,,
2007-10-11,5438.89990234375,5532.75,5424.25,5524.85009765625,development,,,,,,,
2007-10-12,5525.2998046875,5549.2998046875,5402.60009765625,5428.25,development,,,,,,,
2007-10-15,5428.35009765625,5682.64990234375,5419.89990234375,5670.39990234375,development,,,5067.165014648437,,5067.165014648437,uptrend,
2007-10-16,5670.64990234375,5708.35009765625,5578.4501953125,5668.0498046875,development,0.29268903875261215,,5125.835009765625,,5125.835009765625,uptrend,
2007-10-17,5658.89990234375,5658.89990234375,5107.2998046875,5559.2998046875,development,0.3127247267355698,,5176.489990234375,,5176.489990234375,uptrend,
2007-10-18,5551.10009765625,5736.7998046875,5269.64990234375,5351.0,development,0.3339300378296136,,5207.4224853515625,,5207.4224853515625,uptrend,
2007-10-19,5360.35009765625,5390.85009765625,5101.75,5215.2998046875,development,0.35240498575071943,,5230.809985351562,,5230.809985351562,downtrend,
2007-10-22,5202.75,5247.39990234375,5070.89990234375,5184.0,development,0.35037050516592966,,5248.132495117187,,5248.132495117187,downtrend,
2007-10-23,5185.2998046875,5488.5,5176.85009765625,5473.7001953125,development,0.3932796435948655,,5275.207495117187,,5275.207495117187,uptrend,
2007-10-24,5477.60009765625,5577.89990234375,5419.39990234375,5496.14990234375,development,0.3930145545140021,,5303.072485351562,,5303.072485351562,uptrend,
2007-10-25,5499.0498046875,5605.9501953125,5469.2998046875,5568.9501953125,development,0.39337138573285846,,5334.4949951171875,,5334.4949951171875,uptrend,
2007-10-26,5564.25,5716.89990234375,5513.35009765625,5702.2998046875,development,0.39790179703833684,,5369.582495117187,,5369.582495117187,uptrend,
2007-10-29,5708.89990234375,5922.5,5708.89990234375,5905.89990234375,development,0.41059149491247887,,5413.809985351562,,5413.809985351562,uptrend,
2007-10-30,5917.5498046875,5976.0,5833.89990234375,5868.75,development,0.4138748895930544,,5453.799975585937,,5453.799975585937,uptrend,
2007-10-31,5868.89990234375,5952.25,5861.2998046875,5900.64990234375,development,0.40687750829209174,,5488.29248046875,,5488.29248046875,uptrend,
2007-11-01,5903.7998046875,6011.9501953125,5837.2001953125,5866.4501953125,development,0.4085436275270475,,5521.1824951171875,,5521.1824951171875,uptrend,
2007-11-02,5854.85009765625,5944.75,5714.25,5932.39990234375,development,0.40690082875902267,,5558.509985351562,,5558.509985351562,uptrend,
2007-11-05,5931.89990234375,5948.5498046875,5819.60009765625,5847.2998046875,development,0.4028932579189324,,5596.619970703125,,5596.619970703125,uptrend,
2007-11-06,5847.10009765625,5957.2001953125,5759.9501953125,5786.5,development,0.37775558849961094,,5619.582470703125,,5619.582470703125,uptrend,
2007-11-07,5782.39990234375,5861.35009765625,5744.2998046875,5782.35009765625,development,0.37266181405561905,,5636.627465820313,,5636.627465820313,uptrend,
2007-11-08,5779.2998046875,5780.7998046875,5646.75,5698.75,development,0.3749050118323201,,5645.3224609375,,5645.3224609375,uptrend,
2007-11-12,5660.60009765625,5660.60009765625,5477.5,5617.10009765625,development,0.3729119984570163,,5654.764965820313,,5654.764965820313,downtrend,
2007-11-13,5612.35009765625,5758.85009765625,5591.60009765625,5695.39990234375,development,0.34091964136143743,,5656.014965820313,,5656.014965820313,uptrend,
2007-11-14,5703.9501953125,5950.2001953125,5700.0498046875,5937.89990234375,development,0.3722162390034252,,5669.507470703125,,5669.507470703125,uptrend,
2007-11-15,5942.7001953125,5966.9501953125,5895.64990234375,5912.10009765625,development,0.36434674748608037,,5687.147485351563,,5687.147485351563,uptrend,
2007-11-16,5913.14990234375,5948.0498046875,5817.39990234375,5906.85009765625,development,0.3316950881124321,,5714.939990234375,,5714.939990234375,uptrend,
2007-11-19,5908.0498046875,5981.7998046875,5893.7998046875,5907.64990234375,development,0.31236686716112555,,5749.5574951171875,,5749.5574951171875,uptrend,
2007-11-20,5911.25,5923.7001953125,5755.7998046875,5780.89990234375,development,0.32508326280977035,,5779.402490234375,,5779.402490234375,uptrend,
2007-11-21,5778.7998046875,5790.0498046875,5530.85009765625,5561.0498046875,development,0.30280605330657134,,5783.769970703125,,5783.769970703125,downtrend,
2007-11-22,5564.64990234375,5608.64990234375,5394.35009765625,5519.35009765625,development,0.3040090697395114,,5784.92998046875,,5784.92998046875,downtrend,
2007-11-23,5524.2998046875,5638.60009765625,5514.75,5608.60009765625,development,0.3058220554949615,,5786.9124755859375,,5786.9124755859375,downtrend,
2007-11-26,5611.2998046875,5772.5498046875,5608.9501953125,5731.7001953125,development,0.30387029478496247,,5788.382495117187,,5788.382495117187,downtrend,
2007-11-27,5729.25,5743.5498046875,5655.60009765625,5698.14990234375,development,0.2742483658296848,,5777.9949951171875,5440.5569921875,5777.9949951171875,downtrend,
2007-11-28,5699.5498046875,5749.9501953125,5595.5,5617.5498046875,development,0.27741097934187514,,5765.434985351562,5463.014990234375,5765.434985351562,downtrend,
2007-11-29,5617.7998046875,5725.0,5612.10009765625,5634.60009765625,development,0.2766829138672576,,5752.132495117187,5484.78298828125,5752.132495117187,downtrend,
2007-11-30,5633.89990234375,5782.5498046875,5632.64990234375,5762.75,development,0.28993756639100215,,5746.947485351562,5505.390986328125,5746.947485351562,uptrend,
2007-12-03,5765.4501953125,5878.7998046875,5754.60009765625,5865.0,development,0.2943834529527993,,5743.577490234375,5527.739990234375,5743.577490234375,uptrend,
2007-12-04,5870.2001953125,5897.25,5840.2998046875,5858.35009765625,development,0.2897874468238534,,5744.1300048828125,5548.15599609375,5744.1300048828125,uptrend,
2007-12-05,5861.89990234375,5949.2998046875,5859.9501953125,5940.0,development,0.29079827370959366,,5751.805004882813,5568.3119921875,5751.805004882813,uptrend,
2007-12-06,5941.0498046875,6027.0498046875,5919.7998046875,5954.7001953125,development,0.29070072381190754,,5760.422509765625,5588.628994140625,5760.422509765625,uptrend,
2007-12-07,5963.60009765625,6042.10009765625,5894.7998046875,5974.2998046875,development,0.2844337304102729,,5774.2,5609.304990234375,5774.2,uptrend,
2007-12-10,5974.0,6015.2998046875,5923.35009765625,5960.60009765625,development,0.2781193122011057,,5791.375,5628.50599609375,5791.375,uptrend,
2007-12-11,5960.39990234375,6111.2001953125,5960.39990234375,6097.25,development,0.28451241452590664,,5811.467504882812,5650.023994140625,5811.467504882812,uptrend,
2007-12-12,6067.0498046875,6175.64990234375,6005.4501953125,6159.2998046875,development,0.2462634709697867,,5822.5375,5671.830986328125,5822.5375,uptrend,
2007-12-13,6159.25,6185.39990234375,6040.39990234375,6058.10009765625,development,0.25397461681263606,,5829.8375,5688.7769921875,5829.8375,uptrend,
2007-12-14,6056.2001953125,6078.5498046875,6015.0498046875,6047.7001953125,development,0.2540881616238207,,5836.8800048828125,5705.557998046875,5836.8800048828125,uptrend,
2007-12-17,6037.9501953125,6039.9501953125,5740.60009765625,5777.0,development,0.30223622957604834,,5830.347509765625,5717.38099609375,5830.347509765625,downtrend,
2007-12-18,5777.60009765625,5874.60009765625,5710.60009765625,5742.2998046875,development,0.29316935136316147,,5828.417504882813,5730.524990234375,5828.417504882813,downtrend,
2007-12-19,5730.25,5840.7998046875,5676.7001953125,5751.14990234375,development,0.25678446776282327,,5837.922509765625,5739.00298828125,5837.922509765625,downtrend,
2007-12-20,5751.75,5799.5,5742.75,5766.5,development,0.25442276189468194,,5850.280004882812,5745.503984375,5850.280004882812,downtrend,
2007-12-24,5771.2998046875,6001.0498046875,5771.2998046875,5985.10009765625,development,0.28048905261255336,,5869.105004882813,5754.708984375,5869.105004882813,uptrend,
2007-12-26,5988.4501953125,6085.25,5988.4501953125,6070.75,development,0.2750485299700188,,5886.0574951171875,5767.558984375,5886.0574951171875,uptrend,
2007-12-27,6069.0,6110.85009765625,6060.2001953125,6081.5,development,0.2731105092357984,,5905.225,5775.780986328125,5905.225,uptrend,
2007-12-28,6079.5498046875,6098.60009765625,6021.89990234375,6079.7001953125,development,0.26563101318789406,,5928.33251953125,5784.013994140625,5928.33251953125,uptrend,
2007-12-31,6095.0,6167.75,6095.0,6138.60009765625,development,0.2663279167684655,,5953.53251953125,5795.6,5953.53251953125,uptrend,
2008-01-01,6136.75,6165.35009765625,6109.85009765625,6144.35009765625,development,0.25754070566297366,,5972.612524414062,5811.467001953125,5972.612524414062,uptrend,
2008-01-02,6144.7001953125,6197.0,6060.85009765625,6179.39990234375,development,0.2520966815258895,,5988.33251953125,5830.74900390625,5988.33251953125,uptrend,
2008-01-03,6184.25,6230.14990234375,6126.39990234375,6178.5498046875,development,0.25191864575883166,,6004.342504882812,5850.64,6004.342504882812,uptrend,
2008-01-04,6179.10009765625,6300.0498046875,6179.10009765625,6274.2998046875,development,0.25289348041645604,,6021.0574951171875,5866.6519921875,6021.0574951171875,uptrend,
2008-01-07,6271.0,6289.7998046875,6193.35009765625,6279.10009765625,development,0.2530010589754793,,6037.277490234375,5882.31099609375,6037.277490234375,uptrend,
2008-01-08,6282.4501953125,6357.10009765625,6221.60009765625,6287.85009765625,development,0.25303958785760305,,6052.955004882812,5896.688994140625,6052.955004882812,uptrend,
2008-01-09,6287.5498046875,6338.2998046875,6231.25,6272.0,development,0.25310023736754456,,6068.525,5908.082998046875,6068.525,uptrend,
2008-01-10,6278.10009765625,6347.0,6142.89990234375,6156.9501953125,development,0.251686556959868,,6071.510009765625,5913.10400390625,6071.510009765625,uptrend,
2008-01-11,6166.64990234375,6224.2001953125,6112.5498046875,6200.10009765625,development,0.25033650123749773,,6073.550024414062,5919.731005859375,6073.550024414062,uptrend,
2008-01-14,6208.7998046875,6244.14990234375,6172.0,6206.7998046875,development,0.24226313054905466,,6080.985009765625,5925.85400390625,6080.985009765625,uptrend,
2008-01-15,6226.35009765625,6260.4501953125,6053.2998046875,6074.25,development,0.25521642093458297,,6082.3125,5930.01,6082.3125,downtrend,
2008-01-16,6065.0,6065.0,5825.75,5935.75,development,0.21198648645547644,,6090.25,5930.077001953125,6090.25,downtrend,
2008-01-17,5937.9501953125,6013.14990234375,5880.2998046875,5913.2001953125,development,0.21110084020864067,,6098.79501953125,5931.395009765625,6098.79501953125,downtrend,
2008-01-18,5907.75,5908.75,5677.0,5705.2998046875,development,0.24808031805799946,,6096.502514648438,5929.771005859375,6096.502514648438,downtrend,
2008-01-21,5705.0,5705.0,4977.10009765625,5208.7998046875,development,0.3948211335081815,,6068.617504882813,5918.3,6068.617504882813,downtrend,
2008-01-22,5203.35009765625,5203.35009765625,4448.5,4899.2998046875,development,0.4062722679539669,,6014.327490234375,5902.31099609375,6014.327490234375,downtrend,
2008-01-23,4903.0498046875,5328.0498046875,4891.60009765625,5203.39990234375,development,0.47342765079160787,,5970.959985351563,5894.0369921875,5970.959985351563,downtrend,
2008-01-24,5208.0,5357.2001953125,4995.7998046875,5033.4501953125,development,0.48045334482526025,,5918.5574951171875,5880.797998046875,5918.5574951171875,downtrend,
2008-01-25,5035.0498046875,5399.25,5035.0498046875,5383.35009765625,development,0.5552499730723686,,5883.739990234375,5869.707001953125,5883.739990234375,downtrend,
2008-01-28,5380.9501953125,5380.9501953125,5071.0,5274.10009765625,development,0.554587409854174,,5840.514990234375,5856.947001953125,5840.514990234375,downtrend,
2008-01-29,5279.5498046875,5391.60009765625,5225.25,5280.7998046875,development,0.5546518101007385,,5797.337475585938,5844.42599609375,5797.337475585938,downtrend,
2008-01-30,5283.75,5314.2998046875,5142.25,5167.60009765625,development,0.5547990029312337,,5746.747485351562,5829.625,5746.747485351562,downtrend,
2008-01-31,5172.25,5251.64990234375,5071.14990234375,5137.4501953125,development,0.5540530023546613,,5694.6925048828125,5816.756005859375,5694.6925048828125,downtrend,
2008-02-01,5140.60009765625,5339.9501953125,5090.75,5317.25,development,0.5694141531305018,,5646.840014648437,5811.880009765625,5646.840014648437,downtrend,
2008-02-04,5315.5498046875,5545.2001953125,5315.5498046875,5463.5,development,0.582404025948087,,5606.060009765625,5810.7630078125,5606.060009765625,downtrend,
2008-02-05,5463.75,5500.60009765625,5412.9501953125,5483.89990234375,development,0.5828726112229269,,5565.8625,5808.26900390625,5565.8625,downtrend,
2008-02-06,5470.39990234375,5470.39990234375,5257.0498046875,5322.5498046875,development,0.5884323751183931,,5518.389990234375,5800.08599609375,5518.389990234375,downtrend,
2008-02-07,5322.5498046875,5344.60009765625,5113.85009765625,5133.25,development,0.5957643744889749,,5467.20498046875,5788.787998046875,5467.20498046875,downtrend,
2008-02-08,5132.10009765625,5173.85009765625,5034.25,5120.35009765625,development,0.5934568268432759,,5413.21748046875,5778.84400390625,5413.21748046875,downtrend,
2008-02-11,5120.5498046875,5126.39990234375,4803.60009765625,4857.0,development,0.6108156030457508,,5345.727490234375,5763.292001953125,5345.727490234375,downtrend,
2008-02-12,4877.85009765625,4949.60009765625,4820.4501953125,4838.25,development,0.6102211154389399,,5283.927490234375,5744.802001953125,5283.927490234375,downtrend,
2008-02-13,4836.5498046875,4986.5498046875,4836.5498046875,4929.4501953125,development,0.6170535477483925,,5233.6125,5726.091005859375,5233.6125,downtrend,
2008-02-14,4944.64990234375,5220.25,4944.64990234375,5202.0,development,0.6573843435956213,,5198.052490234375,5712.96400390625,5198.052490234375,uptrend,
2008-02-15,5202.85009765625,5315.39990234375,5104.75,5302.89990234375,development,0.6533261743761507,,5177.9324951171875,5700.222001953125,5177.9324951171875,uptrend,
2008-02-18,5304.4501953125,5348.60009765625,5224.0,5276.89990234375,development,0.573085444238507,,5181.3375,5686.66599609375,5181.3375,uptrend,
2008-02-19,5278.39990234375,5368.4501953125,5262.0,5280.7998046875,development,0.5264883595768131,,5200.4125,5672.79599609375,5200.4125,uptrend,
2008-02-20,5267.14990234375,5267.14990234375,5116.2998046875,5154.4501953125,development,0.4883903292576564,,5197.965014648437,5656.672998046875,5197.965014648437,downtrend,
2008-02-21,5156.89990234375,5241.35009765625,5120.0498046875,5191.7998046875,development,0.4733349318252406,,5205.882495117187,5638.563994140625,5205.882495117187,downtrend,
2008-02-22,5183.39990234375,5184.0,5092.7998046875,5110.75,development,0.403514927878314,,5192.252490234375,5617.592998046875,5192.252490234375,downtrend,
2008-02-25,5112.25,5212.35009765625,5055.14990234375,5200.7001953125,development,0.40350773300719933,,5188.582495117187,5600.445,5188.582495117187,uptrend,
2008-02-26,5200.7998046875,5281.2001953125,5200.7998046875,5270.0498046875,development,0.4064295231499798,,5188.044995117188,5584.8919921875,5188.044995117188,uptrend,
2008-02-27,5271.39990234375,5368.14990234375,5249.75,5268.39990234375,development,0.39834473191248365,,5193.084985351563,5574.719990234375,5193.084985351563,uptrend,
2008-02-28,5266.35009765625,5302.85009765625,5227.14990234375,5285.10009765625,development,0.3974975008941846,,5200.46748046875,5565.57599609375,5200.46748046875,uptrend,
2008-02-29,5285.0,5290.7998046875,5098.35009765625,5223.5,development,0.37979024727183325,,5195.77998046875,5555.022998046875,5195.77998046875,uptrend,
2008-03-03,5222.7998046875,5222.7998046875,4936.0498046875,4953.0,development,0.4053493340187628,,5170.25498046875,5538.752998046875,5170.25498046875,downtrend,
2008-03-04,4958.5498046875,4976.7001953125,4812.9501953125,4864.25,development,0.4067423450601275,,5139.272485351563,5516.33599609375,5139.272485351563,downtrend,
2008-03-05,4866.85009765625,4936.75,4847.25,4921.39990234375,development,0.4010612716089404,,5119.214990234375,5493.348994140625,5119.214990234375,downtrend,
2008-03-07,4918.2998046875,4918.2998046875,4672.25,4771.60009765625,development,0.39602351635280514,,5101.132495117187,5467.15099609375,5101.132495117187,downtrend,
2008-03-10,4767.7998046875,4814.9501953125,4620.5,4800.39990234375,development,0.3974229734446944,,5085.134985351562,5441.564990234375,5085.134985351562,downtrend,
2008-03-11,4796.2998046875,4888.5,4732.85009765625,4865.89990234375,development,0.3571622419300297,,5085.57998046875,5416.110986328125,5085.57998046875,downtrend,
2008-03-12,4869.75,5019.2001953125,4854.75,4872.0,development,0.356827190280752,,5087.26748046875,5390.663984375,5087.26748046875,downtrend,
2008-03-13,4868.7001953125,4868.7998046875,4580.14990234375,4623.60009765625,development,0.39363104366601664,,5071.9749755859375,5359.54798828125,5071.9749755859375,downtrend,
2008-03-14,4623.7998046875,4758.9501953125,4607.5498046875,4745.7998046875,development,0.3476911677740101,,5049.164965820312,5330.89298828125,5049.164965820312,downtrend,
2008-03-17,4745.4501953125,4745.4501953125,4482.10009765625,4503.10009765625,development,0.3730329129064411,,5009.174975585937,5295.468994140625,5009.174975585937,downtrend,
2008-03-18,4519.89990234375,4617.9501953125,4468.5498046875,4533.0,development,0.37648629914765863,,4971.97998046875,5260.5469921875,4971.97998046875,downtrend,
2008-03-19,4534.75,4718.39990234375,4533.89990234375,4573.9501953125,development,0.3799696187646722,,4936.6375,5226.268994140625,4936.6375,downtrend,
2008-03-24,4576.7998046875,4649.4501953125,4539.7998046875,4609.85009765625,development,0.37779916874636144,,4909.407495117188,5193.02599609375,4909.407495117188,downtrend,
2008-03-25,4616.7998046875,4896.7998046875,4616.7998046875,4877.5,development,0.43837012727391783,,4893.6925048828125,5167.4369921875,4893.6925048828125,downtrend,
2008-03-26,4878.7001953125,4912.2998046875,4808.64990234375,4828.85009765625,development,0.43663031308078804,,4879.597509765625,5140.0119921875,4879.597509765625,downtrend,
2008-03-27,4828.7998046875,4863.75,4769.60009765625,4830.25,development,0.4303551414879221,,4861.075,5112.48099609375,4861.075,downtrend,
2008-03-28,4830.0,4970.7998046875,4796.35009765625,4942.0,development,0.4367492005003937,,4844.672509765625,5089.83599609375,4844.672509765625,uptrend,
2008-03-31,4942.14990234375,4947.0,4703.85009765625,4734.5,development,0.45807480862899486,,4817.977514648437,5065.81099609375,4817.977514648437,downtrend,
2008-04-01,4735.64990234375,4800.75,4628.75,4739.5498046875,development,0.45764219353899577,,4790.7,5042.33798828125,4790.7,downtrend,
2008-04-02,4741.39990234375,4916.75,4741.39990234375,4754.2001953125,development,0.45780627842072963,,4767.235009765625,5023.31599609375,4767.235009765625,downtrend,
2008-04-03,4753.89990234375,4833.25,4738.2001953125,4771.60009765625,development,0.42246688341800537,,4758.165014648437,5014.572001953125,4758.165014648437,uptrend,
2008-04-04,4766.7001953125,4791.7001953125,4632.7001953125,4647.0,development,0.42765370176481254,,4747.302514648438,5009.526005859375,4747.302514648438,downtrend,
2008-04-07,4631.35009765625,4798.5498046875,4628.7998046875,4761.2001953125,development,0.4354493724025308,,4739.292529296875,5000.68201171875,4739.292529296875,uptrend,
2008-04-08,4760.64990234375,4769.5498046875,4677.7998046875,4709.64990234375,development,0.423439001710103,,4736.19501953125,4994.206005859375,4736.19501953125,downtrend,
2008-04-09,4707.0498046875,4758.25,4667.5,4747.0498046875,development,0.4238717163469421,,4733.527514648437,4981.48,4733.527514648437,uptrend,
2008-04-10,4747.5498046875,4799.5,4720.89990234375,4733.0,development,0.4207556626113161,,4726.88251953125,4970.657998046875,4726.88251953125,uptrend,
2008-04-11,4734.35009765625,4817.39990234375,4727.25,4777.7998046875,development,0.42235809404632557,,4722.172509765625,4960.597998046875,4722.172509765625,uptrend,
2008-04-15,4779.9501953125,4917.10009765625,4708.2998046875,4879.64990234375,development,0.38430706561263855,,4734.975,4954.838994140625,4734.975,uptrend,
2008-04-16,4881.64990234375,4951.39990234375,4874.0498046875,4887.2998046875,development,0.3741841260177135,,4742.05,4949.835986328125,4742.05,uptrend,
2008-04-17,4890.60009765625,4984.9501953125,4889.64990234375,4958.39990234375,development,0.31976545437021536,,4764.814990234375,4942.658984375,4764.814990234375,uptrend,
2008-04-21,4955.89990234375,5053.39990234375,4955.89990234375,5037.0,development,0.32204858354125254,,4790.014990234375,4934.128984375,4790.014990234375,uptrend,
2008-04-22,5037.0498046875,5074.25,4994.0498046875,5049.2998046875,development,0.3219337071492957,,4813.782470703125,4925.436982421875,4813.782470703125,uptrend,
2008-04-23,5044.35009765625,5083.5,5003.5498046875,5022.7998046875,development,0.32382867282066014,,4834.429956054688,4919.441982421875,4834.429956054688,uptrend,
2008-04-24,5022.89990234375,5072.7001953125,4991.35009765625,4999.85009765625,development,0.2555352814727391,,4840.5474609375,4916.773984375,4840.5474609375,uptrend,
2008-04-25,4999.14990234375,5117.7001953125,4999.14990234375,5111.7001953125,development,0.2622069442454594,,4854.689965820313,4916.600986328125,4854.689965820313,uptrend,
2008-04-28,5112.5,5147.4501953125,5079.14990234375,5089.64990234375,development,0.26334032841809746,,4867.6599609375,4921.253984375,4867.6599609375,uptrend,
2008-04-29,5092.39990234375,5210.89990234375,5082.14990234375,5195.5,development,0.261060562793664,,4880.3349609375,4928.398984375,4880.3349609375,uptrend,
2008-04-30,5198.35009765625,5230.75,5155.85009765625,5165.89990234375,development,0.20443240176409377,,4901.904956054687,4933.127978515625,4901.904956054687,uptrend,
2008-05-02,5265.2998046875,5298.85009765625,5197.60009765625,5228.2001953125,development,0.2057406421523207,,4926.337475585938,4933.651982421875,4926.337475585938,uptrend,
2008-05-05,5227.25,5254.5,5182.60009765625,5192.25,development,0.20996464334317916,,4948.239965820312,4931.438984375,4948.239965820312,uptrend,
2008-05-06,5192.35009765625,5206.5,5110.89990234375,5144.64990234375,development,0.21550895230186654,,4966.8924560546875,4928.793984375,4966.8924560546875,uptrend,
2008-05-07,5156.7001953125,5159.0498046875,5101.25,5135.5,development,0.1859004832193027,,4991.317456054688,4925.88798828125,4991.317456054688,uptrend,
2008-05-08,5135.7998046875,5143.0498046875,5062.4501953125,5081.7001953125,development,0.17862909470768842,,5007.342456054687,4924.43298828125,5007.342456054687,uptrend,
2008-05-09,5070.85009765625,5087.64990234375,4969.39990234375,4982.60009765625,development,0.19003192935471558,,5020.989965820312,4920.248994140625,5020.989965820312,downtrend,
2008-05-12,4981.0,5021.75,4913.7998046875,5012.64990234375,development,0.1894784988988806,,5034.269970703125,4918.2869921875,5034.269970703125,downtrend,
2008-05-13,5008.60009765625,5066.0,4943.75,4957.7998046875,development,0.19473873155916277,,5045.5099609375,4913.428984375,5045.5099609375,downtrend,
2008-05-14,4958.4501953125,5026.10009765625,4932.0498046875,5011.75,development,0.19548440362447833,,5057.207470703125,4908.26298828125,5057.207470703125,downtrend,
2008-05-15,5010.89990234375,5118.5498046875,4999.60009765625,5115.25,development,0.19464514692790394,,5068.987475585937,4905.199990234375,5068.987475585937,uptrend,
2008-05-16,5115.64990234375,5167.39990234375,5106.39990234375,5157.7001953125,development,0.19571244497161994,,5082.507495117187,4902.6519921875,5082.507495117187,uptrend,
2008-05-20,5157.0,5160.0498046875,5072.39990234375,5104.9501953125,development,0.19569309035661733,,5089.835009765625,4900.28099609375,5089.835009765625,uptrend,
2008-05-21,5105.7001953125,5135.5498046875,5048.7001953125,5117.64990234375,development,0.18833156088371786,,5093.867504882813,4903.573994140625,5093.867504882813,uptrend,
2008-05-22,5117.0,5118.89990234375,5010.7001953125,5025.4501953125,development,0.19971072301622228,,5092.675024414062,4906.797998046875,5092.675024414062,downtrend,
2008-05-23,5026.5498046875,5059.0498046875,4940.7001953125,4946.5498046875,development,0.2065697466627766,,5088.862524414062,4907.30099609375,5088.862524414062,downtrend,
2008-05-26,4953.60009765625,4953.60009765625,4858.0,4875.0498046875,development,0.2119457997072033,,5082.622509765625,4909.369990234375,5082.622509765625,downtrend,
2008-05-27,4877.14990234375,4932.0,4846.2001953125,4859.7998046875,development,0.19283385494024405,,5070.027490234375,4910.55798828125,5070.027490234375,downtrend,
2008-05-28,4862.7001953125,4926.89990234375,4835.64990234375,4918.35009765625,development,0.1993755630364094,,5061.4625,4911.6069921875,5061.4625,downtrend,
2008-05-29,4926.2998046875,4957.39990234375,4801.89990234375,4835.2998046875,development,0.18766791647676873,,5043.452490234375,4910.87298828125,5043.452490234375,downtrend,
2008-05-30,4844.0498046875,4908.85009765625,4833.4501953125,4870.10009765625,development,0.19123115930773416,,5028.6625,4915.80298828125,5028.6625,downtrend,
2008-06-02,4869.25,4908.7998046875,4713.0,4739.60009765625,development,0.20049765184770935,,5004.232495117188,4915.678994140625,5004.232495117188,downtrend,
2008-06-03,4739.2998046875,4739.2998046875,4634.0,4715.89990234375,development,0.20035273231223877,,4980.414990234375,4919.934990234375,4980.414990234375,downtrend,
2008-06-04,4718.7001953125,4731.5,4564.5,4585.60009765625,development,0.21589867120797943,,4952.4625,4920.9869921875,4952.4625,downtrend,
2008-06-05,4586.9501953125,4690.60009765625,4536.25,4676.9501953125,development,0.2340341872042578,,4929.535009765625,4923.0469921875,4929.535009765625,downtrend,
2008-06-06,4680.5498046875,4746.2998046875,4614.25,4627.7998046875,development,0.23404527942904818,,4906.839990234375,4923.405986328125,4906.839990234375,downtrend,
2008-06-09,4626.4501953125,4626.4501953125,4411.60009765625,4500.9501953125,development,0.24227919414345886,,4882.757495117187,4915.874990234375,4882.757495117187,downtrend,
2008-06-10,4522.0,4522.5498046875,4369.7998046875,4449.7998046875,development,0.23966792705410392,,4854.614990234375,4908.293984375,4854.614990234375,downtrend,
2008-06-11,4469.64990234375,4541.0498046875,4468.0498046875,4523.60009765625,development,0.2515048092573748,,4832.905004882812,4902.160986328125,4832.905004882812,downtrend,
2008-06-12,4524.39990234375,4550.0,4392.0,4539.35009765625,development,0.24684922802045142,,4809.285009765625,4894.10798828125,4809.285009765625,downtrend,
2008-06-13,4539.5,4563.35009765625,4491.35009765625,4517.10009765625,development,0.2278042756198474,,4779.377514648438,4889.759990234375,4779.377514648438,downtrend,
2008-06-16,4536.2998046875,4617.7001953125,4536.2998046875,4572.5,development,0.2315332963714688,,4750.117504882813,4886.418994140625,4750.117504882813,downtrend,
2008-06-17,4572.5,4664.0498046875,4561.75,4653.0,development,0.24530564319441697,,4727.519995117187,4884.394990234375,4727.519995117187,downtrend,
2008-06-18,4652.7998046875,4679.75,4569.89990234375,4582.39990234375,development,0.246630136564134,,4700.757495117187,4880.610986328125,4700.757495117187,downtrend,
2008-06-19,4582.5498046875,4585.7001953125,4488.9501953125,4504.25,development,0.24600016228390234,,4674.697485351562,4877.755986328125,4674.697485351562,downtrend,
2008-06-20,4504.2001953125,4532.0,4333.60009765625,4347.5498046875,development,0.26523742960549757,,4644.747485351562,4869.482978515625,4644.747485351562,downtrend,
2008-06-23,4351.14990234375,4351.14990234375,4225.5,4266.39990234375,development,0.2673673122318977,,4614.314990234375,4860.617978515625,4614.314990234375,downtrend,
2008-06-24,4271.0498046875,4305.89990234375,4156.10009765625,4191.10009765625,development,0.26988784192642246,,4580.8800048828125,4849.498984375,4580.8800048828125,downtrend,
2008-06-25,4189.60009765625,4264.5498046875,4093.199951171875,4252.64990234375,development,0.27253723725997986,,4547.594995117188,4839.891982421875,4547.594995117188,downtrend,
2008-06-26,4252.60009765625,4324.75,4230.0,4315.85009765625,development,0.28060407455512815,,4521.622509765625,4830.65298828125,4521.622509765625,downtrend,
2008-06-27,4315.2998046875,4315.2998046875,4119.2001953125,4136.64990234375,development,0.303667272201603,,4484.95,4815.79298828125,4484.95,downtrend,
2008-06-30,4136.25,4163.0,4021.699951171875,4040.550048828125,development,0.3009851946552424,,4449.997497558594,4798.8579931640625,4449.997497558594,downtrend,
2008-07-01,4039.75,4075.39990234375,3878.199951171875,3896.75,development,0.3164339749369586,,4409.040002441407,4777.624995117188,4409.040002441407,downtrend,
2008-07-02,3895.300048828125,4107.14990234375,3848.25,4093.35009765625,development,0.3728187196254867,,4384.427502441406,4758.751997070312,4384.427502441406,downtrend,
2008-07-03,4094.60009765625,4097.35009765625,3874.85009765625,3925.75,development,0.38051271152024035,,4346.867492675781,4736.281000976563,4346.867492675781,downtrend,
2008-07-04,3926.64990234375,4033.5,3896.39990234375,4016.0,development,0.3963499763896956,,4316.277502441406,4716.145004882813,4316.277502441406,downtrend,
2008-07-07,4002.0,4114.5,4002.0,4030.0,development,0.3901329128532412,,4292.729992675781,4696.748002929688,4292.729992675781,downtrend,
2008-07-08,4028.699951171875,4028.699951171875,3896.050048828125,3988.550048828125,development,0.389926402875045,,4269.667504882813,4674.285,4269.667504882813,downtrend,
2008-07-09,3990.89990234375,4169.39990234375,3990.89990234375,4157.10009765625,development,0.4185247956910448,,4251.342504882812,4655.63400390625,4251.342504882812,downtrend,
2008-07-10,4155.64990234375,4187.9501953125,4110.39990234375,4162.2001953125,development,0.41807460240353644,,4232.485009765625,4634.9680078125,4232.485009765625,downtrend,
2008-07-11,4166.0,4215.5,4014.449951171875,4049.0,development,0.42612639596086743,,4209.080004882812,4612.630009765625,4209.080004882812,downtrend,
2008-07-14,4047.449951171875,4118.10009765625,4004.25,4039.699951171875,development,0.42135839389384633,,4182.440002441406,4588.860004882812,4182.440002441406,downtrend,
2008-07-15,4039.300048828125,4040.699951171875,3835.5,3861.10009765625,development,0.4327165443014859,,4142.845007324218,4562.237006835938,4142.845007324218,downtrend,
2008-07-16,3861.550048828125,3920.050048828125,3790.199951171875,3816.699951171875,development,0.43221003765683264,,4104.560009765625,4535.6780078125,4104.560009765625,downtrend,
2008-07-17,3823.14990234375,3968.75,3823.14990234375,3947.199951171875,development,0.45673284217507965,,4076.7075073242186,4511.912006835937,4076.7075073242186,downtrend,
2008-07-18,3962.949951171875,4110.5498046875,3926.300048828125,4092.25,development,0.4677697742002617,,4063.942517089844,4492.123002929688,4063.942517089844,uptrend,
2008-07-21,4092.199951171875,4168.14990234375,4072.75,4159.5,development,0.4683824571988309,,4058.597521972656,4475.661000976563,4058.597521972656,uptrend,
2008-07-22,4158.4501953125,4262.4501953125,4137.9501953125,4240.10009765625,development,0.4692130644591646,,4061.0475219726563,4460.210004882812,4061.0475219726563,uptrend,
2008-07-23,4246.7001953125,4491.5498046875,4246.7001953125,4476.7998046875,development,0.5063820646166688,,4072.255017089844,4450.5900048828125,4072.255017089844,uptrend,
2008-07-24,4476.2001953125,4539.4501953125,4385.85009765625,4433.5498046875,development,0.5062795015224971,,4078.140002441406,4439.0260009765625,4078.140002441406,uptrend,
2008-07-25,4440.85009765625,4440.85009765625,4297.14990234375,4311.85009765625,development,0.49257794971649477,,4086.900012207031,4422.958002929688,4086.900012207031,uptrend,
2008-07-28,4282.25,4352.64990234375,4282.25,4332.10009765625,development,0.48308923211366733,,4101.477514648437,4406.446000976563,4101.477514648437,uptrend,
2008-07-29,4332.2001953125,4332.2001953125,4159.14990234375,4189.85009765625,development,0.48019262729175066,,4116.13251953125,4388.143999023438,4116.13251953125,uptrend,
2008-07-30,4191.2001953125,4327.0,4191.2001953125,4313.5498046875,development,0.45864096207068256,,4127.142504882812,4372.061997070313,4127.142504882812,uptrend,
2008-07-31,4314.35009765625,4342.0,4285.5498046875,4332.9501953125,development,0.428224980479257,,4147.502514648438,4358.2119970703125,4147.502514648438,uptrend,
2008-08-01,4331.60009765625,4422.9501953125,4235.7001953125,4413.5498046875,development,0.42609775826511587,,4167.3800048828125,4347.551997070313,4167.3800048828125,uptrend,
2008-08-04,4426.10009765625,4436.14990234375,4362.89990234375,4395.35009765625,development,0.4273276695470415,,4185.647509765625,4337.958002929688,4185.647509765625,uptrend,
2008-08-05,4395.7998046875,4515.14990234375,4376.0,4502.85009765625,development,0.42897076676480245,,4211.362512207032,4330.8190087890625,4211.362512207032,uptrend,
2008-08-06,4506.25,4615.89990234375,4503.89990234375,4517.5498046875,development,0.40756940846367856,,4229.384997558594,4322.803002929688,4229.384997558594,uptrend,
2008-08-07,4515.25,4580.14990234375,4493.7001953125,4523.85009765625,development,0.4075520895657907,,4247.467492675782,4316.574008789063,4247.467492675782,uptrend,
2008-08-08,4518.35009765625,4546.35009765625,4464.0,4529.5,development,0.39036726995691207,,4271.492492675781,4309.762006835937,4271.492492675781,uptrend,
2008-08-11,4529.35009765625,4625.2001953125,4529.35009765625,4620.39990234375,development,0.3922000463550362,,4300.527490234375,4307.378002929688,4300.527490234375,uptrend,
2008-08-12,4620.9501953125,4649.85009765625,4525.75,4552.25,development,0.3531491896968631,,4335.084985351563,4304.105004882813,4335.084985351563,uptrend,
2008-08-13,4548.0498046875,4572.64990234375,4497.25,4529.0498046875,development,0.3490473308286906,,4370.702478027344,4302.9739990234375,4370.702478027344,uptrend,
2008-08-14,4524.2001953125,4529.7998046875,4421.25,4430.7001953125,development,0.3515548295281888,,4394.877490234375,4298.048999023437,4394.877490234375,uptrend,
2008-08-18,4430.7001953125,4447.39990234375,4379.85009765625,4393.0498046875,development,0.3354280139943548,,4409.91748046875,4293.353999023438,4409.91748046875,downtrend,
2008-08-19,4393.10009765625,4393.7001953125,4316.5498046875,4368.25,development,0.33351662602631194,,4420.35498046875,4290.699995117187,4420.35498046875,downtrend,
2008-08-20,4365.4501953125,4434.89990234375,4365.4501953125,4415.75,development,0.32920108271822157,,4429.137475585938,4290.018999023438,4429.137475585938,downtrend,
2008-08-21,4416.2001953125,4418.5498046875,4271.2998046875,4283.85009765625,development,0.28121660006403254,,4419.489990234375,4285.2239990234375,4419.489990234375,downtrend,
2008-08-22,4283.85009765625,4337.0,4248.0,4327.4501953125,development,0.2829082088212126,,4414.185009765625,4280.9860009765625,4414.185009765625,downtrend,
2008-08-25,4317.9501953125,4398.7998046875,4317.9501953125,4335.35009765625,development,0.2652199768082222,,4415.360009765625,4277.351000976562,4415.360009765625,downtrend,
2008-08-26,4335.2001953125,4345.0498046875,4283.2998046875,4337.5,development,0.26473717405363345,,4415.6300048828125,4272.6510009765625,4415.6300048828125,downtrend,
2008-08-27,4336.85009765625,4364.25,4282.64990234375,4292.10009765625,development,0.23830818092029143,,4420.742504882813,4265.433002929687,4420.742504882813,downtrend,
2008-08-28,4290.75,4304.5,4201.85009765625,4214.0,development,0.2231001915443628,,4415.7650146484375,4258.065004882813,4415.7650146484375,downtrend,
2008-08-29,4230.60009765625,4368.7998046875,4230.60009765625,4360.0,development,0.256283630343743,,4417.117504882813,4255.180004882813,4417.117504882813,downtrend,
2008-09-01,4356.10009765625,4365.0,4281.35009765625,4348.64990234375,development,0.24724121330095608,,4413.872509765625,4255.202006835938,4413.872509765625,downtrend,
2008-09-02,4358.85009765625,4522.39990234375,4343.10009765625,4504.0,development,0.2782753782930158,,4419.305004882813,4259.954008789063,4419.305004882813,uptrend,
2008-09-04,4512.9501953125,4514.60009765625,4419.4501953125,4447.75,development,0.26834022395940393,,4416.55,4265.087006835937,4416.55,uptrend,
2008-09-05,4444.7001953125,4444.7001953125,4328.89990234375,4352.2998046875,development,0.27794401641743566,,4408.2875,4267.080004882812,4408.2875,downtrend,
2008-09-08,4358.2998046875,4558.0,4358.2998046875,4482.2998046875,development,0.29969839197268533,,4406.209985351563,4270.408999023438,4406.209985351563,uptrend,
2008-09-09,4485.14990234375,4497.5,4418.9501953125,4468.7001953125,development,0.2997917252086898,,4403.169995117188,4277.050004882813,4403.169995117188,uptrend,
2008-09-10,4467.5,4467.5,4382.35009765625,4400.25,development,0.2938349302857663,,4392.1625,4284.24400390625,4392.1625,uptrend,
2008-09-11,4397.25,4399.2998046875,4272.75,4290.2998046875,development,0.30173963226436107,,4379.064990234375,4292.115,4379.064990234375,downtrend,
2008-09-12,4291.60009765625,4323.89990234375,4200.14990234375,4228.4501953125,development,0.30448613536239527,,4364.035009765625,4294.817001953125,4364.035009765625,downtrend,
2008-09-15,4231.9501953125,4237.25,3955.39990234375,4072.89990234375,development,0.32086486940515185,,4346.144995117187,4297.76,4346.144995117187,downtrend,
2008-09-16,4072.550048828125,4090.10009765625,3919.35009765625,4074.89990234375,development,0.32078307913297177,,4330.2375,4298.937998046875,4330.2375,downtrend,
2008-09-17,4074.800048828125,4116.7001953125,3974.60009765625,4008.25,development,0.3239447740107238,,4312.2375,4298.502998046875,4312.2375,downtrend,
2008-09-18,4005.25,4050.10009765625,3799.550048828125,4038.14990234375,development,0.3220736928586799,,4293.357495117188,4299.4949951171875,4293.357495117188,downtrend,
2008-09-19,4040.800048828125,4262.64990234375,4040.800048828125,4245.25,development,0.3627618101110298,,4291.427490234375,4301.257993164062,4291.427490234375,downtrend,
2008-09-22,4248.9501953125,4303.25,4202.39990234375,4223.0498046875,development,0.3610304057599255,medium,4286.207470703125,4302.474985351562,4286.207470703125,downtrend,downtrend_medium
2008-09-23,4223.89990234375,4224.7001953125,4117.89990234375,4126.89990234375,development,0.36896532577209473,medium,4275.7849609375,4304.032983398438,4275.7849609375,downtrend,downtrend_medium
2008-09-24,4125.75,4207.9501953125,4115.85009765625,4161.25,development,0.37076762612130526,medium,4266.9724609375,4306.463984375,4266.9724609375,downtrend,downtrend_medium
2008-09-25,4162.14990234375,4172.60009765625,4077.5,4110.5498046875,development,0.37134865003151474,medium,4257.894946289062,4311.452978515625,4257.894946289062,downtrend,downtrend_medium
2008-09-26,4108.75,4110.7001953125,3970.35009765625,3985.25,development,0.38093626996883245,medium,4246.457446289062,4314.823979492187,4246.457446289062,downtrend,downtrend_medium
2008-09-29,3990.199951171875,3997.550048828125,3777.300048828125,3850.050048828125,development,0.36981375490140245,medium,4220.959948730469,4312.8809814453125,4220.959948730469,downtrend,downtrend_medium
2008-09-30,3848.699951171875,3966.85009765625,3715.050048828125,3921.199951171875,development,0.3797784056927806,medium,4199.587451171875,4309.45998046875,4199.587451171875,downtrend,downtrend_medium
2008-10-01,3921.85009765625,4000.5,3861.25,3950.75,development,0.35195915099699326,medium,4171.924951171875,4305.28498046875,4171.924951171875,downtrend,downtrend_medium
2008-10-03,3953.550048828125,3969.550048828125,3804.85009765625,3818.300048828125,development,0.3645612226818907,medium,4140.452453613281,4296.848979492188,4140.452453613281,downtrend,downtrend_medium
2008-10-06,3817.300048828125,3820.85009765625,3581.60009765625,3602.35009765625,development,0.4019452481170584,high,4102.954968261719,4279.3599853515625,4102.954968261719,downtrend,downtrend_high
2008-10-07,3606.949951171875,3732.64990234375,3537.0,3606.60009765625,development,0.377186362896555,medium,4059.1699829101562,4262.820991210938,4059.1699829101562,downtrend,downtrend_medium
2008-10-08,3604.39990234375,3604.39990234375,3329.449951171875,3513.64990234375,development,0.37981101525351757,medium,4011.4174682617186,4246.856987304687,4011.4174682617186,downtrend,downtrend_medium
2008-10-10,3502.050048828125,3502.050048828125,3198.949951171875,3279.949951171875,development,0.42687533345048695,high,3955.4024658203125,4225.813984375,3955.4024658203125,downtrend,downtrend_high
2008-10-13,3272.89990234375,3510.199951171875,3272.89990234375,3490.699951171875,development,0.5070711740062573,high,3915.422473144531,4211.830981445312,3915.422473144531,downtrend,downtrend_high
2008-10-14,3494.10009765625,3648.25,3491.5,3518.64990234375,development,0.510583935993368,high,3879.9324584960937,4195.9329833984375,3879.9324584960937,downtrend,downtrend_high
2008-10-15,3517.89990234375,3518.5,3324.550048828125,3338.39990234375,development,0.5235452319763074,high,3843.2074584960938,4176.041977539063,3843.2074584960938,downtrend,downtrend_high
2008-10-16,3333.85009765625,3333.85009765625,3099.89990234375,3269.300048828125,development,0.5236514694675237,high,3802.9274658203126,4153.156982421875,3802.9274658203126,downtrend,downtrend_high
2008-10-17,3269.050048828125,3335.949951171875,3046.60009765625,3074.35009765625,development,0.5519083283845432,high,3756.232470703125,4126.736982421875,3756.232470703125,downtrend,downtrend_high
2008-10-20,3108.199951171875,3238.39990234375,3058.949951171875,3122.800048828125,development,0.556674956893895,high,3710.464978027344,4099.135981445313,3710.464978027344,downtrend,downtrend_high
2008-10-21,3125.39990234375,3254.85009765625,3117.35009765625,3234.89990234375,development,0.535688367130019,high,3659.947473144531,4073.4829833984377,3659.947473144531,downtrend,downtrend_high
2008-10-22,3234.699951171875,3235.75,3051.800048828125,3065.14990234375,development,0.552635670716716,high,3602.0524780273436,4044.3089794921875,3602.0524780273436,downtrend,downtrend_high
2008-10-23,3064.800048828125,3085.10009765625,2917.14990234375,2943.14990234375,development,0.5589540007626543,high,3542.8649780273436,4012.5819775390623,3542.8649780273436,downtrend,downtrend_high
2008-10-24,2936.25,2936.25,2525.050048828125,2584.0,development,0.6647114675775859,high,3464.002478027344,3971.8539794921876,3464.002478027344,downtrend,downtrend_high
2008-10-27,2583.75,2585.300048828125,2252.75,2524.199951171875,development,0.6635524190066725,high,3384.6849853515623,3931.292978515625,3384.6849853515623,downtrend,downtrend_high
2008-10-29,2685.300048828125,2781.25,2631.89990234375,2697.050048828125,development,0.7380137090424914,high,3320.2749877929687,3894.6529833984373,3320.2749877929687,downtrend,downtrend_high
2008-10-31,2696.300048828125,2921.35009765625,2696.300048828125,2885.60009765625,development,0.7983956264214838,high,3272.052490234375,3863.7509814453124,3272.052490234375,downtrend,downtrend_high
2008-11-03,2885.39990234375,3062.050048828125,2885.39990234375,3043.85009765625,development,0.8273741490481935,high,3228.1849975585938,3836.7669873046875,3228.1849975585938,downtrend,downtrend_high
2008-11-04,3050.25,3152.300048828125,2985.0,3142.10009765625,development,0.8394091588152874,high,3187.7525024414062,3812.2439892578127,3187.7525024414062,downtrend,downtrend_high
2008-11-05,3155.75,3240.550048828125,2971.0,2994.949951171875,development,0.8456529916027115,high,3146.584997558594,3783.82798828125,3146.584997558594,downtrend,downtrend_high
2008-11-06,2998.449951171875,3007.800048828125,2860.25,2892.64990234375,development,0.8331905299077833,high,3111.099987792969,3756.003984375,3111.099987792969,downtrend,downtrend_high
2008-11-07,2893.25,3010.0,2860.10009765625,2973.0,development,0.843038606021523,high,3079.4199829101562,3728.91498046875,3079.4199829101562,downtrend,downtrend_high
2008-11-10,2973.300048828125,3161.25,2973.300048828125,3148.25,development,0.8728001354213686,high,3061.1499877929687,3705.172978515625,3061.1499877929687,uptrend,uptrend_high
2008-11-11,3147.199951171875,3147.199951171875,2919.449951171875,2938.64990234375,development,0.8728615888976937,high,3044.0849853515624,3677.1959765625,3044.0849853515624,downtrend,downtrend_high
2008-11-12,2937.89990234375,2975.199951171875,2794.949951171875,2848.449951171875,development,0.8387603891890042,high,3011.9724853515627,3648.3229736328126,3011.9724853515627,downtrend,downtrend_high
2008-11-14,2848.0,2938.800048828125,2778.800048828125,2810.35009765625,development,0.8365194709914905,high,2976.5574951171875,3620.2499755859376,2976.5574951171875,downtrend,downtrend_high
2008-11-17,2813.39990234375,2835.699951171875,2694.5,2799.550048828125,development,0.8222114228711613,high,2949.6150024414064,3589.0409765625,2949.6150024414064,downtrend,downtrend_high
2008-11-18,2802.449951171875,2802.449951171875,2664.300048828125,2683.14990234375,development,0.8299712850666252,high,2920.3074951171875,3555.7309765625,2920.3074951171875,downtrend,downtrend_high
2008-11-19,2682.75,2772.39990234375,2617.89990234375,2635.0,development,0.808840377095295,high,2898.339990234375,3518.3509765625,2898.339990234375,downtrend,downtrend_high
2008-11-20,2634.199951171875,2634.199951171875,2502.89990234375,2553.14990234375,development,0.8088809974823288,high,2869.8574829101562,3480.458974609375,2869.8574829101562,downtrend,downtrend_high
2008-11-21,2553.60009765625,2718.60009765625,2539.800048828125,2693.449951171875,development,0.8254936240566699,high,2842.7849853515627,3447.2819775390626,2842.7849853515627,downtrend,downtrend_high
2008-11-24,2690.85009765625,2740.35009765625,2633.800048828125,2708.25,development,0.8093887178199681,high,2824.939990234375,3411.8009814453126,2824.939990234375,downtrend,downtrend_high
2008-11-25,2708.300048828125,2790.699951171875,2638.199951171875,2654.0,development,0.8010869399938496,high,2810.4824951171877,3375.5069775390625,2810.4824951171877,downtrend,downtrend_high
2008-11-26,2652.449951171875,2762.60009765625,2643.35009765625,2752.25,development,0.6798652752067053,high,2818.8949951171876,3342.5469775390625,2818.8949951171876,downtrend,downtrend_high
2008-11-28,2745.699951171875,2779.0,2690.300048828125,2755.10009765625,development,0.6724283347812339,high,2830.4400024414062,3311.8429833984374,2830.4400024414062,downtrend,downtrend_high
2008-12-01,2755.14990234375,2832.85009765625,2669.5,2682.89990234375,development,0.6373938007019432,high,2829.7324951171877,3280.9319775390627,2829.7324951171877,downtrend,downtrend_high
2008-12-02,2672.89990234375,2672.89990234375,2570.699951171875,2657.800048828125,development,0.5826572828430346,high,2818.342492675781,3252.62998046875,2818.342492675781,downtrend,downtrend_high
2008-12-03,2657.5,2693.64990234375,2611.949951171875,2656.449951171875,development,0.5408172041740262,high,2798.9724853515627,3224.2609814453126,2798.9724853515627,downtrend,downtrend_high
2008-12-04,2656.5,2793.800048828125,2646.35009765625,2788.0,development,0.5602178106053688,high,2781.26748046875,3199.8559814453124,2781.26748046875,uptrend,uptrend_high
2008-12-05,2786.64990234375,2821.14990234375,2701.35009765625,2714.39990234375,development,0.5446396658131629,high,2767.2399780273436,3173.3809814453125,2767.2399780273436,downtrend,downtrend_high
2008-12-08,2714.699951171875,2861.550048828125,2714.699951171875,2784.0,development,0.5425914178426364,high,2761.807482910156,3144.1559814453126,2761.807482910156,uptrend,uptrend_high
2008-12-10,2785.699951171875,2940.14990234375,2785.699951171875,2928.25,development,0.5659176900842084,high,2759.5699829101563,3118.2599853515626,2759.5699829101563,uptrend,uptrend_high
2008-12-11,2934.050048828125,2945.300048828125,2861.550048828125,2920.14990234375,development,0.5210511795499395,high,2748.1649780273438,3094.1249853515624,2748.1649780273438,uptrend,uptrend_high
2008-12-12,2915.35009765625,2936.800048828125,2812.550048828125,2921.35009765625,development,0.4642147478441741,high,2747.2999877929688,3069.3269873046875,2747.2999877929688,uptrend,uptrend_high
2008-12-15,2917.89990234375,3012.10009765625,2917.89990234375,2981.199951171875,development,0.45462623386265905,high,2753.9374877929686,3046.739990234375,2753.9374877929686,uptrend,uptrend_high
2008-12-16,2983.60009765625,3052.550048828125,2963.300048828125,3041.75,development,0.45458700047558825,high,2765.5074829101563,3027.869990234375,2765.5074829101563,uptrend,uptrend_high
2008-12-17,3040.449951171875,3076.199951171875,2943.5,2954.35009765625,development,0.46889724336361954,high,2773.2474853515623,3009.9559912109376,2773.2474853515623,uptrend,uptrend_high
2008-12-18,2955.35009765625,3072.550048828125,2922.64990234375,3060.75,development,0.45139281358233535,high,2792.127490234375,2992.7469921875,2792.127490234375,uptrend,uptrend_high
2008-12-19,3063.0,3106.800048828125,3036.300048828125,3077.5,development,0.44179070472441945,high,2814.252490234375,2975.2819921875,2814.252490234375,uptrend,uptrend_high
2008-12-22,3077.25,3110.449951171875,3027.800048828125,3039.300048828125,development,0.4244522492010872,medium,2838.5599975585938,2959.7019921875,2838.5599975585938,uptrend,uptrend_medium
2008-12-23,3039.25,3040.0,2957.050048828125,2968.64990234375,development,0.40258169102296,medium,2852.3199951171873,2947.02798828125,2852.3199951171873,uptrend,uptrend_medium
2008-12-24,2967.39990234375,2968.0,2900.449951171875,2916.85009765625,development,0.4105023405918905,medium,2862.75,2933.23298828125,2862.75,uptrend,uptrend_medium
2008-12-26,2919.85009765625,2960.949951171875,2844.800048828125,2857.25,development,0.41081695605171276,medium,2872.9125,2920.104990234375,2872.9125,downtrend,downtrend_medium
2008-12-29,2857.14990234375,2931.800048828125,2812.89990234375,2922.199951171875,development,0.39853770133421224,medium,2881.4099975585937,2912.949990234375,2881.4099975585937,uptrend,uptrend_medium
2008-12-30,2922.550048828125,2999.14990234375,2899.75,2979.5,development,0.402572739157488,medium,2892.629992675781,2902.7259912109375,2892.629992675781,uptrend,uptrend_medium
2008-12-31,2979.800048828125,3002.64990234375,2937.35009765625,2959.14990234375,development,0.3887857777698884,medium,2906.442492675781,2891.5359912109375,2906.442492675781,uptrend,uptrend_medium
2009-01-02,3034.60009765625,3079.85009765625,3021.800048828125,3046.75,development,0.3940082243167268,medium,2925.889990234375,2885.7029931640627,2925.889990234375,uptrend,uptrend_medium
2009-01-05,3058.75,3131.949951171875,3056.449951171875,3121.449951171875,development,0.39756188824553457,medium,2949.139990234375,2882.7459912109375,2949.139990234375,uptrend,uptrend_medium
2009-01-06,3121.5,3141.800048828125,3056.10009765625,3112.800048828125,development,0.36804981904605644,medium,2965.379992675781,2883.514990234375,2965.379992675781,uptrend,uptrend_medium
2009-01-07,3112.800048828125,3147.199951171875,2888.199951171875,2920.39990234375,development,0.42600990340765205,medium,2975.6799926757812,2879.4669873046873,2975.6799926757812,downtrend,downtrend_medium
2009-01-09,2919.949951171875,2929.85009765625,2810.25,2873.0,development,0.42373040756467456,medium,2980.129992675781,2872.2289892578124,2980.129992675781,downtrend,downtrend_medium
2009-01-12,2868.85009765625,2869.199951171875,2748.550048828125,2773.10009765625,development,0.3992516746907912,medium,2972.3724975585938,2866.3879931640627,2972.3724975585938,downtrend,downtrend_medium
2009-01-13,2775.0,2802.60009765625,2720.800048828125,2744.949951171875,development,0.400197339862131,medium,2963.6125,2862.423994140625,2963.6125,downtrend,downtrend_medium
2009-01-14,2748.39990234375,2853.25,2748.39990234375,2835.300048828125,development,0.4197913279607876,medium,2959.3099975585938,2867.4499951171874,2959.3099975585938,downtrend,downtrend_medium
2009-01-15,2832.300048828125,2832.300048828125,2701.75,2736.699951171875,development,0.4277544618079748,medium,2947.084997558594,2871.6999951171874,2947.084997558594,downtrend,downtrend_medium
2009-01-16,2737.0,2835.64990234375,2724.199951171875,2828.449951171875,development,0.44007848266773014,high,2936.4199951171877,2874.3279931640627,2936.4199951171877,downtrend,downtrend_high
2009-01-19,2828.699951171875,2868.199951171875,2819.89990234375,2846.199951171875,development,0.4306471784859586,medium,2931.012487792969,2873.539990234375,2931.012487792969,downtrend,downtrend_medium
2009-01-20,2842.89990234375,2842.89990234375,2758.0,2796.60009765625,development,0.41017822320621744,medium,2917.8049926757812,2868.594990234375,2917.8049926757812,downtrend,downtrend_medium
2009-01-21,2777.39990234375,2787.300048828125,2690.199951171875,2706.14990234375,development,0.4202129521409812,medium,2899.2374877929688,2859.875986328125,2899.2374877929688,downtrend,downtrend_medium
2009-01-22,2714.699951171875,2744.85009765625,2681.39990234375,2713.800048828125,development,0.42064552751663614,medium,2882.9624877929687,2854.25298828125,2882.9624877929687,downtrend,downtrend_medium
2009-01-23,2705.449951171875,2765.550048828125,2661.64990234375,2678.550048828125,development,0.41639996727362305,medium,2868.4574951171876,2849.9709912109374,2868.4574951171876,downtrend,downtrend_medium
2009-01-27,2686.050048828125,2777.300048828125,2685.25,2771.35009765625,development,0.4360074057930713,medium,2861.1824951171875,2845.9379931640624,2861.1824951171875,downtrend,downtrend_medium
2009-01-28,2771.10009765625,2855.39990234375,2765.60009765625,2849.5,development,0.4431408379593515,high,2860.7949951171877,2839.9629931640625,2860.7949951171877,downtrend,downtrend_high
2009-01-29,2849.35009765625,2873.85009765625,2795.35009765625,2823.949951171875,development,0.4360276329586091,medium,2855.8824951171873,2837.668994140625,2855.8824951171873,downtrend,downtrend_medium
2009-01-30,2824.050048828125,2881.0,2774.10009765625,2874.800048828125,development,0.4350425377490874,medium,2850.647497558594,2838.19599609375,2850.647497558594,uptrend,uptrend_medium
2009-02-02,2872.35009765625,2873.449951171875,2760.699951171875,2766.64990234375,development,0.45345302813006244,high,2841.022497558594,2837.3219921875,2841.022497558594,downtrend,downtrend_high
2009-02-03,2773.5,2831.699951171875,2752.89990234375,2783.89990234375,development,0.4385326363859569,medium,2827.879992675781,2837.0089892578126,2827.879992675781,downtrend,downtrend_medium
2009-02-04,2780.699951171875,2842.199951171875,2780.699951171875,2803.050048828125,development,0.42757963833192014,medium,2811.959997558594,2839.4069921875,2811.959997558594,downtrend,downtrend_medium
2009-02-05,2802.75,2816.800048828125,2754.85009765625,2780.050048828125,development,0.42763611071295493,medium,2795.3224975585936,2842.3079931640623,2795.3224975585936,downtrend,downtrend_medium
2009-02-06,2779.35009765625,2852.5,2778.64990234375,2843.10009765625,development,0.38228782069309003,medium,2791.4575073242186,2848.1069970703124,2791.4575073242186,uptrend,uptrend_medium
2009-02-09,2843.050048828125,2926.75,2840.14990234375,2919.89990234375,development,0.39026793799253245,medium,2793.8025024414064,2852.63599609375,2793.8025024414064,uptrend,uptrend_medium
2009-02-10,2919.699951171875,2957.39990234375,2891.75,2934.5,development,0.3666024725922935,medium,2801.8724975585938,2857.16099609375,2801.8724975585938,uptrend,uptrend_medium
2009-02-11,2933.0,2937.5,2877.60009765625,2925.699951171875,development,0.3640473710667501,low,2810.9099975585937,2862.5949951171874,2810.9099975585937,uptrend,uptrend_low
2009-02-12,2927.39990234375,2939.0,2886.550048828125,2893.050048828125,development,0.3500728514030274,low,2813.797497558594,2865.41099609375,2813.797497558594,uptrend,uptrend_low
2009-02-13,2896.949951171875,2969.75,2896.85009765625,2948.35009765625,development,0.3281134512912432,low,2824.3800048828125,2869.27599609375,2824.3800048828125,uptrend,uptrend_low
2009-02-16,2948.25,2953.199951171875,2839.10009765625,2848.5,development,0.3346412653219688,low,2825.3825073242188,2872.587998046875,2825.3825073242188,uptrend,uptrend_low
2009-02-17,2853.85009765625,2854.64990234375,2757.300048828125,2770.5,development,0.3480812596900807,low,2821.597509765625,2874.8419970703126,2821.597509765625,downtrend,downtrend_low
2009-02-18,2755.14990234375,2806.5,2736.64990234375,2776.14990234375,development,0.34280288033589973,low,2820.575,2877.23599609375,2820.575,downtrend,downtrend_low
2009-02-19,2776.699951171875,2802.14990234375,2767.60009765625,2789.35009765625,development,0.321199684937261,low,2824.735009765625,2877.262998046875,2824.735009765625,downtrend,downtrend_low
2009-02-20,2789.300048828125,2789.300048828125,2709.300048828125,2736.449951171875,development,0.32940452198837467,low,2825.8675048828127,2877.7039990234375,2825.8675048828127,downtrend,downtrend_low
2009-02-24,2737.25,2746.199951171875,2677.550048828125,2733.89990234375,development,0.32555522608975074,low,2828.6349975585936,2876.7019970703127,2828.6349975585936,downtrend,downtrend_low
2009-02-25,2733.449951171875,2789.35009765625,2733.449951171875,2762.5,development,0.3031743948888173,low,2828.192492675781,2873.3869970703126,2828.192492675781,downtrend,downtrend_low
2009-02-26,2762.199951171875,2797.800048828125,2731.89990234375,2785.64990234375,development,0.2864373237386045,low,2824.9999877929686,2870.6969970703126,2824.9999877929686,downtrend,downtrend_low
2009-02-27,2785.699951171875,2787.199951171875,2708.449951171875,2763.64990234375,development,0.28606676819849375,low,2821.9849853515625,2867.5429931640624,2821.9849853515625,downtrend,downtrend_low
2009-03-02,2764.60009765625,2764.60009765625,2659.550048828125,2674.60009765625,development,0.2973229905518128,low,2811.974987792969,2861.41099609375,2811.974987792969,downtrend,downtrend_low
2009-03-03,2672.14990234375,2688.5,2611.550048828125,2622.39990234375,development,0.27588794544928386,low,2804.762487792969,2853.023994140625,2804.762487792969,downtrend,downtrend_low
2009-03-04,2611.949951171875,2655.699951171875,2611.949951171875,2645.199951171875,development,0.27705982351748415,low,2797.827490234375,2846.8409912109373,2797.827490234375,downtrend,downtrend_low
2009-03-05,2645.89990234375,2663.89990234375,2564.10009765625,2576.699951171875,development,0.2867477011492046,low,2786.5099853515626,2837.159990234375,2786.5099853515626,downtrend,downtrend_low
2009-03-06,2576.75,2628.10009765625,2539.449951171875,2620.14990234375,development,0.2955940505738422,low,2778.5149780273437,2828.01298828125,2778.5149780273437,downtrend,downtrend_low
2009-03-09,2620.10009765625,2621.25,2555.60009765625,2573.14990234375,development,0.28411158148572135,low,2765.017468261719,2818.6899853515624,2765.017468261719,downtrend,downtrend_low
2009-03-12,2574.5,2646.10009765625,2574.5,2617.449951171875,development,0.27139594041026266,low,2749.894970703125,2811.665986328125,2749.894970703125,downtrend,downtrend_low
2009-03-13,2616.60009765625,2726.14990234375,2616.60009765625,2719.25,development,0.3120915989526365,low,2739.132470703125,2807.713984375,2739.132470703125,downtrend,downtrend_low
2009-03-16,2716.050048828125,2781.949951171875,2701.949951171875,2777.25,development,0.32443516124782495,low,2731.7099731445314,2806.113984375,2731.7099731445314,uptrend,uptrend_low
2009-03-17,2776.35009765625,2805.60009765625,2738.699951171875,2757.449951171875,development,0.3233055987641873,low,2724.929968261719,2802.818984375,2724.929968261719,uptrend,uptrend_low
2009-03-18,2757.64990234375,2836.050048828125,2752.25,2794.699951171875,development,0.3189872604656658,low,2717.2474609375,2799.1229833984376,2717.2474609375,uptrend,uptrend_low
2009-03-19,2797.050048828125,2822.25,2771.35009765625,2807.14990234375,development,0.29723984488200045,low,2715.1799560546874,2796.0829833984376,2715.1799560546874,uptrend,uptrend_low
2009-03-20,2807.35009765625,2816.10009765625,2773.64990234375,2807.050048828125,development,0.279856962204122,low,2717.007458496094,2791.288984375,2717.007458496094,uptrend,uptrend_low
2009-03-23,2807.25,2949.75,2807.25,2939.89990234375,development,0.32503461128515565,medium,2725.194958496094,2787.6579833984374,2725.194958496094,uptrend,uptrend_medium
2009-03-24,2923.800048828125,3017.39990234375,2914.5,2938.699951171875,development,0.3251957612753927,medium,2732.662451171875,2784.1759814453126,2732.662451171875,uptrend,uptrend_medium
2009-03-25,2938.800048828125,2996.5,2923.300048828125,2984.35009765625,development,0.3175250617352079,low,2745.0574584960937,2785.4549853515623,2745.0574584960937,uptrend,uptrend_low
2009-03-26,2982.25,3103.35009765625,2982.25,3082.25,development,0.3320707753240787,medium,2762.474963378906,2789.6399853515627,2762.474963378906,uptrend,uptrend_medium
2009-03-27,3079.39990234375,3123.35009765625,3055.89990234375,3108.64990234375,development,0.331817769728068,medium,2779.7824584960936,2796.3509814453123,2779.7824584960936,uptrend,uptrend_medium
2009-03-30,3108.75,3110.199951171875,2962.39990234375,2978.14990234375,development,0.372890375805904,medium,2789.4074584960936,2801.01498046875,2789.4074584960936,uptrend,uptrend_medium
2009-03-31,2981.699951171875,3054.300048828125,2966.39990234375,3020.949951171875,development,0.3721544388560183,medium,2802.2724609375,2804.727978515625,2802.2724609375,uptrend,uptrend_medium
2009-04-01,3023.85009765625,3069.300048828125,2965.699951171875,3060.35009765625,development,0.34634733669410844,medium,2821.5599609375,2811.2009814453127,2821.5599609375,uptrend,uptrend_medium
2009-04-02,3061.050048828125,3228.75,3061.050048828125,3211.050048828125,development,0.36220142058173255,medium,2850.992468261719,2818.8529833984376,2850.992468261719,uptrend,uptrend_medium
2009-04-06,3211.35009765625,3303.89990234375,3211.35009765625,3256.60009765625,development,0.3623782419914646,medium,2881.5624755859376,2827.060986328125,2881.5624755859376,uptrend,uptrend_medium
2009-04-08,3255.35009765625,3357.050048828125,3149.25,3342.949951171875,development,0.339196569514902,medium,2919.8749755859376,2837.9879833984373,2919.8749755859376,uptrend,uptrend_medium
2009-04-09,3346.0,3401.14990234375,3307.050048828125,3342.050048828125,development,0.342259578303786,medium,2955.9699829101564,2850.705986328125,2955.9699829101564,uptrend,uptrend_medium
2009-04-13,3342.199951171875,3417.800048828125,3334.14990234375,3382.60009765625,development,0.3229342860899762,medium,2996.442492675781,2864.0819873046876,2996.442492675781,uptrend,uptrend_medium
2009-04-15,3381.449951171875,3497.550048828125,3311.800048828125,3484.14990234375,development,0.32780613546664644,medium,3039.777490234375,2880.193984375,3039.777490234375,uptrend,uptrend_medium
2009-04-16,3484.35009765625,3511.25,3354.199951171875,3369.5,development,0.35518157909023684,medium,3072.289990234375,2892.156982421875,3072.289990234375,uptrend,uptrend_medium
2009-04-17,3369.5,3489.85009765625,3359.25,3384.39990234375,development,0.3537372535753079,medium,3102.6474853515624,2902.85498046875,3102.6474853515624,uptrend,uptrend_medium
2009-04-20,3384.75,3441.10009765625,3339.449951171875,3377.10009765625,development,0.3509412670833175,medium,3133.629992675781,2913.9179833984376,3133.629992675781,uptrend,uptrend_medium
2009-04-21,3376.85009765625,3414.699951171875,3309.35009765625,3365.300048828125,development,0.3541308814193514,medium,3162.1599975585937,2923.7279833984376,3162.1599975585937,uptrend,uptrend_medium
2009-04-22,3364.60009765625,3401.10009765625,3296.89990234375,3330.300048828125,development,0.36083820594452576,medium,3188.3175048828125,2935.000986328125,3188.3175048828125,uptrend,uptrend_medium
2009-04-23,3330.5,3439.89990234375,3310.5,3423.699951171875,development,0.365430191033484,medium,3219.15,2947.7969873046877,3219.15,uptrend,uptrend_medium
2009-04-24,3423.60009765625,3491.35009765625,3402.89990234375,3480.75,development,0.33942836678432503,medium,3246.1925048828125,2961.350986328125,3246.1925048828125,uptrend,uptrend_medium
2009-04-27,3481.300048828125,3517.25,3435.300048828125,3470.0,development,0.3405135152101728,medium,3272.7575073242188,2975.1499853515625,3272.7575073242188,uptrend,uptrend_medium
2009-04-28,3469.5,3471.949951171875,3351.5,3362.35009765625,development,0.3669482474404217,medium,3291.657507324219,2985.5349853515627,3291.657507324219,uptrend,uptrend_medium
2009-04-29,3371.64990234375,3486.39990234375,3366.699951171875,3473.949951171875,development,0.36732189187697056,medium,3311.2425048828127,2996.615986328125,3311.2425048828127,uptrend,uptrend_medium
2009-05-04,3478.699951171875,3664.5,3478.699951171875,3654.0,development,0.4014491534008661,medium,3338.510009765625,3011.005986328125,3338.510009765625,uptrend,uptrend_medium
2009-05-05,3664.5,3682.199951171875,3618.75,3661.89990234375,development,0.35595209042908244,medium,3372.697509765625,3025.7299853515624,3372.697509765625,uptrend,uptrend_medium
2009-05-06,3662.0,3717.050048828125,3608.64990234375,3625.050048828125,development,0.3630370779056389,medium,3402.9025146484373,3040.3699853515627,3402.9025146484373,uptrend,uptrend_medium
2009-05-07,3617.14990234375,3692.050048828125,3617.14990234375,3683.89990234375,development,0.36363782438546993,medium,3434.0800048828123,3055.0809814453123,3434.0800048828123,uptrend,uptrend_medium
2009-05-08,3681.800048828125,3711.25,3582.85009765625,3620.699951171875,development,0.3433557537109786,medium,3454.5625,3070.52498046875,3454.5625,uptrend,uptrend_medium
2009-05-11,3615.75,3660.199951171875,3534.550048828125,3554.60009765625,development,0.35258835658935433,medium,3469.4625,3086.206982421875,3469.4625,uptrend,uptrend_medium
2009-05-12,3554.64990234375,3691.64990234375,3534.199951171875,3681.10009765625,development,0.36142056721159294,medium,3486.370007324219,3104.305986328125,3486.370007324219,uptrend,uptrend_medium
2009-05-13,3668.75,3709.60009765625,3610.199951171875,3635.25,development,0.36636482413598676,medium,3501.0300048828126,3121.223984375,3501.0300048828126,uptrend,uptrend_medium
2009-05-14,3631.89990234375,3631.89990234375,3537.60009765625,3593.449951171875,development,0.36939478706107254,medium,3511.5724975585936,3138.363984375,3511.5724975585936,uptrend,uptrend_medium
2009-05-15,3597.85009765625,3686.25,3597.85009765625,3671.64990234375,development,0.36256571533642723,medium,3520.9474975585936,3157.118984375,3520.9474975585936,uptrend,uptrend_medium
2009-05-18,3673.14990234375,4384.2998046875,3673.14990234375,4323.14990234375,development,0.6995213626432402,high,3568.629992675781,3188.331982421875,3568.629992675781,uptrend,uptrend_high
2009-05-19,4324.9501953125,4509.39990234375,4167.64990234375,4318.4501953125,development,0.700730116261486,high,3615.3325073242186,3218.98798828125,3615.3325073242186,uptrend,uptrend_high
2009-05-20,4318.75,4362.85009765625,4244.7001953125,4270.2998046875,development,0.7040483583259715,high,3659.9924926757812,3249.120986328125,3659.9924926757812,uptrend,uptrend_high
2009-05-21,4270.35009765625,4319.0,4199.2001953125,4210.89990234375,development,0.7081772131682141,high,3702.2724853515624,3279.846982421875,3702.2724853515624,uptrend,uptrend_high
2009-05-22,4211.85009765625,4249.5,4155.85009765625,4238.5,development,0.7035616450018388,high,3747.682482910156,3312.168984375,3747.682482910156,uptrend,uptrend_high
2009-05-25,4238.10009765625,4270.0498046875,4205.10009765625,4237.5498046875,development,0.7026933451307326,high,3788.3749755859376,3344.0159814453127,3788.3749755859376,uptrend,uptrend_high
2009-05-26,4239.5498046875,4256.0498046875,4092.25,4116.7001953125,development,0.7165208533495437,high,3820.1724853515625,3374.815986328125,3820.1724853515625,uptrend,uptrend_high
2009-05-27,4117.2998046875,4286.4501953125,4115.25,4276.0498046875,development,0.7222605148073608,high,3860.4749755859375,3407.933984375,3860.4749755859375,uptrend,uptrend_high
2009-05-28,4276.14990234375,4354.85009765625,4254.85009765625,4337.10009765625,development,0.7046500458923647,high,3909.2124755859377,3443.21298828125,3909.2124755859377,uptrend,uptrend_high
2009-05-29,4340.75,4488.0498046875,4340.75,4448.9501953125,development,0.7024168480760137,high,3957.9624877929687,3479.8429931640626,3957.9624877929687,uptrend,uptrend_high
2009-06-01,4450.39990234375,4545.39990234375,4450.39990234375,4529.89990234375,development,0.6879459624283264,high,4001.7574829101563,3516.0559912109375,4001.7574829101563,uptrend,uptrend_high
2009-06-02,4530.4501953125,4586.39990234375,4451.2998046875,4525.25,development,0.6886201085219642,high,4044.9249877929688,3551.0159912109375,4044.9249877929688,uptrend,uptrend_high
2009-06-03,4525.5,4574.89990234375,4478.60009765625,4530.7001953125,development,0.6851017125949415,high,4090.2074951171876,3586.48099609375,4090.2074951171876,uptrend,uptrend_high
2009-06-04,4530.2998046875,4582.2001953125,4453.4501953125,4572.64990234375,development,0.6849805129861634,high,4134.644995117187,3622.0399951171876,4134.644995117187,uptrend,uptrend_high
2009-06-05,4573.2998046875,4636.85009765625,4561.9501953125,4586.89990234375,development,0.6774016207008405,high,4182.954992675781,3657.6349951171874,4182.954992675781,uptrend,uptrend_high
2009-06-08,4582.35009765625,4611.39990234375,4404.64990234375,4429.89990234375,development,0.6893457389680098,high,4226.719982910156,3690.0919921875,4226.719982910156,uptrend,uptrend_high
2009-06-09,4427.75,4562.4501953125,4365.10009765625,4550.9501953125,development,0.6861953151760057,high,4270.212487792969,3722.312998046875,4270.212487792969,uptrend,uptrend_high
2009-06-10,4551.7001953125,4688.9501953125,4551.7001953125,4655.25,development,0.6813031456758926,high,4321.212487792969,3756.6439990234376,4321.212487792969,uptrend,uptrend_high
2009-06-11,4657.39990234375,4679.5498046875,4586.14990234375,4637.7001953125,development,0.6781252033022632,high,4373.425,3789.7110009765624,4373.425,uptrend,uptrend_high
2009-06-12,4637.5498046875,4693.2001953125,4566.14990234375,4583.39990234375,development,0.6831916895322674,high,4419.0125,3819.7339990234377,4419.0125,uptrend,uptrend_high
2009-06-15,4584.64990234375,4601.0498046875,4469.60009765625,4484.0,development,0.30375247876356337,low,4427.055004882813,3847.2410009765626,4427.055004882813,uptrend,uptrend_low
2009-06-16,4478.10009765625,4537.9501953125,4405.9501953125,4517.7998046875,development,0.3041318006144004,low,4437.022485351563,3878.0339990234374,4437.022485351563,uptrend,uptrend_low
2009-06-17,4515.35009765625,4517.7998046875,4332.7998046875,4356.14990234375,development,0.33017408233589074,low,4441.314990234375,3904.737998046875,4441.314990234375,downtrend,downtrend_low
2009-06-18,4352.9501953125,4375.2998046875,4222.14990234375,4251.39990234375,development,0.3381904856557628,low,4443.339990234375,3928.558994140625,4443.339990234375,downtrend,downtrend_low
2009-06-19,4251.10009765625,4326.2001953125,4206.7001953125,4313.60009765625,development,0.34124759016016043,low,4447.094995117188,3950.6099951171873,4447.094995117188,downtrend,downtrend_low
2009-06-22,4314.2001953125,4352.25,4221.89990234375,4235.25,development,0.34804354366961765,medium,4446.980004882813,3970.1829931640623,4446.980004882813,downtrend,downtrend_medium
2009-06-23,4223.2998046875,4267.4501953125,4143.25,4247.0,development,0.3311078918188269,low,4453.4949951171875,3988.263994140625,4453.4949951171875,downtrend,downtrend_low
2009-06-24,4247.2998046875,4307.0,4218.25,4292.9501953125,development,0.3034855939968594,low,4454.340014648437,4007.2819970703126,4454.340014648437,downtrend,downtrend_low
2009-06-25,4293.85009765625,4337.9501953125,4221.14990234375,4241.85009765625,development,0.3017993879690532,low,4449.5775146484375,4024.4669970703126,4449.5775146484375,downtrend,downtrend_low
2009-06-26,4243.9501953125,4383.75,4243.9501953125,4375.5,development,0.3091098170214145,low,4445.905004882812,4042.2939990234377,4445.905004882812,downtrend,downtrend_low
2009-06-29,4375.39990234375,4439.9501953125,4350.89990234375,4390.9501953125,development,0.301541587842535,low,4438.95751953125,4062.7230029296875,4438.95751953125,downtrend,downtrend_low
2009-06-30,4391.5,4426.75,4267.35009765625,4291.10009765625,development,0.3109047085431149,low,4427.250024414063,4080.8570068359377,4427.250024414063,downtrend,downtrend_low
2009-07-01,4292.2998046875,4362.2998046875,4249.7001953125,4340.89990234375,development,0.3147040031260184,low,4417.760009765625,4100.133002929688,4417.760009765625,downtrend,downtrend_low
2009-07-02,4373.5,4383.64990234375,4288.75,4348.85009765625,development,0.3122903480796494,low,4406.57001953125,4119.80400390625,4406.57001953125,downtrend,downtrend_low
2009-07-03,4347.2998046875,4434.4501953125,4298.9501953125,4424.25,development,0.319570066680284,low,4398.437524414063,4141.683002929687,4398.437524414063,uptrend,uptrend_low
2009-07-06,4429.60009765625,4479.7998046875,4133.7001953125,4165.7001953125,development,0.36119135721345574,medium,4385.2275390625,4156.5230078125,4385.2275390625,downtrend,downtrend_medium
2009-07-07,4166.0,4231.7998046875,4155.5,4202.14990234375,development,0.3463412427332206,low,4367.787524414062,4170.951005859375,4367.787524414062,downtrend,downtrend_low
2009-07-08,4201.85009765625,4201.85009765625,4061.10009765625,4078.89990234375,development,0.34261973732358253,low,4338.97001953125,4183.12900390625,4338.97001953125,downtrend,downtrend_low
2009-07-09,4078.75,4114.89990234375,4039.85009765625,4080.949951171875,development,0.3433832815477327,low,4311.132507324219,4197.501000976563,4311.132507324219,downtrend,downtrend_low
2009-07-10,4081.39990234375,4129.9501953125,3976.800048828125,4003.89990234375,development,0.34585826092448185,low,4282.157507324218,4208.1,4282.157507324218,downtrend,downtrend_low
2009-07-13,4003.39990234375,4003.39990234375,3918.75,3974.050048828125,development,0.3412321189759427,low,4256.660009765625,4214.501000976563,4256.660009765625,downtrend,downtrend_low
2009-07-14,3974.10009765625,4128.89990234375,3974.10009765625,4111.39990234375,development,0.3676940639423314,medium,4236.340014648437,4223.491000976563,4236.340014648437,downtrend,downtrend_medium
2009-07-15,4120.7998046875,4249.5498046875,4118.75,4233.5,development,0.3671410284980531,medium,4230.20751953125,4235.66,4230.20751953125,uptrend,uptrend_medium
2009-07-16,4223.5,4305.0,4205.5,4231.39990234375,development,0.3570573926333898,medium,4229.20751953125,4246.61,4229.20751953125,uptrend,uptrend_medium
2009-07-17,4231.4501953125,4390.39990234375,4230.14990234375,4374.9501953125,development,0.3737179679011957,medium,4232.2750244140625,4261.695004882812,4232.2750244140625,uptrend,uptrend_medium
2009-07-20,4377.89990234375,4510.2998046875,4377.89990234375,4502.25,development,0.379235111267433,medium,4245.625024414063,4280.648002929687,4245.625024414063,uptrend,uptrend_medium
2009-07-21,4501.5,4524.0,4436.60009765625,4469.10009765625,development,0.38113624260151385,medium,4256.730029296875,4296.408002929687,4256.730029296875,uptrend,uptrend_medium
2009-07-22,4469.2998046875,4557.9501953125,4380.4501953125,4398.89990234375,development,0.385367479386026,medium,4262.027514648437,4311.681000976562,4262.027514648437,uptrend,uptrend_medium
2009-07-23,4409.7001953125,4532.39990234375,4405.9501953125,4523.75,development,0.3932327701979285,medium,4276.122509765625,4330.287001953125,4276.122509765625,uptrend,uptrend_medium
2009-07-24,4524.7998046875,4578.75,4504.85009765625,4568.5498046875,development,0.38009414113451845,medium,4285.775,4348.225,4285.775,uptrend,uptrend_medium
2009-07-27,4568.64990234375,4596.75,4528.5,4572.2998046875,development,0.38011229705342253,medium,4294.84248046875,4353.207998046875,4294.84248046875,uptrend,uptrend_medium
2009-07-28,4572.7998046875,4599.89990234375,4529.14990234375,4564.10009765625,development,0.3689180362335807,medium,4308.49248046875,4358.12099609375,4308.49248046875,uptrend,uptrend_medium
2009-07-29,4565.7998046875,4573.85009765625,4420.7998046875,4513.5,development,0.3709688246341298,medium,4317.122485351562,4362.985,4317.122485351562,uptrend,uptrend_medium
2009-07-30,4513.10009765625,4582.35009765625,4474.5,4571.4501953125,development,0.37287164065432643,medium,4328.252490234375,4370.196005859375,4328.252490234375,uptrend,uptrend_medium
2009-07-31,4571.60009765625,4669.75,4571.60009765625,4636.4501953125,development,0.3714161185358731,medium,4338.8625,4378.155009765625,4338.8625,uptrend,uptrend_medium
2009-08-03,4633.7998046875,4723.75,4617.75,4711.39990234375,development,0.2954137800221207,low,4366.147485351563,4387.63201171875,4366.147485351563,uptrend,uptrend_low
2009-08-04,4706.25,4731.4501953125,4642.60009765625,4680.5,development,0.29873482538754886,low,4390.064990234375,4398.9080078125,4390.064990234375,uptrend,uptrend_low
2009-08-05,4680.9501953125,4717.2001953125,4629.85009765625,4694.14990234375,development,0.2692389491562709,low,4420.827490234375,4407.270009765625,4420.827490234375,uptrend,uptrend_low
2009-08-06,4694.35009765625,4718.14990234375,4559.2001953125,4585.5,development,0.28935739658270343,low,4446.054992675781,4412.2380078125,4446.054992675781,uptrend,uptrend_low
2009-08-07,4591.89990234375,4591.89990234375,4463.9501953125,4481.39990234375,development,0.293996818358427,low,4469.929992675781,4412.887001953125,4469.929992675781,uptrend,uptrend_low
2009-08-10,4486.5,4562.5,4399.85009765625,4437.64990234375,development,0.29548804472153356,low,4493.1099853515625,4411.042001953125,4493.1099853515625,downtrend,downtrend_low
2009-08-11,4435.0,4510.7998046875,4398.89990234375,4471.35009765625,development,0.27536735662657325,low,4511.107495117188,4409.96400390625,4511.107495117188,downtrend,downtrend_low
2009-08-12,4473.7998046875,4473.7998046875,4359.39990234375,4457.5,development,0.25947128723800067,low,4522.3074951171875,4408.5,4522.3074951171875,downtrend,downtrend_low
2009-08-13,4458.5498046875,4614.14990234375,4458.5498046875,4605.0,development,0.28050777127573934,low,4540.9875,4409.147001953125,4540.9875,uptrend,uptrend_low
2009-08-14,4605.14990234375,4619.0,4559.35009765625,4580.0498046875,development,0.25953992235205475,low,4551.24248046875,4409.01,4551.24248046875,uptrend,uptrend_low
2009-08-17,4578.7998046875,4578.7998046875,4374.60009765625,4387.89990234375,development,0.28405761774014876,low,4545.524975585938,4408.17,4545.524975585938,downtrend,downtrend_low
2009-08-18,4389.5,4491.4501953125,4372.64990234375,4458.89990234375,development,0.2894515693503851,low,4545.014965820313,4406.328994140625,4545.014965820313,downtrend,downtrend_low
2009-08-19,4457.75,4477.5498046875,4353.4501953125,4394.10009765625,development,0.2886322111534263,low,4544.774975585938,4401.10599609375,4544.774975585938,downtrend,downtrend_low
2009-08-20,4394.35009765625,4492.7998046875,4394.35009765625,4453.4501953125,development,0.2737481175839219,low,4541.259985351562,4397.42099609375,4541.259985351562,downtrend,downtrend_low
2009-08-21,4453.4501953125,4538.7001953125,4400.89990234375,4528.7998046875,development,0.2784252982449425,low,4539.272485351563,4396.328994140625,4539.272485351563,downtrend,downtrend_low
2009-08-24,4536.9501953125,4656.2998046875,4536.9501953125,4642.7998046875,development,0.2927624245493199,low,4542.7974853515625,4399.504990234375,4542.7974853515625,uptrend,uptrend_low
2009-08-25,4641.64990234375,4672.89990234375,4582.5,4659.35009765625,development,0.292719725958417,low,4547.559985351562,4402.33599609375,4547.559985351562,uptrend,uptrend_low
2009-08-26,4659.4501953125,4697.7998046875,4659.10009765625,4680.85009765625,development,0.28926742713011966,low,4555.927490234375,4408.83,4555.927490234375,uptrend,uptrend_low
2009-08-27,4679.0,4707.89990234375,4645.14990234375,4688.2001953125,development,0.28640841032669045,low,4561.764990234375,4417.566005859375,4561.764990234375,uptrend,uptrend_low
2009-08-28,4688.39990234375,4743.75,4651.39990234375,4732.35009765625,development,0.28405948443763385,low,4566.559985351562,4425.941005859375,4566.559985351562,uptrend,uptrend_low
2009-08-31,4730.85009765625,4730.85009765625,4635.0,4662.10009765625,development,0.2836848963192413,low,4564.094995117188,4434.4780078125,4564.094995117188,uptrend,uptrend_low
2009-09-01,4662.2001953125,4735.89990234375,4600.64990234375,4625.35009765625,development,0.2841064377924868,low,4561.3375,4442.045009765625,4561.3375,uptrend,uptrend_low
2009-09-02,4624.0,4650.4501953125,4576.60009765625,4608.35009765625,development,0.2840372167710184,low,4557.047509765625,4448.3530078125,4557.047509765625,uptrend,uptrend_low
2009-09-03,4608.75,4647.35009765625,4581.0498046875,4593.5498046875,development,0.2717567496871285,low,4557.45,4455.387001953125,4557.45,uptrend,uptrend_low
2009-09-04,4608.7001953125,4697.2001953125,4580.35009765625,4680.39990234375,development,0.2652511554484546,low,4567.4,4461.485,4567.4,uptrend,uptrend_low
2009-09-07,4682.39990234375,4790.0,4679.2998046875,4782.89990234375,development,0.26991096578832435,low,4584.6625,4469.323994140625,4584.6625,uptrend,uptrend_low
2009-09-08,4782.85009765625,4842.2001953125,4782.64990234375,4805.25,development,0.26957837458602124,low,4601.357495117188,4479.6069921875,4601.357495117188,uptrend,uptrend_low
2009-09-09,4804.89990234375,4825.0498046875,4783.5,4814.25,development,0.2684802019705104,low,4619.194995117187,4489.073994140625,4619.194995117187,uptrend,uptrend_low
2009-09-10,4814.35009765625,4889.0498046875,4807.89990234375,4819.39990234375,development,0.24553237898146144,low,4629.914990234375,4498.484990234375,4629.914990234375,uptrend,uptrend_low
2009-09-11,4819.39990234375,4856.14990234375,4791.5498046875,4829.5498046875,development,0.24380439280598648,low,4642.389990234375,4506.590986328125,4642.389990234375,uptrend,uptrend_low
2009-09-14,4830.35009765625,4832.25,4786.25,4808.60009765625,development,0.18067810048911853,low,4663.425,4519.448984375,4663.425,uptrend,uptrend_low
2009-09-15,4808.35009765625,4899.4501953125,4808.35009765625,4892.10009765625,development,0.18172605908683961,low,4685.085009765625,4533.24798828125,4685.085009765625,uptrend,uptrend_low
2009-09-16,4894.64990234375,4966.2998046875,4894.64990234375,4958.39990234375,development,0.1691987127181209,low,4713.3,4550.83798828125,4713.3,uptrend,uptrend_low
2009-09-17,4958.5498046875,5003.0498046875,4944.14990234375,4965.5498046875,development,0.1676185045311991,low,4738.90498046875,4568.529985351563,4738.90498046875,uptrend,uptrend_low
2009-09-18,4963.9501953125,4980.85009765625,4931.89990234375,4976.0498046875,development,0.16240959793617932,low,4761.26748046875,4587.9729833984375,4761.26748046875,uptrend,uptrend_low
2009-09-22,4977.10009765625,5036.2998046875,4977.10009765625,5020.2001953125,development,0.144578277043181,low,4780.1375,4608.895986328125,4780.1375,uptrend,uptrend_low
2009-09-23,5019.9501953125,5030.75,4957.0498046875,4969.9501953125,development,0.1528558224523722,low,4795.667504882813,4626.0669921875,4795.667504882813,uptrend,uptrend_low
2009-09-24,4977.14990234375,5016.7001953125,4904.0498046875,4986.5498046875,development,0.15277471437215914,low,4810.952490234375,4641.12798828125,4810.952490234375,uptrend,uptrend_low
2009-09-25,4985.10009765625,4994.35009765625,4931.25,4958.9501953125,development,0.1558384154512332,low,4824.489990234375,4655.678994140625,4824.489990234375,uptrend,uptrend_low
2009-09-29,4959.14990234375,5020.25,4959.10009765625,5006.85009765625,development,0.15597586856352805,low,4838.214990234375,4668.3169921875,4838.214990234375,uptrend,uptrend_low
2009-09-30,5007.64990234375,5087.60009765625,5004.35009765625,5083.9501953125,development,0.14711453382966463,low,4859.3074951171875,4679.95099609375,4859.3074951171875,uptrend,uptrend_low
2009-10-01,5087.2001953125,5110.5,5057.0498046875,5083.39990234375,development,0.14097917532820417,low,4882.209985351563,4692.2369921875,4882.209985351563,uptrend,uptrend_low
2009-10-05,5076.0498046875,5076.0498046875,4991.9501953125,5003.2001953125,development,0.1563050250632248,low,4901.952490234375,4704.322998046875,4901.952490234375,uptrend,uptrend_low
2009-10-06,5003.64990234375,5034.7001953125,4921.0498046875,5027.39990234375,development,0.15385916747427883,low,4923.644995117187,4714.39599609375,4923.644995117187,uptrend,uptrend_low
2009-10-07,5031.7001953125,5077.0,4972.9501953125,4985.75,development,0.15048464692133526,low,4938.9125,4722.74,4938.9125,uptrend,uptrend_low
2009-10-08,5011.25,5035.10009765625,4980.7001953125,5002.25,development,0.13335069562925805,low,4949.8800048828125,4731.33900390625,4949.8800048828125,uptrend,uptrend_low
2009-10-09,4993.0,5032.60009765625,4934.5498046875,4945.2001953125,development,0.14148516374263237,low,4956.877514648438,4738.961005859375,4956.877514648438,downtrend,downtrend_low
2009-10-12,4945.4501953125,5068.0498046875,4945.4501953125,5054.25,development,0.15925446684427694,low,4968.877514648438,4749.776005859375,4968.877514648438,uptrend,uptrend_low
2009-10-14,5054.35009765625,5127.39990234375,5054.35009765625,5118.2001953125,development,0.16315092628218528,low,4983.817529296875,4760.711005859375,4983.817529296875,uptrend,uptrend_low
2009-10-15,5118.5498046875,5152.25,5077.10009765625,5108.85009765625,development,0.16405142302942696,low,4997.782543945313,4770.15900390625,4997.782543945313,uptrend,uptrend_low
2009-10-16,5108.64990234375,5149.64990234375,5093.2001953125,5142.14990234375,development,0.16224500766550107,low,5014.460034179688,4778.77400390625,5014.460034179688,uptrend,uptrend_low
2009-10-20,5145.60009765625,5181.9501953125,5102.64990234375,5114.4501953125,development,0.1562778053401244,low,5025.5775390625,4787.4530078125,5025.5775390625,uptrend,uptrend_low
2009-10-21,5114.85009765625,5117.4501953125,5051.64990234375,5063.60009765625,development,0.15603522532051184,low,5030.837548828125,4794.84201171875,5030.837548828125,uptrend,uptrend_low
2009-10-22,5063.35009765625,5064.25,4968.4501953125,4988.60009765625,development,0.16591112411606107,low,5031.990063476563,4802.904013671875,5031.990063476563,downtrend,downtrend_low
2009-10-23,4986.5498046875,5054.9501953125,4983.25,4997.0498046875,development,0.1658562428061315,low,5033.040063476563,4813.21701171875,5033.040063476563,downtrend,downtrend_low
2009-10-26,4997.14990234375,5033.75,4961.35009765625,4970.89990234375,development,0.163687528675589,low,5030.575048828125,4823.88201171875,5030.575048828125,downtrend,downtrend_low
2009-10-27,4970.5498046875,4970.5498046875,4829.5,4846.7001953125,development,0.18281091670616043,low,5024.412548828125,4831.389013671875,5024.412548828125,downtrend,downtrend_low
2009-10-28,4846.5498046875,4867.0,4784.10009765625,4826.14990234375,development,0.18229809178897988,low,5016.392553710937,4838.76201171875,5016.392553710937,downtrend,downtrend_low
2009-10-29,4826.10009765625,4826.10009765625,4738.39990234375,4750.5498046875,development,0.18865501380658348,low,5005.9725341796875,4841.6730078125,5005.9725341796875,downtrend,downtrend_low
2009-10-30,4751.10009765625,4853.64990234375,4687.5,4711.7001953125,development,0.1845166994149806,low,4991.2150390625,4844.306015625,4991.2150390625,downtrend,downtrend_low
2009-11-03,4712.25,4729.85009765625,4538.5,4563.89990234375,development,0.19702403701553897,low,4965.2125244140625,4847.826015625,4965.2125244140625,downtrend,downtrend_low
2009-11-04,4567.2998046875,4717.7998046875,4565.0,4710.7998046875,development,0.2375172434257731,low,4946.58251953125,4852.864013671875,4946.58251953125,downtrend,downtrend_low
2009-11-05,4711.64990234375,4776.35009765625,4610.60009765625,4765.5498046875,development,0.23893655730530888,low,4934.7,4860.2930078125,4934.7,downtrend,downtrend_low
2009-11-06,4767.5,4836.2001953125,4764.85009765625,4796.14990234375,development,0.23963134483806914,low,4923.1375,4867.147001953125,4923.1375,downtrend,downtrend_low
2009-11-09,4796.14990234375,4905.25,4789.89990234375,4898.39990234375,development,0.25243156258220484,low,4918.769995117187,4874.53900390625,4918.769995117187,downtrend,downtrend_low
2009-11-10,4898.89990234375,4947.7001953125,4860.10009765625,4881.7001953125,development,0.2521202245005258,low,4912.742504882813,4879.31701171875,4912.742504882813,downtrend,downtrend_low
2009-11-11,4882.2998046875,5016.7001953125,4870.0498046875,5003.9501953125,development,0.2652150028253192,low,4915.680004882813,4886.209013671875,4915.680004882813,uptrend,uptrend_low
2009-11-12,5004.39990234375,5014.39990234375,4924.75,4952.64990234375,development,0.255364532902998,low,4910.6,4891.645009765625,4910.6,uptrend,uptrend_low
2009-11-13,4952.35009765625,5017.89990234375,4942.64990234375,4998.9501953125,development,0.25330107713048416,low,4904.6375,4897.860009765625,4904.6375,uptrend,uptrend_low
2009-11-16,4996.5,5073.2001953125,4994.0,5058.0498046875,development,0.25735231497804545,low,4902.097485351563,4904.37400390625,4902.097485351563,uptrend,uptrend_low
2009-11-17,5058.9501953125,5074.0,5010.14990234375,5062.25,development,0.25612080746111343,low,4898.102490234375,4912.377001953125,4898.102490234375,uptrend,uptrend_low
2009-11-18,5061.5,5079.2998046875,5041.64990234375,5054.7001953125,development,0.25553973927463636,low,4895.114990234375,4920.96400390625,4895.114990234375,uptrend,uptrend_low
2009-11-19,5043.9501953125,5053.4501953125,4963.7001953125,4989.0,development,0.25726710664798624,low,4891.384985351562,4928.577001953125,4891.384985351562,uptrend,uptrend_low
2009-11-20,4988.75,5063.2998046875,4932.7998046875,5052.4501953125,development,0.2556757119026267,low,4894.577490234375,4937.755009765625,4894.577490234375,uptrend,uptrend_low
2009-11-23,5052.9501953125,5113.10009765625,5052.10009765625,5103.5498046875,development,0.25782183835800254,low,4899.902490234375,4946.2180078125,4899.902490234375,uptrend,uptrend_low
2009-11-24,5105.0,5112.85009765625,5053.5,5090.5498046875,development,0.2571110156742485,low,4905.884985351562,4952.371005859375,4905.884985351562,uptrend,uptrend_low
2009-11-25,5091.5498046875,5138.0,5078.35009765625,5108.14990234375,development,0.23760587730873775,low,4918.957470703125,4958.42900390625,4918.957470703125,uptrend,uptrend_low
2009-11-26,5116.4501953125,5116.4501953125,4986.0498046875,5005.5498046875,development,0.25010528641406915,low,4927.927465820312,4962.255,4927.927465820312,uptrend,uptrend_low
2009-11-27,5005.0498046875,5005.0498046875,4806.7001953125,4941.75,development,0.24758147607442155,low,4937.487475585937,4964.702001953125,4937.487475585937,uptrend,uptrend_low
2009-11-30,4942.25,5066.35009765625,4942.25,5032.7001953125,development,0.2509173783549197,low,4953.5374755859375,4968.765009765625,4953.5374755859375,uptrend,uptrend_low
2009-12-01,5039.7001953125,5130.35009765625,5038.85009765625,5122.0,development,0.2191575501174242,low,4981.44248046875,4975.0330078125,4981.44248046875,uptrend,uptrend_low
2009-12-02,5122.75,5161.75,5111.75,5123.25,development,0.19644690000624632,low,5002.064990234375,4979.656005859375,5002.064990234375,uptrend,uptrend_low
2009-12-03,5124.5498046875,5181.0,5106.60009765625,5131.7001953125,development,0.19468352457418203,low,5020.372509765625,4983.12201171875,5020.372509765625,uptrend,uptrend_low
2009-12-04,5131.7001953125,5161.7998046875,5081.85009765625,5108.89990234375,development,0.19653884662927448,low,5036.010009765625,4985.989013671875,5036.010009765625,uptrend,uptrend_low
2009-12-07,5108.85009765625,5131.2998046875,5051.5498046875,5066.7001953125,development,0.1883166303395569,low,5044.425024414062,4987.802021484375,5044.425024414062,uptrend,uptrend_low
2009-12-08,5068.5498046875,5152.5498046875,5058.89990234375,5147.9501953125,development,0.19381070400614084,low,5057.737524414062,4990.357021484375,5057.737524414062,uptrend,uptrend_low
2009-12-09,5147.64990234375,5147.64990234375,5090.60009765625,5112.0,development,0.1775676128862229,low,5063.1400146484375,4993.198017578125,5063.1400146484375,uptrend,uptrend_low
2009-12-10,5112.39990234375,5146.4501953125,5084.64990234375,5134.64990234375,development,0.172668177061653,low,5072.240014648438,4996.16001953125,5072.240014648438,uptrend,uptrend_low
2009-12-11,5136.0498046875,5182.5498046875,5088.39990234375,5117.2998046875,development,0.17125386277355134,low,5078.157495117188,4999.32701171875,5078.157495117188,uptrend,uptrend_low
2009-12-14,5117.4501953125,5156.7001953125,5090.14990234375,5105.7001953125,development,0.166939386595135,low,5080.540014648437,5001.304013671875,5080.540014648437,uptrend,uptrend_low
2009-12-15,5105.75,5129.4501953125,5018.25,5033.0498046875,development,0.17493691377045695,low,5079.080004882812,5000.286005859375,5079.080004882812,downtrend,downtrend_low
2009-12-16,5032.9501953125,5067.25,5001.7998046875,5042.0498046875,development,0.1750109898257021,low,5078.447485351562,4999.45900390625,5078.447485351562,downtrend,downtrend_low
2009-12-17,5046.64990234375,5064.2001953125,5013.14990234375,5041.75,development,0.16822707826739994,low,5081.084985351563,5000.23,5081.084985351563,downtrend,downtrend_low
2009-12-18,5042.0,5043.39990234375,4979.0498046875,4987.7001953125,development,0.1663587690729333,low,5077.847485351563,4999.436005859375,5077.847485351563,downtrend,downtrend_low
2009-12-21,4983.64990234375,4997.85009765625,4943.9501953125,4952.60009765625,development,0.1628211261625739,low,5070.3,4998.7730078125,5070.3,downtrend,downtrend_low
2009-12-22,4953.35009765625,4997.2998046875,4953.35009765625,4985.85009765625,development,0.16529319223080902,low,5065.065014648438,4998.445009765625,5065.065014648438,downtrend,downtrend_low
2009-12-23,4990.0498046875,5150.60009765625,4990.0498046875,5144.60009765625,development,0.2020355088279907,low,5066.887524414063,5002.4330078125,5066.887524414063,uptrend,uptrend_low
2009-12-24,5144.7998046875,5197.89990234375,5129.0498046875,5178.39990234375,development,0.1877855967544748,low,5075.530029296875,5004.916005859375,5075.530029296875,uptrend,uptrend_low
2009-12-29,5180.75,5214.60009765625,5175.85009765625,5187.9501953125,development,0.17980457730986116,low,5087.8400390625,5006.311005859375,5087.8400390625,uptrend,uptrend_low
2009-12-30,5188.75,5197.0498046875,5160.10009765625,5169.4501953125,development,0.17070252217649615,low,5094.6775390625,5007.5230078125,5094.6775390625,uptrend,uptrend_low
2009-12-31,5171.2001953125,5221.85009765625,5168.75,5201.0498046875,development,0.1606238115211545,low,5098.630029296875,5008.701005859375,5098.630029296875,uptrend,uptrend_low
2010-01-04,5200.89990234375,5238.4501953125,5167.10009765625,5232.2001953125,development,0.16164469489262284,low,5104.0775390625,5011.056005859375,5104.0775390625,uptrend,uptrend_low
2010-01-05,5277.14990234375,5288.35009765625,5242.39990234375,5277.89990234375,development,0.16390378872343978,low,5111.387524414063,5015.342001953125,5111.387524414063,uptrend,uptrend_low
2010-01-06,5278.14990234375,5310.85009765625,5260.0498046875,5281.7998046875,development,0.16245603479038825,low,5120.03251953125,5021.20599609375,5120.03251953125,uptrend,uptrend_low
2010-01-07,5281.7998046875,5302.5498046875,5244.75,5263.10009765625,development,0.15944851654071757,low,5129.852514648437,5026.527001953125,5129.852514648437,uptrend,uptrend_low
2010-01-08,5264.25,5276.75,5234.7001953125,5244.75,development,0.151432692574833,low,5134.6925048828125,5032.00400390625,5134.6925048828125,uptrend,uptrend_low
2010-01-11,5263.7998046875,5287.2001953125,5227.7998046875,5249.39990234375,development,0.14849552440107996,low,5141.5625,5040.057998046875,5141.5625,uptrend,uptrend_low
2010-01-12,5251.10009765625,5300.5,5200.9501953125,5210.39990234375,development,0.15119450460547082,low,5145.35,5047.742998046875,5145.35,uptrend,uptrend_low
2010-01-13,5212.60009765625,5239.2001953125,5169.5498046875,5233.9501953125,development,0.15091554516056835,low,5151.18251953125,5057.411005859375,5151.18251953125,uptrend,uptrend_low
2010-01-14,5234.5,5272.85009765625,5232.5,5259.89990234375,development,0.150912292573088,low,5158.892504882812,5068.375,5158.892504882812,uptrend,uptrend_low
2010-01-15,5259.89990234375,5279.85009765625,5242.4501953125,5252.2001953125,development,0.13960985415905158,low,5169.850024414062,5082.141005859375,5169.850024414062,uptrend,uptrend_low
2010-01-18,5253.64990234375,5292.5,5228.9501953125,5274.85009765625,development,0.1398057845363783,low,5181.4900390625,5093.42201171875,5181.4900390625,uptrend,uptrend_low
2010-01-19,5274.2001953125,5287.7998046875,5218.64990234375,5225.64990234375,development,0.14562603175526787,low,5190.685034179687,5102.624013671875,5190.685034179687,uptrend,uptrend_low
2010-01-20,5226.10009765625,5256.7001953125,5201.39990234375,5221.7001953125,development,0.1383474056385819,low,5202.385034179688,5111.13501953125,5202.385034179688,uptrend,uptrend_low
2010-01-21,5220.2001953125,5220.35009765625,5085.4501953125,5094.14990234375,development,0.16514095901933915,low,5209.4625244140625,5115.05001953125,5209.4625244140625,downtrend,downtrend_low
2010-01-22,5094.14990234375,5094.14990234375,4954.85009765625,5036.0,development,0.1699608067742565,low,5211.97001953125,5118.136015625,5211.97001953125,downtrend,downtrend_low
2010-01-25,5034.5498046875,5035.7001953125,4983.0498046875,5007.89990234375,development,0.12440096105746176,low,5205.135009765625,5118.215009765625,5205.135009765625,downtrend,downtrend_low
2010-01-27,5008.5,5008.5,4833.0498046875,4853.10009765625,development,0.1591720370652553,low,5188.87001953125,5116.224013671875,5188.87001953125,downtrend,downtrend_low
2010-01-28,4863.0,4929.89990234375,4824.9501953125,4867.25,development,0.15966615854192623,low,5172.835009765625,5113.590009765625,5172.835009765625,downtrend,downtrend_low
2010-01-29,4866.14990234375,4893.7001953125,4766.0,4882.0498046875,development,0.1611459651348582,low,5158.464990234375,5110.070009765625,5158.464990234375,downtrend,downtrend_low
2010-02-01,4882.0498046875,4918.7998046875,4827.14990234375,4899.7001953125,development,0.15954856139141388,low,5143.397509765625,5106.819013671875,5143.397509765625,downtrend,downtrend_low
2010-02-02,4907.85009765625,4951.14990234375,4814.10009765625,4830.10009765625,development,0.1606722738778228,low,5123.292504882813,5102.32701171875,5123.292504882813,downtrend,downtrend_low
2010-02-03,4831.0,4949.14990234375,4831.0,4931.85009765625,development,0.1785435922159083,low,5105.990014648438,5101.184013671875,5105.990014648438,downtrend,downtrend_low
2010-02-04,4931.2998046875,4931.2998046875,4832.35009765625,4845.35009765625,development,0.18470838798007191,low,5084.167529296875,5097.04201171875,5084.167529296875,downtrend,downtrend_low
2010-02-05,4819.64990234375,4827.0,4692.35009765625,4718.64990234375,development,0.2003472454120819,low,5056.94501953125,5089.344013671875,5056.94501953125,downtrend,downtrend_low
2010-02-08,4755.35009765625,4799.0498046875,4675.39990234375,4760.39990234375,development,0.2065714838326882,low,5032.727514648437,5082.741015625,5032.727514648437,downtrend,downtrend_low
2010-02-09,4760.5498046875,4810.39990234375,4739.35009765625,4792.64990234375,development,0.20973624371342642,low,5009.8900146484375,5076.431015625,5009.8900146484375,downtrend,downtrend_low
2010-02-10,4793.0,4826.85009765625,4748.10009765625,4757.2001953125,development,0.20973012323045573,low,4987.230029296875,5071.4640234375,4987.230029296875,downtrend,downtrend_low
2010-02-11,4757.25,4843.7998046875,4757.25,4826.85009765625,development,0.21837400419713326,low,4966.875024414063,5069.166025390625,4966.875024414063,downtrend,downtrend_low
2010-02-15,4827.89990234375,4845.60009765625,4783.89990234375,4801.9501953125,development,0.2158385508689648,low,4943.9775390625,5064.551025390625,4943.9775390625,downtrend,downtrend_low
2010-02-16,4801.7998046875,4880.0,4791.35009765625,4855.75,development,0.22274092928196212,low,4924.155029296875,5059.226025390625,4924.155029296875,downtrend,downtrend_low
2010-02-17,4858.64990234375,4929.7001953125,4857.60009765625,4914.0,development,0.22806890696118526,low,4906.112524414062,5055.041025390625,4906.112524414062,uptrend,uptrend_low
2010-02-18,4915.10009765625,4922.0498046875,4873.7001953125,4887.75,development,0.22714085291931158,low,4889.217529296875,5050.162021484375,4889.217529296875,downtrend,downtrend_low
2010-02-19,4887.2998046875,4887.2998046875,4805.5498046875,4844.89990234375,development,0.22775848700668147,low,4870.377514648438,5044.882021484375,4870.377514648438,downtrend,downtrend_low
2010-02-22,4849.35009765625,4912.0498046875,4845.89990234375,4856.39990234375,development,0.2148159054828434,low,4858.490014648438,5040.676015625,4858.490014648438,downtrend,downtrend_low
2010-02-23,4856.60009765625,4884.10009765625,4833.14990234375,4870.0498046875,development,0.21273438996117353,low,4850.1925048828125,5035.1180078125,4850.1925048828125,uptrend,uptrend_low
2010-02-24,4869.5498046875,4880.5498046875,4834.64990234375,4858.60009765625,development,0.21223900436329418,low,4842.727514648437,5030.050009765625,4842.727514648437,uptrend,uptrend_low
2010-02-25,4859.0,4880.14990234375,4835.60009765625,4859.75,development,0.18140734732161157,low,4843.060009765625,5024.55201171875,4843.060009765625,uptrend,uptrend_low
2010-02-26,4858.5,4992.0,4858.4501953125,4922.2998046875,development,0.18679626484771197,low,4845.8125,5020.65201171875,4845.8125,uptrend,uptrend_low
2010-03-02,4935.60009765625,5029.4501953125,4935.35009765625,5017.0,development,0.19807926443271798,low,4852.560009765625,5018.8780078125,4852.560009765625,uptrend,uptrend_low
2010-03-03,5015.7998046875,5093.25,5015.10009765625,5088.10009765625,development,0.2030988340282239,low,4861.980004882813,5019.979013671875,4861.980004882813,uptrend,uptrend_low
2010-03-04,5096.9501953125,5096.9501953125,5049.0,5080.25,development,0.19451920224555155,low,4874.4875,5020.743017578125,4874.4875,uptrend,uptrend_low
2010-03-05,5080.5498046875,5118.64990234375,5068.0498046875,5088.7001953125,development,0.18187026842223733,low,4882.330004882812,5021.682021484375,4882.330004882812,uptrend,uptrend_low
2010-03-08,5092.14990234375,5147.10009765625,5092.14990234375,5124.0,development,0.16786897634413908,low,4896.2625,5024.408017578125,4896.2625,uptrend,uptrend_low
2010-03-09,5121.0498046875,5131.7998046875,5094.35009765625,5101.5,development,0.13193316074461883,low,4915.405004882812,5027.386015625,4915.405004882812,uptrend,uptrend_low
2010-03-10,5101.60009765625,5137.39990234375,5092.0498046875,5116.25,development,0.13068313203428614,low,4933.197509765625,5029.994013671875,4933.197509765625,uptrend,uptrend_low
2010-03-11,5116.35009765625,5152.60009765625,5102.10009765625,5133.39990234375,development,0.13015899897400027,low,4950.235009765625,5029.770009765625,4950.235009765625,uptrend,uptrend_low
2010-03-12,5131.7998046875,5158.10009765625,5122.10009765625,5137.0,development,0.12422946544437803,low,4969.225,5028.94201171875,4969.225,uptrend,uptrend_low
2010-03-15,5134.4501953125,5151.0498046875,5101.2001953125,5128.89990234375,development,0.11881184958650125,low,4984.327490234375,5027.761005859375,4984.327490234375,uptrend,uptrend_low
2010-03-16,5128.9501953125,5209.25,5125.7001953125,5198.10009765625,development,0.12012583557063397,low,5004.134985351562,5028.33400390625,5004.134985351562,uptrend,uptrend_low
2010-03-17,5198.4501953125,5260.5,5177.14990234375,5231.89990234375,development,0.11751655227331154,low,5022.94248046875,5028.951005859375,5022.94248046875,uptrend,uptrend_low
2010-03-18,5232.5498046875,5255.64990234375,5214.39990234375,5245.89990234375,development,0.1134428479549526,low,5039.5374755859375,5029.225,5039.5374755859375,uptrend,uptrend_low
2010-03-19,5246.7998046875,5269.9501953125,5237.10009765625,5262.7998046875,development,0.10876950085309799,low,5058.289965820312,5028.922998046875,5058.289965820312,uptrend,uptrend_low
2010-03-22,5260.9501953125,5260.9501953125,5187.0498046875,5205.2001953125,development,0.11230427631653386,low,5076.30498046875,5027.391005859375,5076.30498046875,uptrend,uptrend_low
2010-03-23,5205.85009765625,5243.60009765625,5193.39990234375,5225.2998046875,development,0.11220999909319432,low,5094.749975585937,5026.635,5094.749975585937,uptrend,uptrend_low
2010-03-25,5225.2998046875,5267.2998046875,5202.9501953125,5260.39990234375,development,0.11265945517212626,low,5114.26748046875,5026.947998046875,5114.26748046875,uptrend,uptrend_low
2010-03-26,5260.5498046875,5293.75,5260.5498046875,5282.0,development,0.11022310234990919,low,5135.437475585937,5027.6,5135.437475585937,uptrend,uptrend_low
2010-03-29,5283.89990234375,5329.5498046875,5242.14990234375,5302.85009765625,development,0.10923186388416091,low,5157.59248046875,5029.44900390625,5157.59248046875,uptrend,uptrend_low
2010-03-30,5302.9501953125,5325.0,5251.35009765625,5262.4501953125,development,0.11231393406302627,low,5174.6,5030.01900390625,5174.6,uptrend,uptrend_low
2010-03-31,5260.39990234375,5293.89990234375,5235.14990234375,5249.10009765625,development,0.09707160686861639,low,5186.205004882812,5029.8030078125,5186.205004882812,uptrend,uptrend_low
2010-04-01,5249.2001953125,5298.60009765625,5249.2001953125,5290.5,development,0.08909722848800558,low,5196.325,5030.56900390625,5196.325,uptrend,uptrend_low
2010-04-05,5291.39990234375,5377.5498046875,5291.39990234375,5368.39990234375,development,0.09878231945395298,low,5210.732495117188,5032.44,5210.732495117188,uptrend,uptrend_low
2010-04-06,5369.64990234375,5388.64990234375,5351.7001953125,5366.0,development,0.09938113845556042,low,5224.597485351563,5035.247001953125,5224.597485351563,uptrend,uptrend_low
2010-04-07,5365.7001953125,5399.64990234375,5345.0498046875,5374.64990234375,development,0.09814225496787653,low,5237.12998046875,5038.30599609375,5237.12998046875,uptrend,uptrend_low
2010-04-08,5376.2998046875,5383.64990234375,5290.25,5304.4501953125,development,0.11019516423534255,low,5247.277490234375,5042.512001953125,5247.277490234375,uptrend,uptrend_low
2010-04-09,5302.39990234375,5377.4501953125,5302.25,5361.75,development,0.11455880839248238,low,5259.552490234375,5049.027001953125,5259.552490234375,uptrend,uptrend_low
2010-04-12,5354.14990234375,5382.14990234375,5324.89990234375,5339.7001953125,development,0.11675402545046415,low,5269.867504882813,5055.6630078125,5269.867504882813,uptrend,uptrend_low
2010-04-13,5340.85009765625,5356.5,5301.7001953125,5322.9501953125,development,0.11810635088153769,low,5279.165014648437,5065.060009765625,5279.165014648437,uptrend,uptrend_low
2010-04-15,5323.2998046875,5373.14990234375,5265.2998046875,5273.60009765625,development,0.1240381910594456,low,5286.4000244140625,5073.18701171875,5286.4000244140625,downtrend,downtrend_low
2010-04-16,5273.39990234375,5283.0498046875,5237.5498046875,5262.60009765625,development,0.11599589197860136,low,5289.625024414063,5080.798017578125,5289.625024414063,downtrend,downtrend_low
2010-04-19,5279.0498046875,5279.0498046875,5160.89990234375,5203.64990234375,development,0.12104641176248983,low,5288.2125244140625,5086.87701171875,5288.2125244140625,downtrend,downtrend_low
2010-04-20,5208.2998046875,5257.25,5208.2998046875,5230.10009765625,development,0.12211314701588366,low,5287.422534179687,5094.87701171875,5287.422534179687,downtrend,downtrend_low
2010-04-21,5230.2998046875,5266.2998046875,5230.2998046875,5244.89990234375,development,0.12197867647044135,low,5286.5275390625,5101.1380078125,5286.5275390625,downtrend,downtrend_low
2010-04-22,5248.60009765625,5331.7998046875,5221.10009765625,5269.35009765625,development,0.1160847602214113,low,5289.735034179687,5109.6180078125,5289.735034179687,downtrend,downtrend_low
2010-04-23,5269.64990234375,5311.0498046875,5269.64990234375,5304.10009765625,development,0.11748836360165793,low,5293.675048828125,5121.32701171875,5293.675048828125,uptrend,uptrend_low
2010-04-26,5299.35009765625,5342.35009765625,5299.35009765625,5322.4501953125,development,0.11586069536105084,low,5296.777563476562,5132.568017578125,5296.777563476562,uptrend,uptrend_low
2010-04-27,5322.10009765625,5330.5498046875,5301.39990234375,5308.35009765625,development,0.11563965114730886,low,5298.095068359375,5142.882021484375,5298.095068359375,uptrend,uptrend_low
2010-04-28,5308.2001953125,5308.25,5202.4501953125,5215.4501953125,development,0.13068621536140612,low,5293.725073242187,5152.047021484375,5293.725073242187,downtrend,downtrend_low
2010-04-29,5215.25,5264.75,5214.7998046875,5254.14990234375,development,0.13117861638861994,low,5293.31005859375,5160.593017578125,5293.31005859375,downtrend,downtrend_low
2010-04-30,5254.2001953125,5294.7998046875,5254.2001953125,5278.0,development,0.13180011014082008,low,5294.755053710937,5170.114013671875,5294.755053710937,downtrend,downtrend_low
2010-05-03,5278.39990234375,5278.7001953125,5210.0498046875,5222.75,development,0.13388736889846425,low,5291.3675537109375,5177.454013671875,5291.3675537109375,downtrend,downtrend_low
2010-05-04,5223.89990234375,5250.14990234375,5134.85009765625,5148.5,development,0.12925502528179533,low,5280.37255859375,5182.144013671875,5280.37255859375,downtrend,downtrend_low
2010-05-05,5148.35009765625,5148.35009765625,5056.5,5124.89990234375,development,0.12940546997155145,low,5268.317553710937,5186.88701171875,5268.317553710937,downtrend,downtrend_low
2010-05-06,5124.39990234375,5124.89990234375,5037.75,5090.85009765625,development,0.12944383303533205,low,5254.1275634765625,5191.806015625,5254.1275634765625,downtrend,downtrend_low
2010-05-07,5072.2998046875,5085.64990234375,4984.60009765625,5018.0498046875,development,0.13082937347551649,low,5239.807543945312,5195.039013671875,5239.807543945312,downtrend,downtrend_low
2010-05-10,5026.60009765625,5203.2998046875,5026.60009765625,5193.60009765625,development,0.18212668451319836,medium,5231.400048828125,5201.51001953125,5231.400048828125,downtrend,downtrend_medium
2010-05-11,5189.75,5206.7001953125,5126.5,5136.14990234375,development,0.18508018258971912,medium,5221.2225341796875,5207.061015625,5221.2225341796875,downtrend,downtrend_medium
2010-05-12,5133.75,5172.85009765625,5098.7998046875,5156.64990234375,development,0.18616322354118575,medium,5212.90751953125,5212.999013671875,5212.90751953125,downtrend,downtrend_medium
2010-05-13,5157.5498046875,5212.7001953125,5147.9501953125,5178.89990234375,development,0.1849036985752674,medium,5208.172509765625,5218.131015625,5208.172509765625,downtrend,downtrend_medium
2010-05-14,5180.5498046875,5192.75,5070.9501953125,5093.5,development,0.19307767603019918,medium,5199.717504882812,5219.661015625,5199.717504882812,downtrend,downtrend_medium
2010-05-17,5093.89990234375,5094.5498046875,4966.25,5059.89990234375,development,0.1907056243213034,medium,5192.530004882812,5219.09701171875,5192.530004882812,downtrend,downtrend_medium
2010-05-18,5059.5498046875,5105.2001953125,5024.25,5066.2001953125,development,0.18947607672379407,medium,5184.335009765625,5218.816015625,5184.335009765625,downtrend,downtrend_medium
2010-05-19,5065.10009765625,5065.10009765625,4908.14990234375,4919.64990234375,development,0.21199306196244436,medium,5168.072509765625,5215.435009765625,5168.072509765625,downtrend,downtrend_medium
2010-05-20,4924.2998046875,4980.25,4924.2998046875,4947.60009765625,development,0.21251916734659404,medium,5151.985009765625,5211.90701171875,5151.985009765625,downtrend,downtrend_medium
2010-05-21,4946.7001953125,4946.7001953125,4842.2998046875,4931.14990234375,development,0.20943652474998414,medium,5133.3375,5208.500009765625,5133.3375,downtrend,downtrend_medium
2010-05-24,4944.2998046875,5029.5498046875,4923.4501953125,4943.9501953125,development,0.20907486388648616,medium,5114.4125,5205.054013671875,5114.4125,downtrend,downtrend_medium
2010-05-25,4945.2998046875,4946.60009765625,4786.4501953125,4806.75,development,0.22587348935407311,medium,5089.332495117187,5198.521015625,5089.332495117187,downtrend,downtrend_medium
2010-05-26,4807.2998046875,4925.4501953125,4807.2998046875,4917.39990234375,development,0.24106869246377743,medium,5074.42998046875,5194.129013671875,5074.42998046875,downtrend,downtrend_medium
2010-05-27,4915.14990234375,5016.60009765625,4897.60009765625,5003.10009765625,development,0.24919232152950302,medium,5061.877490234375,5191.613017578125,5061.877490234375,downtrend,downtrend_medium
2010-05-28,5005.60009765625,5077.25,5005.60009765625,5066.5498046875,development,0.25380235050378325,medium,5051.30498046875,5188.98201171875,5051.30498046875,uptrend,uptrend_medium
2010-05-31,5076.10009765625,5097.60009765625,5038.5498046875,5086.2998046875,development,0.2525055321169837,medium,5044.482470703125,5186.070009765625,5044.482470703125,uptrend,uptrend_medium
2010-06-01,5086.25,5086.9501953125,4961.0498046875,4970.2001953125,development,0.2601249035574778,high,5035.56748046875,5180.556015625,5035.56748046875,downtrend,downtrend_high
2010-06-02,4970.75,5031.2001953125,4967.0498046875,5019.85009765625,development,0.2630596159979929,high,5030.314990234375,5175.697021484375,5030.314990234375,downtrend,downtrend_high
2010-06-03,5020.14990234375,5125.7001953125,5020.14990234375,5110.5,development,0.27042211451405784,high,5031.2974853515625,5173.803017578125,5031.2974853515625,uptrend,uptrend_high
2010-06-04,5112.60009765625,5147.89990234375,5091.60009765625,5135.5,development,0.26518054164522137,high,5037.169995117188,5172.007021484375,5037.169995117188,uptrend,uptrend_high
2010-06-07,5132.9501953125,5132.9501953125,5004.25,5034.0,development,0.24321860002602233,medium,5029.189990234375,5167.4790234375,5029.189990234375,uptrend,uptrend_medium
2010-06-08,5036.7001953125,5071.35009765625,4967.2998046875,4987.10009765625,development,0.24238109701755153,medium,5021.7375,5161.581025390625,5021.7375,downtrend,downtrend_medium
2010-06-09,4985.0498046875,5050.60009765625,4980.10009765625,5000.2998046875,development,0.24203411726808075,medium,5013.919995117188,5155.53001953125,5013.919995117188,downtrend,downtrend_medium
2010-06-10,4999.60009765625,5085.2001953125,4997.60009765625,5078.60009765625,development,0.24885732812589934,medium,5008.905004882812,5151.853017578125,5008.905004882812,uptrend,uptrend_medium
2010-06-11,5078.75,5139.0498046875,5078.75,5119.35009765625,development,0.2435941788742726,medium,5010.197509765625,5149.258017578125,5010.197509765625,uptrend,uptrend_medium
2010-06-14,5120.14990234375,5201.25,5120.14990234375,5197.7001953125,development,0.24766332426845689,medium,5017.0875244140625,5147.402021484375,5017.0875244140625,uptrend,uptrend_medium
2010-06-15,5201.2998046875,5231.4501953125,5171.0498046875,5222.35009765625,development,0.24793393758550633,medium,5024.89501953125,5144.481025390625,5024.89501953125,uptrend,uptrend_medium
2010-06-16,5225.0498046875,5255.64990234375,5214.89990234375,5233.35009765625,development,0.22010616489469642,medium,5040.580029296875,5141.82802734375,5040.580029296875,uptrend,uptrend_medium
2010-06-17,5233.64990234375,5285.5498046875,5206.5498046875,5274.85009765625,development,0.2205882903427872,medium,5056.942529296875,5139.83203125,5056.942529296875,uptrend,uptrend_medium
2010-06-18,5274.9501953125,5302.2998046875,5245.5,5262.60009765625,development,0.22021736077012272,medium,5073.5150390625,5138.995029296875,5073.5150390625,uptrend,uptrend_medium
2010-06-21,5266.5,5366.75,5266.5,5353.2998046875,development,0.2256170793038863,medium,5093.98251953125,5138.826025390625,5093.98251953125,uptrend,uptrend_medium
2010-06-22,5353.9501953125,5354.35009765625,5311.0498046875,5316.5498046875,development,0.19688349346303696,medium,5119.472509765625,5138.363017578125,5119.472509765625,uptrend,uptrend_medium
2010-06-23,5316.14990234375,5333.2998046875,5288.14990234375,5323.14990234375,development,0.18547803373223162,medium,5139.760009765625,5138.36701171875,5139.760009765625,uptrend,uptrend_medium
2010-06-24,5323.25,5348.2998046875,5284.5498046875,5320.60009765625,development,0.1791136509991917,medium,5155.635009765625,5139.30701171875,5155.635009765625,uptrend,uptrend_medium
2010-06-25,5320.5,5320.5,5259.89990234375,5269.0498046875,development,0.1809035349872209,medium,5165.760009765625,5139.436005859375,5165.760009765625,uptrend,uptrend_medium
2010-06-28,5271.10009765625,5339.4501953125,5270.75,5333.5,development,0.18443327836719486,medium,5178.12001953125,5142.0330078125,5178.12001953125,uptrend,uptrend_medium
2010-06-29,5333.5498046875,5334.14990234375,5235.7998046875,5256.14990234375,development,0.17120216530465285,medium,5192.417504882813,5142.55400390625,5192.417504882813,uptrend,uptrend_medium
2010-06-30,5254.25,5320.35009765625,5210.0,5312.5,development,0.17162544612959435,medium,5207.05,5143.906005859375,5207.05,uptrend,uptrend_medium
2010-07-01,5312.0498046875,5312.5498046875,5232.10009765625,5251.39990234375,development,0.16903633500698967,medium,5214.094995117188,5143.547001953125,5214.094995117188,uptrend,uptrend_medium
2010-07-02,5251.25,5277.25,5225.60009765625,5237.10009765625,development,0.16911990376042244,medium,5219.175,5142.207001953125,5219.175,uptrend,uptrend_medium
2010-07-05,5237.0,5252.75,5225.85009765625,5235.89990234375,development,0.1504405941270079,low,5229.269995117187,5140.47599609375,5229.269995117187,uptrend,uptrend_low
2010-07-06,5236.10009765625,5297.4501953125,5231.5,5289.0498046875,development,0.14682694314967565,low,5244.36748046875,5140.089990234375,5244.36748046875,uptrend,uptrend_low
2010-07-07,5293.10009765625,5296.75,5233.4501953125,5241.10009765625,development,0.15294276857039923,low,5256.407495117188,5140.60298828125,5256.407495117188,downtrend,downtrend_low
2010-07-08,5242.0,5320.5,5242.0,5296.85009765625,development,0.1481308172189431,low,5267.319995117187,5141.4569921875,5267.319995117187,uptrend,uptrend_low
2010-07-09,5297.2001953125,5359.0498046875,5297.2001953125,5352.4501953125,development,0.1496839480504251,low,5278.975,5142.94599609375,5278.975,uptrend,uptrend_low
2010-07-12,5352.25,5402.7001953125,5351.60009765625,5383.0,development,0.1422945608256393,low,5288.239990234375,5146.15099609375,5288.239990234375,uptrend,uptrend_low
2010-07-13,5370.2001953125,5406.2001953125,5357.85009765625,5400.64990234375,development,0.14198644224941984,low,5297.15498046875,5151.193994140625,5297.15498046875,uptrend,uptrend_low
2010-07-14,5402.0,5453.4501953125,5371.7001953125,5386.14990234375,development,0.14282868050793615,low,5304.794970703125,5156.418994140625,5304.794970703125,uptrend,uptrend_low
2010-07-15,5387.10009765625,5399.2001953125,5360.60009765625,5378.75,development,0.1410620255320997,low,5309.989965820312,5162.1769921875,5309.989965820312,uptrend,uptrend_low
2010-07-16,5376.64990234375,5401.35009765625,5374.39990234375,5393.89990234375,development,0.14062912564937172,low,5316.554956054688,5169.693994140625,5316.554956054688,uptrend,uptrend_low
2010-07-19,5392.7001953125,5409.10009765625,5361.5,5386.4501953125,development,0.12751315482572154,low,5318.212475585938,5173.55099609375,5318.212475585938,uptrend,uptrend_low
2010-07-20,5387.0,5416.4501953125,5353.60009765625,5368.0,development,0.12550438509081988,low,5320.784985351563,5178.187998046875,5320.784985351563,uptrend,uptrend_low
2010-07-21,5368.85009765625,5409.10009765625,5368.85009765625,5399.35009765625,development,0.12691289179863308,low,5324.594995117188,5183.042001953125,5324.594995117188,uptrend,uptrend_low
2010-07-22,5399.14990234375,5447.14990234375,5372.2001953125,5441.9501953125,development,0.12929987728314668,low,5330.6625,5188.3030078125,5330.6625,uptrend,uptrend_low
2010-07-23,5441.89990234375,5477.5,5435.14990234375,5449.10009765625,development,0.12279062407778314,low,5339.665014648437,5195.415009765625,5339.665014648437,uptrend,uptrend_low
2010-07-26,5446.5498046875,5466.25,5409.2001953125,5418.60009765625,development,0.1187708710216499,low,5343.92001953125,5202.589013671875,5343.92001953125,uptrend,uptrend_low
2010-07-27,5420.2001953125,5450.9501953125,5407.2001953125,5430.60009765625,development,0.10408505083451287,low,5352.642529296875,5209.87701171875,5352.642529296875,uptrend,uptrend_low
2010-07-28,5436.10009765625,5447.85009765625,5386.25,5397.5498046875,development,0.10173855485023948,low,5356.89501953125,5219.435009765625,5356.89501953125,uptrend,uptrend_low
2010-07-29,5397.85009765625,5415.85009765625,5381.5498046875,5408.89990234375,development,0.09076624074933942,low,5364.77001953125,5228.661005859375,5364.77001953125,uptrend,uptrend_low
2010-07-30,5408.39990234375,5413.25,5349.2001953125,5367.60009765625,development,0.09535261937836345,low,5371.29501953125,5237.390009765625,5371.29501953125,downtrend,downtrend_low
2010-08-02,5369.5498046875,5438.85009765625,5351.2998046875,5431.64990234375,development,0.10236735949578202,low,5381.08251953125,5247.14400390625,5381.08251953125,uptrend,uptrend_low
2010-08-03,5432.5,5459.2001953125,5426.39990234375,5439.5498046875,development,0.0975632658452052,low,5388.60751953125,5259.8,5388.60751953125,uptrend,uptrend_low
2010-08-04,5441.35009765625,5481.89990234375,5428.39990234375,5467.85009765625,development,0.09007973787433661,low,5399.94501953125,5270.80900390625,5399.94501953125,uptrend,uptrend_low
2010-08-05,5470.14990234375,5487.14990234375,5443.10009765625,5447.10009765625,development,0.0865099203483376,low,5407.45751953125,5279.68900390625,5407.45751953125,uptrend,uptrend_low
2010-08-06,5448.25,5471.89990234375,5431.35009765625,5439.25,development,0.08002045119316285,low,5411.797509765625,5287.1430078125,5411.797509765625,uptrend,uptrend_low
2010-08-09,5439.7998046875,5492.2998046875,5433.25,5486.14990234375,development,0.08299696734260263,low,5416.955004882812,5295.140009765625,5416.955004882812,uptrend,uptrend_low
2010-08-10,5486.7998046875,5491.4501953125,5445.35009765625,5460.7001953125,development,0.0848050267016473,low,5419.95751953125,5304.950009765625,5419.95751953125,uptrend,uptrend_low
2010-08-11,5460.7001953125,5474.60009765625,5412.0,5420.60009765625,development,0.08869683649179985,low,5421.680029296875,5312.965009765625,5421.680029296875,downtrend,downtrend_low
2010-08-12,5418.7001953125,5431.10009765625,5372.4501953125,5416.4501953125,development,0.08856770779985529,low,5423.5650390625,5319.084013671875,5423.5650390625,downtrend,downtrend_low
2010-08-13,5420.64990234375,5476.5,5415.5,5452.10009765625,development,0.09092752198614143,low,5426.475048828125,5325.416015625,5426.475048828125,uptrend,uptrend_low
2010-08-16,5452.10009765625,5465.25,5397.39990234375,5418.2998046875,development,0.0938480933759114,low,5428.067529296875,5333.10201171875,5428.067529296875,downtrend,downtrend_low
2010-08-17,5422.14990234375,5443.5498046875,5408.7998046875,5414.14990234375,development,0.09291380748094194,low,5430.375024414063,5341.6430078125,5430.375024414063,downtrend,downtrend_low
2010-08-18,5416.25,5487.9501953125,5416.25,5479.14990234375,development,0.0999719381391785,low,5434.365014648438,5351.220009765625,5434.365014648438,uptrend,uptrend_low
2010-08-19,5478.25,5544.7001953125,5478.10009765625,5540.2001953125,development,0.10365056888439243,low,5439.277514648437,5360.45201171875,5439.277514648437,uptrend,uptrend_low
2010-08-20,5540.7998046875,5546.60009765625,5513.35009765625,5530.64990234375,development,0.10405569690702858,low,5443.355004882813,5368.6780078125,5443.355004882813,uptrend,uptrend_low
2010-08-23,5531.14990234375,5549.7998046875,5519.39990234375,5543.5,development,0.10139855863648166,low,5449.6,5375.59400390625,5449.6,uptrend,uptrend_low
2010-08-24,5541.10009765625,5547.25,5488.4501953125,5505.10009765625,development,0.10525569613918645,low,5453.325,5381.24900390625,5453.325,uptrend,uptrend_low
2010-08-25,5505.2998046875,5506.14990234375,5452.5498046875,5462.35009765625,development,0.10684917421390357,low,5456.565014648438,5385.82900390625,5456.565014648438,uptrend,uptrend_low
2010-08-26,5462.10009765625,5486.5498046875,5454.7001953125,5477.89990234375,development,0.10701874500237091,low,5460.0150146484375,5389.89,5460.0150146484375,uptrend,uptrend_low
2010-08-27,5489.60009765625,5495.2001953125,5391.9501953125,5408.7001953125,development,0.11343117265495953,low,5462.07001953125,5392.812001953125,5462.07001953125,downtrend,downtrend_low
2010-08-30,5408.89990234375,5469.0,5390.35009765625,5415.4501953125,development,0.10506208172652436,low,5461.260034179688,5394.055009765625,5461.260034179688,downtrend,downtrend_low
2010-08-31,5413.5498046875,5413.89990234375,5348.89990234375,5402.39990234375,development,0.10518521297868436,low,5459.4025390625,5395.77201171875,5459.4025390625,downtrend,downtrend_low
2010-09-01,5403.0498046875,5478.60009765625,5403.0498046875,5471.85009765625,development,0.11368068715496107,low,5459.6025390625,5398.746015625,5459.6025390625,uptrend,uptrend_low
2010-09-02,5471.89990234375,5513.9501953125,5471.85009765625,5486.14990234375,development,0.11307205755426503,low,5461.555029296875,5402.05701171875,5461.555029296875,uptrend,uptrend_low
2010-09-03,5486.2998046875,5510.39990234375,5473.64990234375,5479.39990234375,development,0.1130294663540007,low,5463.562524414063,5406.264013671875,5463.562524414063,uptrend,uptrend_low
2010-09-06,5479.5498046875,5589.39990234375,5479.5498046875,5576.9501953125,development,0.12586510513741175,low,5468.1025390625,5411.133017578125,5468.1025390625,uptrend,uptrend_low
2010-09-07,5575.89990234375,5625.5,5571.64990234375,5604.0,development,0.12487890534752943,low,5475.267529296875,5418.09001953125,5475.267529296875,uptrend,uptrend_low
2010-09-08,5604.25,5625.2998046875,5567.75,5607.85009765625,development,0.1206677081262107,low,5484.630029296875,5423.997021484375,5484.630029296875,uptrend,uptrend_low
2010-09-09,5608.2998046875,5647.4501953125,5608.10009765625,5640.0498046875,development,0.12109512921306984,low,5495.810009765625,5431.77001953125,5495.810009765625,uptrend,uptrend_low
2010-09-13,5639.2001953125,5770.60009765625,5639.2001953125,5760.0,development,0.13836922016500294,low,5511.205004882812,5442.228017578125,5511.205004882812,uptrend,uptrend_low
2010-09-14,5760.2998046875,5838.4501953125,5760.2998046875,5795.5498046875,development,0.13463123115428582,low,5530.0675048828125,5453.421015625,5530.0675048828125,uptrend,uptrend_low
2010-09-15,5795.25,5869.4501953125,5792.2001953125,5860.9501953125,development,0.13646242575454387,low,5552.40751953125,5464.8590234375,5552.40751953125,uptrend,uptrend_low
2010-09-16,5861.10009765625,5901.64990234375,5815.7998046875,5828.7001953125,development,0.13700311252862743,medium,5569.885034179688,5476.611025390625,5569.885034179688,uptrend,uptrend_medium
2010-09-17,5828.7001953125,5898.39990234375,5828.7001953125,5884.9501953125,development,0.13594456090402784,low,5587.122534179687,5488.37302734375,5587.122534179687,uptrend,uptrend_low
2010-09-20,5885.0498046875,5989.5,5885.0498046875,5980.4501953125,development,0.1423536087635517,medium,5609.612548828125,5500.93302734375,5609.612548828125,uptrend,uptrend_medium
2010-09-21,5980.5,6032.7998046875,5961.85009765625,6009.0498046875,development,0.14224730875547512,medium,5632.8900390625,5513.4540234375,5632.8900390625,uptrend,uptrend_medium
2010-09-22,6008.39990234375,6037.39990234375,5946.4501953125,5991.0,development,0.13886301765615214,medium,5657.185034179687,5525.261025390625,5657.185034179687,uptrend,uptrend_medium
2010-09-23,5991.0498046875,6006.7998046875,5932.39990234375,5959.5498046875,development,0.13623204867953984,medium,5682.04501953125,5536.7290234375,5682.04501953125,uptrend,uptrend_medium
2010-09-24,5959.4501953125,6029.10009765625,5951.2001953125,6018.2998046875,development,0.1374397295331962,medium,5709.065014648438,5549.52001953125,5709.065014648438,uptrend,uptrend_medium
2010-09-27,6018.2998046875,6073.5,6018.2998046875,6035.64990234375,development,0.12152576848304514,low,5740.4125,5562.35501953125,5740.4125,uptrend,uptrend_low
2010-09-28,6036.0498046875,6049.7998046875,5991.2998046875,6029.5,development,0.1228435518966147,low,5771.114990234375,5575.216015625,5771.114990234375,uptrend,uptrend_low
2010-09-29,6029.14990234375,6071.5498046875,5979.64990234375,5991.2998046875,development,0.12688324994708056,low,5800.559985351562,5587.68201171875,5800.559985351562,uptrend,uptrend_low
2010-09-30,5991.35009765625,6048.4501953125,5963.60009765625,6029.9501953125,development,0.12376783180470904,low,5828.464990234375,5600.294013671875,5828.464990234375,uptrend,uptrend_low
2010-10-01,6030.2998046875,6153.10009765625,6030.2998046875,6143.39990234375,development,0.13283226231755263,medium,5861.327490234375,5614.3230078125,5861.327490234375,uptrend,uptrend_medium
2010-10-04,6144.7001953125,6222.10009765625,6144.7001953125,6159.4501953125,development,0.1308561592640326,low,5895.330004882812,5628.530009765625,5895.330004882812,uptrend,uptrend_low
2010-10-05,6159.4501953125,6188.35009765625,6118.0498046875,6145.7998046875,development,0.12590238947824325,low,5923.772485351563,5643.07400390625,5923.772485351563,uptrend,uptrend_low
2010-10-06,6150.9501953125,6223.39990234375,6148.60009765625,6186.4501953125,development,0.12604918561088466,low,5952.894995117187,5658.191005859375,5952.894995117187,uptrend,uptrend_low
2010-10-07,6186.85009765625,6199.4501953125,6107.5,6120.2998046875,development,0.1371780310208339,medium,5978.51748046875,5672.646005859375,5978.51748046875,uptrend,uptrend_medium
2010-10-08,6121.39990234375,6148.60009765625,6067.0,6103.4501953125,development,0.13938629072807196,medium,6001.6875,5686.53701171875,6001.6875,uptrend,uptrend_medium
2010-10-11,6105.9501953125,6187.75,6105.9501953125,6135.85009765625,development,0.12379179906226825,low,6020.480004882813,5701.90201171875,6020.480004882813,uptrend,uptrend_low
2010-10-12,6135.9501953125,6144.9501953125,6057.9501953125,6090.89990234375,development,0.12866190810234826,low,6035.247509765625,5715.08701171875,6035.247509765625,uptrend,uptrend_low
2010-10-13,6091.4501953125,6240.25,6089.75,6233.89990234375,development,0.1458153285986596,medium,6053.894995117187,5730.974013671875,6053.894995117187,uptrend,uptrend_medium
2010-10-14,6234.2998046875,6284.10009765625,6157.89990234375,6177.35009765625,development,0.1491298860614855,medium,6071.327490234375,5745.164013671875,6071.327490234375,uptrend,uptrend_medium
2010-10-15,6175.89990234375,6200.60009765625,6050.35009765625,6062.64990234375,development,0.1650992568925336,medium,6080.212475585938,5757.475009765625,6080.212475585938,downtrend,downtrend_medium
2010-10-18,6112.75,6115.10009765625,5985.10009765625,6075.9501953125,development,0.1557929045885982,medium,6084.987475585937,5770.209013671875,6084.987475585937,downtrend,downtrend_medium
2010-10-19,6114.4501953125,6127.0498046875,6008.14990234375,6027.2998046875,development,0.1580957990339963,medium,6085.899975585938,5781.03201171875,6085.899975585938,downtrend,downtrend_medium
2010-10-20,6002.9501953125,6038.10009765625,5966.75,5982.10009765625,development,0.16009614789034657,medium,6085.45498046875,5791.460009765625,6085.45498046875,downtrend,downtrend_medium
2010-10-21,6008.89990234375,6113.5,5984.89990234375,6101.5,development,0.17362363828736418,medium,6092.552490234375,5805.0780078125,6092.552490234375,uptrend,uptrend_medium
2010-10-22,6113.39990234375,6121.10009765625,6041.35009765625,6066.0498046875,development,0.17220372821622992,medium,6094.939990234375,5818.07,6094.939990234375,downtrend,downtrend_medium
2010-10-25,6101.25,6151.2998046875,6094.60009765625,6105.7998046875,development,0.173379904940968,medium,6098.447485351562,5831.143994140625,6098.447485351562,uptrend,uptrend_medium
2010-10-26,6116.2998046875,6120.25,6074.64990234375,6082.0,development,0.1740439149202675,medium,6101.072485351562,5844.417998046875,6101.072485351562,downtrend,downtrend_medium
2010-10-27,6075.4501953125,6075.9501953125,5987.5498046875,6012.64990234375,development,0.17757319533802673,medium,6102.139990234375,5856.387998046875,6102.139990234375,downtrend,downtrend_medium
2010-10-28,6039.9501953125,6071.10009765625,5968.10009765625,5987.7001953125,development,0.17663743227617695,medium,6100.027490234375,5866.55900390625,6100.027490234375,downtrend,downtrend_medium
2010-10-29,6021.14990234375,6032.64990234375,5937.10009765625,6017.7001953125,development,0.16311093448988964,medium,6093.742504882813,5876.10900390625,6093.742504882813,downtrend,downtrend_medium
2010-11-01,6092.2998046875,6132.39990234375,6084.75,6117.5498046875,development,0.17435940948821554,medium,6091.647485351563,5887.847001953125,6091.647485351563,uptrend,uptrend_medium
2010-11-02,6127.5498046875,6138.10009765625,6094.39990234375,6119.0,development,0.17421627514449864,medium,6090.3074951171875,5899.357001953125,6090.3074951171875,uptrend,uptrend_medium
2010-11-03,6150.60009765625,6182.5,6146.7998046875,6160.5,development,0.17430383982565587,medium,6089.009985351562,5912.465,6089.009985351562,uptrend,uptrend_medium
2010-11-04,6209.60009765625,6290.14990234375,6199.35009765625,6281.7998046875,development,0.18308103017453015,high,6097.084985351563,5928.853994140625,6097.084985351563,uptrend,uptrend_high
2010-11-08,6335.25,6335.89990234375,6265.35009765625,6273.2001953125,development,0.18273360411711811,high,6105.572485351562,5944.76,6105.572485351562,uptrend,uptrend_high
2010-11-09,6281.0,6310.89990234375,6243.5498046875,6301.5498046875,development,0.1825330795839215,high,6113.857470703125,5962.6169921875,6113.857470703125,uptrend,uptrend_high
2010-11-10,6303.2001953125,6307.64990234375,6269.25,6275.7001953125,development,0.1808409705752748,high,6123.097485351563,5979.8219921875,6123.097485351563,uptrend,uptrend_high
2010-11-11,6286.35009765625,6296.5498046875,6179.5,6194.25,development,0.16808086752829657,medium,6121.114990234375,5995.658994140625,6121.114990234375,uptrend,uptrend_medium
2010-11-12,6182.2998046875,6202.5,6056.75,6071.64990234375,development,0.17945390727161167,high,6115.82998046875,6007.654990234375,6115.82998046875,downtrend,downtrend_high
2010-11-15,6079.89990234375,6128.75,6039.39990234375,6121.60009765625,development,0.16918202007339875,medium,6118.777490234375,6020.363994140625,6118.777490234375,uptrend,uptrend_medium
2010-11-16,6143.4501953125,6144.0498046875,5970.60009765625,5988.7001953125,development,0.18647262669673595,high,6114.414990234375,6030.55,6114.414990234375,downtrend,downtrend_high
2010-11-18,6075.9501953125,6076.2001953125,5906.75,5998.7998046875,development,0.18457018374203824,high,6112.989990234375,6038.9869921875,6112.989990234375,downtrend,downtrend_high
2010-11-19,6011.2998046875,6013.25,5863.9501953125,5890.2998046875,development,0.1937428538330781,high,6108.399975585938,6044.71298828125,6108.399975585938,downtrend,downtrend_high
2010-11-22,5920.89990234375,6020.25,5905.14990234375,6010.0,development,0.19425853011933186,high,6103.824975585938,6052.755986328125,6103.824975585938,downtrend,downtrend_high
2010-11-23,5971.5498046875,5973.35009765625,5824.9501953125,5934.75,development,0.19803104631349439,high,6097.259985351562,6058.649990234375,6097.259985351562,downtrend,downtrend_high
2010-11-24,5946.7998046875,5976.64990234375,5833.60009765625,5865.75,development,0.19932080867098434,high,6085.257495117187,6060.764990234375,6085.257495117187,downtrend,downtrend_high
2010-11-25,5883.9501953125,5907.10009765625,5780.35009765625,5799.75,development,0.20197611606131466,high,6071.144995117187,6060.848994140625,6071.144995117187,downtrend,downtrend_high
2010-11-26,5828.5498046875,5838.5,5690.35009765625,5751.9501953125,development,0.20039141483340303,high,6058.110009765625,6058.668994140625,6058.110009765625,downtrend,downtrend_high
2010-11-29,5789.9501953125,5843.14990234375,5754.7001953125,5830.0,development,0.20776717267130468,high,6050.225,6058.694990234375,6050.225,downtrend,downtrend_high
2010-11-30,5811.60009765625,5892.25,5768.35009765625,5862.7001953125,development,0.20801722970342582,high,6042.475,6058.249990234375,6042.475,downtrend,downtrend_high
2010-12-01,5871.0,5971.0,5865.5498046875,5960.89990234375,development,0.20819652798780464,high,6034.642504882812,6057.858984375,6034.642504882812,downtrend,downtrend_high
2010-12-02,6023.0498046875,6029.5,5980.60009765625,6011.7001953125,development,0.21102065561238115,high,6029.277514648437,6057.9119921875,6029.277514648437,downtrend,downtrend_high
2010-12-03,6013.35009765625,6025.39990234375,5964.25,5992.7998046875,development,0.2092240753888883,high,6020.892504882812,6057.94798828125,6020.892504882812,downtrend,downtrend_high
2010-12-06,6033.64990234375,6069.4501953125,5981.7001953125,5992.25,development,0.19414679234708904,high,6006.415014648437,6058.6019921875,6006.415014648437,downtrend,downtrend_high
2010-12-07,5995.0498046875,6001.0,5939.7001953125,5976.5498046875,development,0.19411924240441375,high,5991.582495117187,6057.7669921875,5991.582495117187,downtrend,downtrend_high
2010-12-08,5954.39990234375,5960.0,5878.60009765625,5903.7001953125,development,0.19533603869452854,high,5971.690014648438,6055.127998046875,5971.690014648438,downtrend,downtrend_high
2010-12-09,5924.25,5927.2998046875,5742.2998046875,5766.5,development,0.20793555503009714,high,5946.230004882813,6049.867998046875,5946.230004882813,downtrend,downtrend_high
2010-12-10,5761.0,5865.5,5721.14990234375,5857.35009765625,development,0.21657206888922859,high,5929.385009765625,6047.18900390625,5929.385009765625,downtrend,downtrend_high
2010-12-13,5882.64990234375,5913.7998046875,5795.89990234375,5907.64990234375,development,0.21020719533922638,high,5921.185009765625,6044.742998046875,5921.185009765625,downtrend,downtrend_high
2010-12-14,5928.7001953125,5953.9501953125,5888.75,5944.10009765625,development,0.20909669316122192,high,5912.310009765625,6040.757001953125,5912.310009765625,uptrend,uptrend_high
2010-12-15,5931.14990234375,5942.75,5865.7998046875,5892.2998046875,development,0.19708823504453085,high,5907.489990234375,6035.413994140625,5907.489990234375,downtrend,downtrend_high
2010-12-16,5910.5498046875,5956.14990234375,5855.0498046875,5948.75,development,0.20034108711609708,high,5904.9875,6031.472998046875,5904.9875,uptrend,uptrend_high
2010-12-20,5926.85009765625,5985.0,5900.25,5947.0498046875,development,0.18907837428967503,high,5907.825,6026.684990234375,5907.825,uptrend,uptrend_high
2010-12-21,5960.39990234375,6007.4501953125,5960.0498046875,6000.64990234375,development,0.1772852125480853,medium,5907.357495117188,6024.2919921875,5907.357495117188,uptrend,uptrend_medium
2010-12-22,6019.0,6023.7998046875,5958.0,5984.39990234375,development,0.1714322008751901,medium,5909.839990234375,6021.910986328125,5909.839990234375,uptrend,uptrend_medium
2010-12-23,6005.89990234375,6006.4501953125,5964.60009765625,5980.0,development,0.16549401048691986,medium,5915.552490234375,6018.793984375,5915.552490234375,uptrend,uptrend_medium
2010-12-24,5940.25,6017.35009765625,5940.25,6011.60009765625,development,0.15953739295937827,medium,5926.144995117187,6017.20798828125,5926.144995117187,uptrend,uptrend_medium
2010-12-27,6013.2998046875,6045.75,5991.10009765625,5998.10009765625,development,0.1558881004381082,medium,5938.452490234375,6012.4919921875,5938.452490234375,uptrend,uptrend_medium
2010-12-28,6005.35009765625,6010.89990234375,5982.25,5996.0,development,0.15007841800013985,medium,5946.752490234375,6008.864990234375,5946.752490234375,uptrend,uptrend_medium
2010-12-29,6005.14990234375,6067.5498046875,6002.85009765625,6060.35009765625,development,0.15303532964989933,medium,5956.634985351562,6008.818994140625,5956.634985351562,uptrend,uptrend_medium
2010-12-30,6062.35009765625,6106.39990234375,6062.35009765625,6101.85009765625,development,0.1438856304185708,medium,5963.6824951171875,6009.3369921875,5963.6824951171875,uptrend,uptrend_medium
2010-12-31,6105.10009765625,6147.2998046875,6103.5498046875,6134.5,development,0.14217776384118067,medium,5969.822485351562,6011.48099609375,5969.822485351562,uptrend,uptrend_medium
2011-01-03,6177.4501953125,6178.5498046875,6147.2001953125,6157.60009765625,development,0.14158888113848342,medium,5978.0625,6014.99099609375,5978.0625,uptrend,uptrend_medium
2011-01-04,6172.75,6181.0498046875,6124.39990234375,6146.35009765625,development,0.14196408231041718,medium,5985.767504882812,6015.887998046875,5985.767504882812,uptrend,uptrend_medium
2011-01-05,6141.35009765625,6141.35009765625,6062.35009765625,6079.7998046875,development,0.14784418238498578,medium,5990.930004882813,6016.162998046875,5990.930004882813,uptrend,uptrend_medium
2011-01-06,6107.0,6116.14990234375,6022.2998046875,6048.25,development,0.1415810218063414,medium,5998.157495117188,6015.012001953125,5998.157495117188,uptrend,uptrend_medium
2011-01-07,6030.89990234375,6051.2001953125,5883.60009765625,5904.60009765625,development,0.1427598714274371,medium,6005.0625,6011.46400390625,6005.0625,downtrend,downtrend_medium
2011-01-10,5901.2998046875,5907.25,5740.9501953125,5762.85009765625,development,0.15802913992675144,medium,6000.3375,6006.4680078125,6000.3375,downtrend,downtrend_medium
2011-01-11,5767.9501953125,5842.60009765625,5698.2001953125,5754.10009765625,development,0.15411935004419655,medium,5992.660009765625,6001.796005859375,5992.660009765625,downtrend,downtrend_medium
2011-01-12,5800.0498046875,5874.2001953125,5711.2998046875,5863.25,development,0.16835404245274654,medium,5988.617504882813,5998.707001953125,5988.617504882813,downtrend,downtrend_medium
2011-01-13,5850.75,5857.75,5736.7001953125,5751.89990234375,development,0.1785424243739339,medium,5981.597509765625,5991.39400390625,5981.597509765625,downtrend,downtrend_medium
2011-01-14,5752.10009765625,5833.64990234375,5639.64990234375,5654.5498046875,development,0.1821775233080483,high,5966.8875,5982.105,5966.8875,downtrend,downtrend_high
2011-01-17,5648.7998046875,5696.14990234375,5624.14990234375,5654.75,development,0.18223215870060658,high,5952.272509765625,5971.99,5952.272509765625,downtrend,downtrend_high
2011-01-18,5682.5498046875,5730.5,5671.25,5724.0498046875,development,0.18527604302452955,high,5938.4425048828125,5960.835,5938.4425048828125,downtrend,downtrend_high
2011-01-19,5737.35009765625,5747.64990234375,5662.5498046875,5691.0498046875,development,0.18568449469851384,high,5923.775,5949.1919921875,5923.775,downtrend,downtrend_high
2011-01-20,5656.0,5729.4501953125,5634.5,5711.60009765625,development,0.18685237265445948,high,5910.355004882813,5937.392998046875,5910.355004882813,downtrend,downtrend_high
2011-01-21,5692.0498046875,5717.5498046875,5674.5,5696.5,development,0.18473243595198194,high,5894.6,5925.808994140625,5894.6,downtrend,downtrend_high
2011-01-24,5717.10009765625,5756.0,5697.75,5743.25,development,0.18869944136498473,high,5881.857495117188,5916.788994140625,5881.857495117188,downtrend,downtrend_high
2011-01-25,5763.2998046875,5801.5498046875,5680.64990234375,5687.39990234375,development,0.190471393251143,high,5866.427490234375,5909.103994140625,5866.427490234375,downtrend,downtrend_high
2011-01-27,5725.2998046875,5726.10009765625,5594.9501953125,5604.2998046875,development,0.18822788679823,high,5843.624975585937,5898.75798828125,5843.624975585937,downtrend,downtrend_high
2011-01-28,5614.0,5614.39990234375,5459.5498046875,5512.14990234375,development,0.18884764701386864,high,5814.139965820313,5889.226982421875,5814.139965820313,downtrend,downtrend_high
2011-01-31,5452.5498046875,5526.85009765625,5416.64990234375,5505.89990234375,development,0.18550615447889507,high,5782.7099609375,5879.368984375,5782.7099609375,downtrend,downtrend_high
2011-02-01,5537.2998046875,5539.14990234375,5402.0,5417.2001953125,development,0.18600226591771435,high,5745.689965820313,5869.9069921875,5745.689965820313,downtrend,downtrend_high
2011-02-02,5469.5498046875,5490.60009765625,5415.64990234375,5432.0,development,0.18815424344958392,high,5709.9724609375,5858.3469921875,5709.9724609375,downtrend,downtrend_high
2011-02-03,5430.4501953125,5532.64990234375,5418.0,5526.75,development,0.20474515493557782,high,5682.319970703125,5850.1869921875,5682.319970703125,downtrend,downtrend_high
2011-02-04,5519.89990234375,5556.2998046875,5369.0498046875,5395.75,development,0.2156162612180259,high,5649.694970703125,5840.7869921875,5649.694970703125,downtrend,downtrend_high
2011-02-07,5430.14990234375,5440.35009765625,5376.9501953125,5396.0,development,0.20535455406241784,high,5624.264965820313,5832.7119921875,5624.264965820313,downtrend,downtrend_high
2011-02-08,5432.35009765625,5432.35009765625,5303.39990234375,5312.5498046875,development,0.19659731132374456,high,5601.749951171875,5823.923984375,5601.749951171875,downtrend,downtrend_high
2011-02-09,5293.0498046875,5339.4501953125,5225.64990234375,5253.5498046875,development,0.19794170329782682,high,5576.722436523438,5812.39498046875,5576.722436523438,downtrend,downtrend_high
2011-02-10,5246.0498046875,5272.60009765625,5196.7998046875,5225.7998046875,development,0.17752605592539375,medium,5544.849926757813,5799.65697265625,5544.849926757813,downtrend,downtrend_medium
2011-02-11,5219.64990234375,5319.4501953125,5177.7001953125,5310.0,development,0.18613384873070993,high,5522.754931640625,5786.638974609375,5522.754931640625,downtrend,downtrend_high
2011-02-14,5340.25,5463.7998046875,5340.25,5456.0,development,0.21020932268131043,high,5512.82744140625,5775.524970703125,5512.82744140625,downtrend,downtrend_high
2011-02-15,5467.75,5506.5,5408.35009765625,5481.0,development,0.21132448228368808,high,5504.13994140625,5765.288974609375,5504.13994140625,downtrend,downtrend_high
2011-02-16,5467.60009765625,5504.7998046875,5460.35009765625,5481.7001953125,development,0.2051686924686808,high,5492.0224609375,5755.077978515625,5492.0224609375,downtrend,downtrend_high
2011-02-17,5501.7001953125,5553.0,5463.39990234375,5546.4501953125,development,0.21040327049881824,high,5484.79248046875,5746.475986328125,5484.79248046875,uptrend,uptrend_high
2011-02-18,5557.5498046875,5599.25,5441.9501953125,5458.9501953125,development,0.21570758940582518,high,5472.159985351563,5737.580986328125,5472.159985351563,downtrend,downtrend_high
2011-02-21,5456.60009765625,5526.25,5413.10009765625,5518.60009765625,development,0.22063641138194665,high,5463.264990234375,5732.62298828125,5463.264990234375,uptrend,uptrend_high
2011-02-22,5504.39990234375,5519.4501953125,5437.2998046875,5469.2001953125,development,0.21903177480929384,high,5449.5625,5724.859990234375,5449.5625,uptrend,uptrend_high
2011-02-23,5452.4501953125,5495.2001953125,5427.5498046875,5437.35009765625,development,0.21772392617017192,high,5437.060009765625,5715.453994140625,5437.060009765625,uptrend,uptrend_high
2011-02-24,5408.75,5423.39990234375,5242.5,5262.7001953125,development,0.23885396756505914,high,5419.980029296875,5701.82599609375,5419.980029296875,downtrend,downtrend_high
2011-02-25,5321.0498046875,5338.2001953125,5232.75,5303.5498046875,development,0.23626795382757038,high,5409.550024414062,5690.05099609375,5409.550024414062,downtrend,downtrend_high
2011-02-28,5330.14990234375,5477.0,5308.60009765625,5333.25,development,0.23773250227920298,high,5400.917529296875,5677.74099609375,5400.917529296875,downtrend,downtrend_high
2011-03-01,5382.0,5533.0498046875,5373.5498046875,5522.2998046875,development,0.2645900705857785,high,5406.172509765625,5669.24599609375,5406.172509765625,uptrend,uptrend_high
2011-03-03,5478.4501953125,5570.75,5468.25,5536.2001953125,development,0.2645735163742208,high,5411.38251953125,5659.957001953125,5411.38251953125,uptrend,uptrend_high
2011-03-04,5586.2001953125,5608.2001953125,5524.10009765625,5538.75,development,0.25741570712996237,high,5411.98251953125,5651.04400390625,5411.98251953125,uptrend,uptrend_high
2011-03-07,5490.0498046875,5491.25,5408.4501953125,5463.14990234375,development,0.2472913467241458,high,5415.352514648437,5640.707001953125,5415.352514648437,uptrend,uptrend_high
2011-03-08,5466.10009765625,5530.5498046875,5464.75,5520.7998046875,development,0.24970310314599928,high,5421.592504882812,5630.89099609375,5421.592504882812,uptrend,uptrend_high
2011-03-09,5542.39990234375,5563.2998046875,5477.4501953125,5531.0,development,0.2417577267372254,high,5432.5150146484375,5621.548994140625,5432.5150146484375,uptrend,uptrend_high
2011-03-10,5516.10009765625,5516.2998046875,5468.4501953125,5494.39990234375,development,0.23900864304396643,high,5444.55751953125,5611.5169921875,5444.55751953125,uptrend,uptrend_high
2011-03-11,5456.14990234375,5502.7001953125,5411.5498046875,5445.4501953125,development,0.24088432904125925,high,5455.5400390625,5599.218994140625,5455.5400390625,downtrend,downtrend_high
2011-03-14,5436.5,5537.2998046875,5434.25,5531.5,development,0.240648553206261,high,5466.6150390625,5587.8119921875,5466.6150390625,uptrend,uptrend_high
2011-03-15,5420.0,5497.85009765625,5373.64990234375,5449.64990234375,development,0.22807812215234197,high,5466.297534179687,5574.114990234375,5466.297534179687,downtrend,downtrend_high
2011-03-16,5475.9501953125,5535.10009765625,5475.9501953125,5511.14990234375,development,0.23107016164674735,high,5467.805029296875,5561.185986328125,5467.805029296875,uptrend,uptrend_high
2011-03-17,5455.39990234375,5510.0498046875,5435.2998046875,5446.64990234375,development,0.23502067677963778,high,5466.052514648438,5547.191982421875,5466.052514648438,downtrend,downtrend_high
2011-03-18,5475.35009765625,5483.0498046875,5366.39990234375,5373.7001953125,development,0.23494086720658858,high,5457.415014648437,5533.069990234375,5457.415014648437,downtrend,downtrend_high
2011-03-21,5408.75,5413.2998046875,5348.2001953125,5364.75,development,0.228809719293095,high,5452.705004882812,5519.399990234375,5452.705004882812,downtrend,downtrend_high
2011-03-22,5390.85009765625,5428.14990234375,5376.14990234375,5413.85009765625,development,0.22769029387827694,high,5447.467504882812,5509.584990234375,5447.467504882812,downtrend,downtrend_high
2011-03-23,5411.39990234375,5484.9501953125,5401.9501953125,5480.25,development,0.2301321661561542,high,5448.019995117187,5503.93298828125,5448.019995117187,uptrend,uptrend_high
2011-03-24,5501.7998046875,5529.0,5496.10009765625,5522.39990234375,development,0.2304398969574538,high,5452.272485351563,5499.298984375,5452.272485351563,uptrend,uptrend_high
2011-03-25,5588.64990234375,5667.10009765625,5560.9501953125,5654.25,development,0.20880161693421395,high,5471.8499755859375,5495.118984375,5471.8499755859375,uptrend,uptrend_high
2011-03-28,5645.25,5709.10009765625,5643.2001953125,5687.25,development,0.20841333540850632,high,5491.034985351563,5493.825986328125,5491.034985351563,uptrend,uptrend_high
2011-03-29,5686.5,5770.35009765625,5680.7001953125,5736.35009765625,development,0.209080365060039,high,5511.189990234375,5495.4619921875,5511.189990234375,uptrend,uptrend_high
2011-03-30,5755.7998046875,5803.14990234375,5753.89990234375,5787.64990234375,development,0.17397586252079625,medium,5524.457495117187,5498.119990234375,5524.457495117187,uptrend,uptrend_medium
2011-03-31,5803.0498046875,5872.0,5778.64990234375,5833.75,development,0.17509314425057046,medium,5539.334985351563,5500.313994140625,5539.334985351563,uptrend,uptrend_medium
2011-04-01,5835.0,5860.2001953125,5810.39990234375,5826.0498046875,development,0.17550589144689535,medium,5553.699975585938,5503.013994140625,5553.699975585938,uptrend,uptrend_medium
2011-04-04,5842.0,5918.7001953125,5833.2001953125,5908.4501953125,development,0.16900589250621764,medium,5575.964990234375,5506.95099609375,5575.964990234375,uptrend,uptrend_medium
2011-04-05,5923.85009765625,5928.64990234375,5855.85009765625,5910.0498046875,development,0.16763725376382435,medium,5595.427490234375,5511.2219921875,5595.427490234375,uptrend,uptrend_medium
2011-04-06,5908.0,5944.4501953125,5868.7998046875,5891.75,development,0.16918149430344157,medium,5613.464990234375,5514.1919921875,5613.464990234375,uptrend,uptrend_medium
2011-04-07,5888.5498046875,5906.10009765625,5866.25,5885.7001953125,development,0.1660049711641877,medium,5633.030004882812,5518.157998046875,5633.030004882812,uptrend,uptrend_medium
2011-04-08,5886.75,5926.9501953125,5822.0,5842.0,development,0.16461151776937616,medium,5652.857495117188,5522.912001953125,5652.857495117188,uptrend,uptrend_medium
2011-04-11,5805.35009765625,5830.2998046875,5777.89990234375,5785.7001953125,development,0.16431047702576057,medium,5665.5675048828125,5528.3830078125,5665.5675048828125,uptrend,uptrend_medium
2011-04-13,5747.9501953125,5923.60009765625,5735.5498046875,5911.5,development,0.16507482402673998,medium,5688.660009765625,5536.495009765625,5688.660009765625,uptrend,uptrend_medium
2011-04-15,5898.75,5907.35009765625,5806.4501953125,5824.5498046875,development,0.17557745067641994,medium,5704.330004882812,5544.642001953125,5704.330004882812,uptrend,uptrend_medium
2011-04-18,5824.35009765625,5897.89990234375,5722.25,5729.10009765625,development,0.18140914727931326,medium,5718.4525146484375,5550.58400390625,5718.4525146484375,uptrend,uptrend_medium
2011-04-19,5716.0,5762.9501953125,5693.25,5740.75,development,0.17136506475055308,medium,5736.805004882813,5554.86400390625,5736.805004882813,uptrend,uptrend_medium
2011-04-20,5786.0498046875,5857.35009765625,5759.64990234375,5851.64990234375,development,0.1792043381022231,medium,5761.15,5563.982001953125,5761.15,uptrend,uptrend_medium
2011-04-21,5882.85009765625,5912.89990234375,5864.35009765625,5884.7001953125,development,0.1784051994068213,medium,5784.6925048828125,5573.756005859375,5784.6925048828125,uptrend,uptrend_medium
2011-04-25,5859.60009765625,5906.60009765625,5857.0,5874.5,development,0.17696594693539974,medium,5804.405004882812,5584.995009765625,5804.405004882812,uptrend,uptrend_medium
2011-04-26,5876.85009765625,5893.2001953125,5791.5498046875,5868.39990234375,development,0.17696181999330296,medium,5821.705004882812,5597.29201171875,5821.705004882812,uptrend,uptrend_medium
2011-04-27,5884.2001953125,5892.35009765625,5819.9501953125,5833.89990234375,development,0.16147593319050288,medium,5830.6875,5609.454013671875,5830.6875,uptrend,uptrend_medium
2011-04-28,5851.35009765625,5856.39990234375,5776.9501953125,5785.4501953125,development,0.16434823388204658,medium,5835.597509765625,5618.963017578125,5835.597509765625,downtrend,downtrend_medium
2011-04-29,5782.5,5804.2998046875,5706.0498046875,5749.5,development,0.1635388628216062,medium,5836.2550048828125,5624.833017578125,5836.2550048828125,downtrend,downtrend_medium
2011-05-02,5766.89990234375,5775.25,5687.7001953125,5701.2998046875,development,0.16276669888618034,medium,5831.9375,5629.239013671875,5831.9375,downtrend,downtrend_medium
2011-05-03,5689.7001953125,5710.7998046875,5554.85009765625,5565.25,development,0.17871749739416345,medium,5818.5125,5630.910009765625,5818.5125,downtrend,downtrend_medium
2011-05-04,5567.7001953125,5578.7998046875,5503.0,5537.14990234375,development,0.1789383096164962,medium,5804.0675048828125,5630.72400390625,5804.0675048828125,downtrend,downtrend_medium
2011-05-05,5531.60009765625,5560.2998046875,5443.64990234375,5459.85009765625,development,0.17198384493707441,medium,5781.6375,5630.742001953125,5781.6375,downtrend,downtrend_medium
2011-05-06,5477.64990234375,5564.39990234375,5472.4501953125,5551.4501953125,development,0.18663025751337167,medium,5763.70751953125,5631.39900390625,5763.70751953125,downtrend,downtrend_medium
2011-05-09,5575.2001953125,5586.0498046875,5502.39990234375,5551.10009765625,development,0.18693262070084385,medium,5746.675024414062,5633.037001953125,5746.675024414062,downtrend,downtrend_medium
2011-05-10,5555.5498046875,5592.89990234375,5514.5498046875,5541.25,development,0.18685167214615298,medium,5729.4525146484375,5635.115,5729.4525146484375,downtrend,downtrend_medium
2011-05-11,5547.2001953125,5574.7001953125,5525.0,5565.0498046875,development,0.18775390208005752,medium,5715.605004882813,5641.1619921875,5715.605004882813,downtrend,downtrend_medium
2011-05-12,5537.7998046875,5572.5,5476.2998046875,5486.14990234375,development,0.19075620596656773,high,5700.627490234375,5644.813994140625,5700.627490234375,downtrend,downtrend_high
2011-05-13,5492.35009765625,5605.0,5472.14990234375,5544.75,development,0.17547307030492434,medium,5682.289990234375,5649.043994140625,5682.289990234375,downtrend,downtrend_medium
2011-05-16,5541.7001953125,5541.7998046875,5487.64990234375,5499.0,development,0.1712729308022579,medium,5666.0125,5648.577998046875,5666.0125,downtrend,downtrend_medium
2011-05-17,5496.10009765625,5523.85009765625,5421.0498046875,5438.9501953125,development,0.16656183280514505,medium,5651.5050048828125,5646.632998046875,5651.5050048828125,downtrend,downtrend_medium
2011-05-18,5448.2001953125,5460.5,5401.25,5420.60009765625,development,0.16569500913242308,medium,5635.497509765625,5644.27,5635.497509765625,downtrend,downtrend_medium
2011-05-19,5448.14990234375,5452.60009765625,5411.25,5428.10009765625,development,0.14484103774236856,low,5614.32001953125,5643.56900390625,5614.32001953125,downtrend,downtrend_low
2011-05-20,5450.64990234375,5517.5498046875,5432.75,5486.35009765625,development,0.1502208667193252,low,5594.402514648437,5642.880009765625,5594.402514648437,downtrend,downtrend_low
2011-05-23,5456.7001953125,5456.7001953125,5373.0,5386.5498046875,development,0.1588299878078213,medium,5570.0050048828125,5639.991005859375,5570.0050048828125,downtrend,downtrend_medium
2011-05-24,5385.10009765625,5422.60009765625,5367.4501953125,5394.85009765625,development,0.15978890911566418,medium,5546.3275146484375,5638.000009765625,5546.3275146484375,downtrend,downtrend_medium
2011-05-25,5389.10009765625,5389.10009765625,5328.7001953125,5348.9501953125,development,0.1604374917831483,medium,5522.080029296875,5636.070009765625,5522.080029296875,downtrend,downtrend_medium
2011-05-26,5372.75,5422.2001953125,5356.35009765625,5412.35009765625,development,0.16943575383989268,medium,5503.425024414062,5633.68701171875,5503.425024414062,downtrend,downtrend_medium
2011-05-27,5413.7001953125,5485.7998046875,5413.60009765625,5476.10009765625,development,0.17715535804484672,medium,5489.755029296875,5634.216015625,5489.755029296875,downtrend,downtrend_medium
2011-05-30,5493.75,5509.2998046875,5458.60009765625,5473.10009765625,development,0.1758081603832132,medium,5478.345043945313,5633.45501953125,5478.345043945313,downtrend,downtrend_medium
2011-06-01,5561.0498046875,5597.35009765625,5559.4501953125,5592.0,development,0.17502566062507802,medium,5479.682543945312,5636.362021484375,5479.682543945312,uptrend,uptrend_medium
2011-06-02,5529.89990234375,5568.2001953125,5521.9501953125,5550.35009765625,development,0.1762008029886007,medium,5480.342553710938,5639.89501953125,5480.342553710938,uptrend,uptrend_medium
2011-06-03,5565.7001953125,5604.9501953125,5507.2001953125,5516.75,development,0.16990960210998543,medium,5483.187548828125,5642.93501953125,5483.187548828125,uptrend,uptrend_medium
2011-06-06,5504.2998046875,5542.64990234375,5479.85009765625,5532.0498046875,development,0.15912527846772004,medium,5482.217529296875,5645.299013671875,5482.217529296875,uptrend,uptrend_medium
2011-06-07,5509.14990234375,5570.10009765625,5507.7998046875,5556.14990234375,development,0.1599202831803436,medium,5482.47001953125,5646.81701171875,5482.47001953125,uptrend,uptrend_medium
2011-06-08,5535.25,5556.60009765625,5514.89990234375,5526.85009765625,development,0.16094141028787579,medium,5481.750024414063,5646.906015625,5481.750024414063,uptrend,uptrend_medium
2011-06-09,5523.5498046875,5540.10009765625,5502.0498046875,5521.0498046875,development,0.16012995832739216,medium,5479.550024414062,5644.24201171875,5479.550024414062,uptrend,uptrend_medium
2011-06-10,5518.0498046875,5521.4501953125,5457.4501953125,5485.7998046875,development,0.15345367729338155,medium,5479.53251953125,5640.2130078125,5479.53251953125,uptrend,uptrend_medium
2011-06-13,5469.85009765625,5496.7001953125,5436.9501953125,5482.7998046875,development,0.1482139918206462,low,5476.435009765625,5635.142001953125,5476.435009765625,uptrend,uptrend_low
2011-06-14,5485.60009765625,5520.14990234375,5484.2001953125,5500.5,development,0.14585512041258372,low,5476.510009765625,5629.39900390625,5476.510009765625,uptrend,uptrend_low
2011-06-15,5494.4501953125,5499.35009765625,5438.9501953125,5447.5,development,0.1446394070318239,low,5476.9375,5621.67400390625,5476.9375,downtrend,downtrend_low
2011-06-16,5419.64990234375,5447.5,5389.7998046875,5396.75,development,0.14804013324176057,low,5475.7449951171875,5613.0880078125,5475.7449951171875,downtrend,downtrend_low
2011-06-17,5412.5,5421.14990234375,5355.85009765625,5366.39990234375,development,0.14914449727795193,low,5472.659985351563,5602.247001953125,5472.659985351563,downtrend,downtrend_low
2011-06-20,5372.2001953125,5377.39990234375,5195.89990234375,5257.89990234375,development,0.15833020112293522,medium,5461.237475585937,5589.20400390625,5461.237475585937,downtrend,downtrend_medium
2011-06-21,5280.7998046875,5322.4501953125,5257.0,5275.85009765625,development,0.14736038857536757,low,5455.702490234375,5576.886005859375,5455.702490234375,downtrend,downtrend_low
2011-06-22,5304.64990234375,5310.5,5262.5,5278.2998046875,development,0.14716389972529498,low,5449.874975585937,5564.737998046875,5449.874975585937,downtrend,downtrend_low
2011-06-23,5269.10009765625,5330.60009765625,5252.25,5320.0,development,0.14766080852475452,low,5448.427465820312,5554.297998046875,5448.427465820312,downtrend,downtrend_low
2011-06-24,5343.39990234375,5477.85009765625,5343.39990234375,5471.25,development,0.1748710758157019,medium,5451.3724609375,5548.008994140625,5451.3724609375,uptrend,uptrend_medium
2011-06-27,5441.2001953125,5552.64990234375,5434.25,5526.60009765625,development,0.17355629303617853,medium,5453.8974609375,5540.31099609375,5453.8974609375,uptrend,uptrend_medium
2011-06-28,5548.85009765625,5558.2998046875,5496.35009765625,5545.2998046875,development,0.17379770157853766,medium,5457.5074462890625,5534.72599609375,5457.5074462890625,uptrend,uptrend_medium
2011-06-29,5566.5,5608.64990234375,5566.5,5600.4501953125,development,0.15933754234036943,medium,5457.929956054688,5532.152998046875,5457.929956054688,uptrend,uptrend_medium
2011-06-30,5614.5,5657.89990234375,5606.10009765625,5647.39990234375,development,0.15926982789509317,medium,5462.782446289062,5530.28599609375,5462.782446289062,uptrend,uptrend_medium
2011-07-01,5705.75,5705.7998046875,5609.75,5627.2001953125,development,0.15807067568766103,medium,5468.304956054688,5525.797001953125,5468.304956054688,uptrend,uptrend_medium
2011-07-04,5679.5498046875,5679.64990234375,5633.10009765625,5650.5,development,0.15834395747613716,medium,5474.227465820312,5521.112998046875,5474.227465820312,uptrend,uptrend_medium
2011-07-05,5659.85009765625,5659.85009765625,5612.2998046875,5632.10009765625,development,0.15857750244529029,medium,5478.024975585938,5516.265,5478.024975585938,uptrend,uptrend_medium
2011-07-06,5622.7001953125,5655.39990234375,5610.75,5625.4501953125,development,0.15718310494768759,medium,5482.95498046875,5511.406005859375,5482.95498046875,uptrend,uptrend_medium
2011-07-07,5633.35009765625,5737.14990234375,5632.9501953125,5728.9501953125,development,0.16867281583644608,medium,5493.35,5509.30701171875,5493.35,uptrend,uptrend_medium
2011-07-08,5734.64990234375,5740.39990234375,5651.0498046875,5660.64990234375,development,0.17336154553048375,medium,5502.092504882812,5506.811005859375,5502.092504882812,uptrend,uptrend_medium
2011-07-11,5648.0498046875,5652.89990234375,5601.7001953125,5616.10009765625,development,0.17649968453574566,medium,5508.75751953125,5504.1430078125,5508.75751953125,uptrend,uptrend_medium
2011-07-12,5556.89990234375,5580.25,5496.9501953125,5526.14990234375,development,0.18658518521054687,high,5510.040014648437,5500.640009765625,5510.040014648437,uptrend,uptrend_high
2011-07-13,5542.0498046875,5596.14990234375,5541.39990234375,5585.4501953125,development,0.18620911271446267,high,5516.937524414063,5501.044013671875,5516.937524414063,uptrend,uptrend_high
2011-07-15,5602.9501953125,5631.7001953125,5562.75,5581.10009765625,development,0.1821656001467982,high,5526.155029296875,5501.923017578125,5526.155029296875,uptrend,uptrend_high
2011-07-18,5581.75,5596.60009765625,5550.9501953125,5567.0498046875,development,0.1808282462658106,medium,5536.187524414063,5504.06701171875,5536.187524414063,uptrend,uptrend_medium
2011-07-19,5569.85009765625,5627.64990234375,5557.2001953125,5613.5498046875,development,0.16193277509203816,medium,5553.97001953125,5505.30900390625,5553.97001953125,uptrend,uptrend_medium
2011-07-20,5642.0498046875,5645.39990234375,5555.10009765625,5567.0498046875,development,0.16709081878035645,medium,5568.530004882812,5505.627998046875,5568.530004882812,downtrend,downtrend_medium
2011-07-21,5554.60009765625,5578.89990234375,5532.7001953125,5541.60009765625,development,0.16894719423477492,medium,5581.69501953125,5505.635,5581.69501953125,downtrend,downtrend_medium
2011-07-22,5576.9501953125,5642.2001953125,5567.10009765625,5633.9501953125,development,0.1754104085228718,medium,5597.392529296875,5507.0130078125,5597.392529296875,uptrend,uptrend_medium
2011-07-25,5633.7998046875,5700.5498046875,5616.7001953125,5680.2998046875,development,0.14914704684518573,low,5607.84501953125,5510.896005859375,5607.84501953125,uptrend,uptrend_low
2011-07-26,5688.4501953125,5702.25,5560.14990234375,5574.85009765625,development,0.1623955704183617,medium,5610.25751953125,5511.4980078125,5610.25751953125,downtrend,downtrend_medium
2011-07-27,5588.5498046875,5591.7001953125,5521.5,5546.7998046875,development,0.16314850054833213,medium,5610.33251953125,5512.45400390625,5610.33251953125,downtrend,downtrend_medium
2011-07-28,5492.39990234375,5512.10009765625,5475.64990234375,5487.75,development,0.16297944016659166,medium,5604.697509765625,5513.43,5604.697509765625,downtrend,downtrend_medium
2011-07-29,5479.0,5520.2998046875,5453.9501953125,5482.0,development,0.15919840760700593,medium,5596.427514648438,5514.657998046875,5596.427514648438,downtrend,downtrend_medium
2011-08-01,5527.5,5551.89990234375,5486.4501953125,5516.7998046875,development,0.1613134402543458,medium,5590.907495117188,5516.4319921875,5590.907495117188,downtrend,downtrend_medium
2011-08-02,5493.2001953125,5496.2998046875,5433.64990234375,5456.5498046875,development,0.1638599695729095,medium,5581.209985351563,5515.835986328125,5581.209985351563,downtrend,downtrend_medium
2011-08-03,5402.0,5422.60009765625,5378.85009765625,5404.7998046875,development,0.166122896045468,medium,5569.844970703125,5516.200986328125,5569.844970703125,downtrend,downtrend_medium
2011-08-04,5412.39990234375,5434.5,5323.14990234375,5331.7998046875,development,0.17100103422887888,medium,5555.162451171875,5514.93998046875,5555.162451171875,downtrend,downtrend_medium
2011-08-05,5204.35009765625,5229.64990234375,5116.4501953125,5211.25,development,0.16602526514595517,medium,5529.27744140625,5512.1859765625,5529.27744140625,downtrend,downtrend_medium
2011-08-08,5083.85009765625,5204.2001953125,5054.0498046875,5118.5,development,0.17067350534877815,medium,5502.169946289063,5506.308974609375,5502.169946289063,downtrend,downtrend_medium
2011-08-09,4947.89990234375,5167.0,4946.4501953125,5072.85009765625,development,0.17095047866041882,medium,5475.0074462890625,5498.243974609375,5475.0074462890625,downtrend,downtrend_medium
2011-08-10,5196.5498046875,5197.9501953125,5123.35009765625,5161.0,development,0.18311886867030314,high,5456.749951171875,5492.00197265625,5456.749951171875,downtrend,downtrend_high
2011-08-11,5128.0,5184.9501953125,5121.0,5138.2998046875,development,0.1754025304413905,medium,5434.392431640625,5482.92796875,5434.392431640625,downtrend,downtrend_medium
2011-08-12,5194.39990234375,5194.4501953125,5053.35009765625,5072.9501953125,development,0.17750662535002823,medium,5408.984936523438,5473.379970703125,5408.984936523438,downtrend,downtrend_medium
2011-08-16,5125.75,5132.2001953125,5015.39990234375,5035.7998046875,development,0.177541762684534,medium,5382.422436523438,5463.760966796875,5382.422436523438,downtrend,downtrend_medium
2011-08-17,5030.2998046875,5112.14990234375,5017.25,5056.60009765625,development,0.1739442932273438,medium,5354.574951171875,5454.25197265625,5354.574951171875,downtrend,downtrend_medium
2011-08-18,5077.9501953125,5078.60009765625,4932.14990234375,4944.14990234375,development,0.1840348709239568,high,5323.429956054688,5442.01197265625,5323.429956054688,downtrend,downtrend_high
2011-08-19,4859.2998046875,4893.60009765625,4796.10009765625,4845.64990234375,development,0.19056982592699911,high,5288.6324462890625,5428.38796875,5288.6324462890625,downtrend,downtrend_high
2011-08-22,4843.7001953125,4910.0498046875,4808.75,4898.7998046875,development,0.18222913810559488,medium,5251.874926757812,5415.94296875,5251.874926757812,downtrend,downtrend_medium
2011-08-23,4925.14990234375,4965.7998046875,4863.7998046875,4948.89990234375,development,0.18455530502454157,high,5215.304931640625,5405.204970703125,5215.304931640625,downtrend,downtrend_high
2011-08-24,4934.35009765625,4962.39990234375,4875.2998046875,4888.89990234375,development,0.1804832339758149,medium,5181.007421875,5393.32697265625,5181.007421875,downtrend,downtrend_medium
2011-08-25,4914.64990234375,4915.85009765625,4825.0498046875,4839.60009765625,development,0.1808354876457312,medium,5145.647436523437,5380.108974609375,5145.647436523437,downtrend,downtrend_medium
2011-08-26,4839.25,4872.0,4720.0,4747.7998046875,development,0.18557418647938034,high,5108.649926757813,5366.114970703125,5108.649926757813,downtrend,downtrend_high
2011-08-29,4806.2001953125,4934.39990234375,4806.0498046875,4919.60009765625,development,0.24069194765959964,high,5080.529931640625,5356.57197265625,5080.529931640625,downtrend,downtrend_high
2011-08-30,4973.25,5016.25,4927.5498046875,5001.0,development,0.24978189633212308,high,5054.73994140625,5349.263974609375,5054.73994140625,downtrend,downtrend_high
2011-09-02,5109.7998046875,5113.7001953125,4993.35009765625,5040.0,development,0.2525002674272546,high,5033.912451171875,5344.9059765625,5033.912451171875,uptrend,uptrend_high
2011-09-05,4998.89990234375,5030.2998046875,4964.4501953125,5017.2001953125,development,0.25164295398263836,high,5014.532470703125,5339.732978515625,5014.532470703125,uptrend,uptrend_high
2011-09-06,4993.35009765625,5072.89990234375,4942.89990234375,5064.2998046875,development,0.25280260818779443,high,5001.157470703125,5335.452978515625,5001.157470703125,uptrend,uptrend_high
2011-09-07,5080.14990234375,5154.5,5076.2998046875,5124.64990234375,development,0.24589885452231394,high,4996.827465820313,5331.5459765625,4996.827465820313,uptrend,uptrend_high
2011-09-08,5139.2001953125,5169.25,5098.25,5153.25,development,0.23825305851543405,high,4998.564965820313,5325.1859765625,4998.564965820313,uptrend,uptrend_high
2011-09-09,5161.2998046875,5163.75,5046.7998046875,5059.4501953125,development,0.2452677011314352,high,4997.894970703125,5315.842978515625,4997.894970703125,uptrend,uptrend_high
2011-09-12,4981.7001953125,4985.60009765625,4911.25,4946.7998046875,development,0.2483226620239022,high,4987.1849609375,5303.872978515625,4987.1849609375,downtrend,downtrend_high
2011-09-13,4977.7998046875,5030.14990234375,4911.0498046875,4940.9501953125,development,0.2481732686647635,high,4977.31748046875,5290.682978515625,4977.31748046875,downtrend,downtrend_high
2011-09-14,4965.0498046875,5026.14990234375,4917.39990234375,5012.5498046875,development,0.25113197048778285,high,4974.2974609375,5277.9859765625,4974.2974609375,uptrend,uptrend_high
2011-09-15,5062.35009765625,5091.4501953125,4967.4501953125,5075.7001953125,development,0.2538732585821667,high,4976.29248046875,5266.9559765625,4976.29248046875,uptrend,uptrend_high
2011-09-16,5123.35009765625,5143.60009765625,5068.10009765625,5084.25,development,0.2535596458072262,high,4977.674975585937,5255.6309765625,4977.674975585937,uptrend,uptrend_high
2011-09-19,5068.39990234375,5068.39990234375,5019.25,5031.9501953125,development,0.24272866912427432,high,4982.064990234375,5243.627978515625,4982.064990234375,uptrend,uptrend_high
2011-09-20,5042.5498046875,5149.89990234375,5035.25,5140.2001953125,development,0.2399227771709073,high,4996.792504882813,5233.922978515625,4996.792504882813,uptrend,uptrend_high
2011-09-21,5153.75,5168.39990234375,5109.85009765625,5133.25,development,0.2385202216842855,high,5008.5150146484375,5222.008974609375,5008.5150146484375,uptrend,uptrend_high
2011-09-22,5054.4501953125,5059.85009765625,4907.75,4923.64990234375,development,0.28143007302870826,high,5007.252514648438,5207.268974609375,5007.252514648438,downtrend,downtrend_high
2011-09-23,4873.75,4930.25,4829.60009765625,4867.75,development,0.28100661765587653,high,5006.19501953125,5192.30197265625,5006.19501953125,downtrend,downtrend_high
2011-09-26,4878.60009765625,4879.7998046875,4758.85009765625,4835.39990234375,development,0.2796428446744671,high,5005.985009765625,5178.48697265625,5005.985009765625,downtrend,downtrend_high
2011-09-27,4905.14990234375,4982.9501953125,4905.14990234375,4971.25,development,0.2868755265067418,high,5017.15751953125,5166.20296875,5017.15751953125,downtrend,downtrend_high
2011-09-28,5005.5,5006.0498046875,4918.4501953125,4945.89990234375,development,0.2585288965527167,high,5018.472509765625,5153.49896484375,5018.472509765625,downtrend,downtrend_high
2011-09-29,4924.2001953125,5034.25,4906.0,5015.4501953125,development,0.2566138735005617,high,5019.19501953125,5142.46697265625,5019.19501953125,downtrend,downtrend_high
2011-09-30,4990.14990234375,5025.5498046875,4924.2998046875,4943.25,development,0.260047055564057,high,5014.35751953125,5129.0609765625,5014.35751953125,downtrend,downtrend_high
2011-10-03,4874.39990234375,4879.14990234375,4823.89990234375,4849.5,development,0.26769997941457463,high,5005.972509765625,5114.70998046875,5005.972509765625,downtrend,downtrend_high
2011-10-04,4823.5,4869.75,4728.2998046875,4772.14990234375,development,0.2690589117590194,high,4991.365014648438,5099.3209765625,4991.365014648438,downtrend,downtrend_high
2011-10-05,4791.2998046875,4827.7998046875,4741.0,4751.2998046875,development,0.26337078471078895,high,4972.697509765625,5081.66796875,4972.697509765625,downtrend,downtrend_high
2011-10-07,4883.64990234375,4922.60009765625,4861.2001953125,4888.0498046875,development,0.2860480872618063,high,4959.4375,5065.82296875,4959.4375,downtrend,downtrend_high
2011-10-10,4886.85009765625,4991.14990234375,4882.0498046875,4979.60009765625,development,0.2891547609576013,high,4955.444995117187,5053.91796875,4955.444995117187,uptrend,uptrend_high
2011-10-11,5019.89990234375,5045.10009765625,4964.0,4974.35009765625,development,0.2776872029530213,high,4956.822509765625,5042.468974609375,4956.822509765625,uptrend,uptrend_high
2011-10-12,5011.2001953125,5109.7998046875,4997.64990234375,5099.39990234375,development,0.2910642551961572,high,4964.7449951171875,5034.70197265625,4964.7449951171875,uptrend,uptrend_high
2011-10-13,5130.7998046875,5136.9501953125,5067.64990234375,5077.85009765625,development,0.2877524146135086,high,4968.010009765625,5026.618974609375,4968.010009765625,uptrend,uptrend_high
2011-10-14,5057.35009765625,5141.39990234375,5056.60009765625,5132.2998046875,development,0.28680827637776807,high,4970.839990234375,5018.928974609375,4970.839990234375,uptrend,uptrend_high
2011-10-17,5156.2001953125,5160.2001953125,5084.5,5118.25,development,0.2870384125392319,high,4972.539990234375,5012.162978515625,4972.539990234375,uptrend,uptrend_high
2011-10-18,5049.4501953125,5057.5,5011.0498046875,5037.5,development,0.2904137350751888,high,4972.81748046875,5004.816982421875,4972.81748046875,uptrend,uptrend_high
2011-10-19,5080.4501953125,5148.0498046875,5075.2998046875,5139.14990234375,development,0.2891521294212601,high,4972.764965820313,5000.963984375,4972.764965820313,uptrend,uptrend_high
2011-10-20,5086.5498046875,5099.0,5033.9501953125,5091.89990234375,development,0.2910253992355904,high,4970.6974609375,4998.576982421875,4970.6974609375,uptrend,uptrend_high
2011-10-21,5106.60009765625,5120.75,5037.9501953125,5049.9501953125,development,0.2509781861387364,high,4977.012475585938,4997.205986328125,4977.012475585938,uptrend,uptrend_high
2011-10-24,5114.7001953125,5145.64990234375,5084.75,5098.35009765625,development,0.24786841278874916,high,4988.54248046875,4997.715986328125,4988.54248046875,uptrend,uptrend_high
2011-10-25,5137.89990234375,5211.0,5085.5498046875,5191.60009765625,development,0.2515330516936237,high,5006.352490234375,4998.32798828125,5006.352490234375,uptrend,uptrend_high
2011-10-28,5341.89990234375,5399.7001953125,5322.7998046875,5360.7001953125,development,0.2577227336525969,high,5025.825,5002.77599609375,5025.825,uptrend,uptrend_high
2011-10-31,5358.89990234375,5360.25,5314.60009765625,5326.60009765625,development,0.2583454475828062,high,5044.860009765625,5007.848994140625,5044.860009765625,uptrend,uptrend_high
2011-11-01,5278.60009765625,5310.85009765625,5238.2998046875,5257.9501953125,development,0.26188914245984063,high,5056.985009765625,5012.292001953125,5056.985009765625,uptrend,uptrend_high
2011-11-02,5216.75,5300.10009765625,5204.9501953125,5258.4501953125,development,0.2544412190318445,high,5072.74501953125,5016.32900390625,5072.74501953125,uptrend,uptrend_high
2011-11-03,5241.5498046875,5281.60009765625,5201.85009765625,5265.75,development,0.24079870996466263,high,5093.55751953125,5022.761005859375,5093.55751953125,uptrend,uptrend_high
2011-11-04,5325.39990234375,5326.4501953125,5256.7998046875,5284.2001953125,development,0.2287719022225527,high,5119.1600341796875,5031.53201171875,5119.1600341796875,uptrend,uptrend_high
2011-11-08,5292.25,5304.25,5252.0,5289.35009765625,development,0.22658106643297732,high,5146.062548828125,5039.343017578125,5146.062548828125,uptrend,uptrend_high
2011-11-09,5309.7001953125,5317.5,5211.75,5221.0498046875,development,0.21786486159760837,high,5162.712548828125,5044.786015625,5162.712548828125,uptrend,uptrend_high
2011-11-11,5159.75,5198.60009765625,5142.25,5168.85009765625,development,0.21488099998025248,high,5172.175048828125,5050.38501953125,5172.175048828125,downtrend,downtrend_high
2011-11-14,5217.35009765625,5228.89990234375,5140.5498046875,5148.35009765625,development,0.21566862479040846,high,5180.875048828125,5056.56001953125,5180.875048828125,downtrend,downtrend_high
2011-11-15,5131.2001953125,5158.75,5052.85009765625,5068.5,development,0.20536504644270917,medium,5179.330053710937,5062.9740234375,5179.330053710937,downtrend,downtrend_medium
2011-11-16,5059.10009765625,5065.2001953125,4989.5,5030.4501953125,development,0.20653980033874056,medium,5176.96005859375,5065.191025390625,5176.96005859375,downtrend,downtrend_medium
2011-11-17,5027.10009765625,5036.7998046875,4919.4501953125,4934.75,development,0.21222643818998385,high,5167.082568359375,5063.866025390625,5167.082568359375,downtrend,downtrend_high
2011-11-18,4899.14990234375,4915.89990234375,4837.9501953125,4905.7998046875,development,0.21268499348334807,high,5156.46005859375,5061.182021484375,5156.46005859375,downtrend,downtrend_high
2011-11-21,4873.7998046875,4873.7998046875,4764.7998046875,4778.35009765625,development,0.22420098096819466,high,5143.5025634765625,5056.40501953125,5143.5025634765625,downtrend,downtrend_high
2011-11-22,4794.85009765625,4854.0,4782.5498046875,4812.35009765625,development,0.21105159296078926,high,5127.162573242187,5051.366025390625,5127.162573242187,downtrend,downtrend_high
2011-11-23,4779.5,4779.5,4640.9501953125,4706.4501953125,development,0.22056599176973876,high,5107.890087890625,5043.00203125,5107.890087890625,downtrend,downtrend_high
2011-11-25,4731.2998046875,4767.2998046875,4693.10009765625,4710.0498046875,development,0.22049818560123577,high,5090.895068359375,5034.13802734375,5090.895068359375,downtrend,downtrend_high
2011-11-28,4769.2998046875,4859.10009765625,4766.39990234375,4851.2998046875,development,0.24675124419231564,high,5078.542553710938,5029.97501953125,5078.542553710938,downtrend,downtrend_high
2011-11-29,4864.2001953125,4866.10009765625,4787.10009765625,4805.10009765625,development,0.23535766621295504,high,5059.217553710938,5027.141025390625,5059.217553710938,downtrend,downtrend_high
2011-11-30,4766.14990234375,4851.5498046875,4754.7998046875,4832.0498046875,development,0.1963923427288708,medium,5032.7850341796875,5024.963017578125,5032.7850341796875,downtrend,downtrend_medium
2011-12-01,4970.85009765625,5011.89990234375,4916.7001953125,4936.85009765625,development,0.21805716066017095,high,5013.297534179687,5023.4490234375,5013.297534179687,downtrend,downtrend_high
2011-12-02,4940.85009765625,5062.5498046875,4918.39990234375,5050.14990234375,development,0.2345200919970538,high,5002.90751953125,5022.938017578125,5002.90751953125,uptrend,uptrend_high
2011-12-05,5036.5,5055.39990234375,5002.5498046875,5039.14990234375,development,0.23440100663784738,high,4991.9425048828125,5022.036015625,4991.9425048828125,uptrend,uptrend_high
2011-12-07,5050.10009765625,5099.25,5032.25,5062.60009765625,development,0.2353163414861415,high,4981.785009765625,5022.649013671875,4981.785009765625,uptrend,uptrend_high
2011-12-08,5037.39990234375,5049.0498046875,4921.4501953125,4943.64990234375,development,0.24640733318318328,high,4964.757495117187,5018.7180078125,4964.757495117187,downtrend,downtrend_high
2011-12-09,4870.75,4918.35009765625,4841.75,4866.7001953125,development,0.2496539599151639,high,4943.625,5013.38701171875,4943.625,downtrend,downtrend_high
2011-12-12,4906.85009765625,4910.25,4755.5498046875,4764.60009765625,development,0.25504103584265775,high,4920.802514648438,5010.206015625,4920.802514648438,downtrend,downtrend_high
2011-12-13,4733.60009765625,4824.7001953125,4728.5,4800.60009765625,development,0.2575676451281003,high,4902.3900146484375,5008.863017578125,4902.3900146484375,downtrend,downtrend_high
2011-12-14,4788.7001953125,4839.5498046875,4750.39990234375,4763.25,development,0.25800214120286363,high,4883.135009765625,5007.42001953125,4883.135009765625,downtrend,downtrend_high
2011-12-15,4712.7998046875,4768.64990234375,4673.85009765625,4746.35009765625,development,0.25423997448546687,high,4867.027514648437,5002.922021484375,4867.027514648437,downtrend,downtrend_high
2011-12-16,4752.5,4818.85009765625,4628.2001953125,4651.60009765625,development,0.26082606641546596,high,4848.085009765625,4997.036025390625,4848.085009765625,downtrend,downtrend_high
2011-12-19,4623.14990234375,4623.14990234375,4555.89990234375,4613.10009765625,development,0.2552242677322819,high,4832.002514648438,4988.9890234375,4832.002514648438,downtrend,downtrend_high
2011-12-20,4635.7998046875,4637.25,4531.14990234375,4544.2001953125,development,0.2584709077898331,high,4813.922534179687,4981.00802734375,4813.922534179687,downtrend,downtrend_high
2011-12-21,4636.4501953125,4707.35009765625,4601.9501953125,4693.14990234375,development,0.27490975468008433,high,4809.662524414062,4977.881025390625,4809.662524414062,downtrend,downtrend_high
2011-12-22,4636.89990234375,4740.60009765625,4632.9501953125,4733.85009765625,development,0.2755558649954529,high,4805.737524414062,4977.115029296875,4805.737524414062,downtrend,downtrend_high
2011-12-23,4763.2001953125,4763.4501953125,4693.2001953125,4714.0,development,0.2642955242544322,high,4806.115014648438,4976.369033203125,4806.115014648438,downtrend,downtrend_high
2011-12-27,4780.2001953125,4800.5,4723.64990234375,4750.5,development,0.26564667934131486,high,4808.137524414063,4973.618037109375,4808.137524414063,downtrend,downtrend_high
2011-12-28,4756.2001953125,4756.2001953125,4685.64990234375,4705.7998046875,development,0.24366001449287525,high,4800.862524414062,4968.14203125,4800.862524414062,downtrend,downtrend_high
2011-12-29,4681.14990234375,4701.7998046875,4639.0498046875,4646.25,development,0.24529099807184676,high,4792.92001953125,4961.580029296875,4792.92001953125,downtrend,downtrend_high
2011-12-30,4659.9501953125,4690.4501953125,4608.89990234375,4624.2998046875,development,0.24402113851331558,high,4782.53251953125,4952.07802734375,4782.53251953125,downtrend,downtrend_high
2012-01-03,4675.7998046875,4773.10009765625,4675.7998046875,4765.2998046875,development,0.25704723779010474,high,4773.955004882812,4945.827021484375,4773.955004882812,downtrend,downtrend_high
2012-01-04,4774.9501953125,4782.85009765625,4728.85009765625,4749.64990234375,development,0.240064463004274,high,4758.930004882813,4938.1740234375,4758.930004882813,downtrend,downtrend_high
2012-01-05,4749.0,4779.7998046875,4730.14990234375,4749.9501953125,development,0.2402923571887771,high,4744.47001953125,4930.80802734375,4744.47001953125,uptrend,uptrend_high
2012-01-06,4724.14990234375,4794.89990234375,4686.85009765625,4754.10009765625,development,0.2391000065577064,high,4729.04501953125,4925.140029296875,4729.04501953125,uptrend,uptrend_high
2012-01-09,4747.5498046875,4758.7001953125,4695.4501953125,4742.7998046875,development,0.22654871125644063,medium,4719.002514648438,4917.21302734375,4719.002514648438,uptrend,uptrend_medium
2012-01-10,4771.85009765625,4855.89990234375,4768.25,4849.5498046875,development,0.23635586054917462,high,4718.144995117187,4912.366025390625,4718.144995117187,uptrend,uptrend_high
2012-01-11,4863.14990234375,4877.2001953125,4841.60009765625,4860.9501953125,development,0.22312211052364178,medium,4722.9625,4908.586025390625,4722.9625,uptrend,uptrend_medium
2012-01-12,4840.9501953125,4869.2001953125,4803.89990234375,4831.25,development,0.2231464313207276,medium,4724.4949951171875,4903.2440234375,4724.4949951171875,uptrend,uptrend_medium
2012-01-13,4861.9501953125,4898.85009765625,4834.2001953125,4866.0,development,0.22218384635562544,medium,4729.632495117187,4896.732021484375,4729.632495117187,uptrend,uptrend_medium
2012-01-16,4844.0,4880.7998046875,4827.0498046875,4873.89990234375,development,0.22148774089662832,medium,4736.009985351562,4886.996015625,4736.009985351562,uptrend,uptrend_medium
2012-01-17,4904.5,4975.5498046875,4904.0,4967.2998046875,development,0.21483634909253385,medium,4751.794970703125,4879.810009765625,4751.794970703125,uptrend,uptrend_medium
2012-01-18,4977.75,4980.64990234375,4931.0498046875,4955.7998046875,development,0.21156541245591665,medium,4768.929956054688,4873.767001953125,4768.929956054688,uptrend,uptrend_medium
2012-01-19,4995.0,5023.7998046875,4991.39990234375,5018.39990234375,development,0.20181120482302273,medium,4792.63994140625,4868.96599609375,4792.63994140625,uptrend,uptrend_medium
2012-01-20,5044.85009765625,5064.14990234375,5004.2998046875,5048.60009765625,development,0.17340375072895833,low,4810.412451171875,4864.622998046875,4810.412451171875,uptrend,uptrend_low
2012-01-23,5025.35009765625,5059.5498046875,5021.35009765625,5046.25,development,0.17297080749234892,low,4826.032446289062,4859.863994140625,4826.032446289062,uptrend,uptrend_low
2012-01-24,5064.7998046875,5141.0498046875,5049.7998046875,5127.35009765625,development,0.17631987688120027,low,4846.699951171875,4856.623994140625,4846.699951171875,uptrend,uptrend_low
2012-01-25,5151.5,5174.14990234375,5130.25,5158.2998046875,development,0.17597770166484572,low,4867.08994140625,4855.368994140625,4867.08994140625,uptrend,uptrend_low
2012-01-27,5216.75,5217.0,5162.39990234375,5204.7001953125,development,0.16911422628585038,low,4892.0349609375,4856.08599609375,4892.0349609375,uptrend,uptrend_low
2012-01-30,5163.5498046875,5166.14990234375,5076.7001953125,5087.2998046875,development,0.18574099409832032,medium,4914.087451171875,4854.864990234375,4914.087451171875,uptrend,uptrend_medium
2012-01-31,5125.25,5215.39990234375,5120.14990234375,5199.25,development,0.19205314144364996,medium,4942.8349609375,4857.479990234375,4942.8349609375,uptrend,uptrend_medium
2012-02-01,5198.14990234375,5244.60009765625,5159.0,5235.7001953125,development,0.16894718745315093,low,4966.35498046875,4861.584990234375,4966.35498046875,uptrend,uptrend_low
2012-02-02,5272.10009765625,5289.9501953125,5225.75,5269.89990234375,development,0.16631174617012334,low,4992.36748046875,4868.28798828125,4992.36748046875,uptrend,uptrend_low
2012-02-03,5276.10009765625,5334.85009765625,5255.5498046875,5325.85009765625,development,0.16615482937438886,low,5021.1624755859375,4876.688994140625,5021.1624755859375,uptrend,uptrend_low
2012-02-06,5379.4501953125,5390.0498046875,5327.25,5361.64990234375,development,0.16515340547891905,low,5051.539965820312,4888.354990234375,5051.539965820312,uptrend,uptrend_low
2012-02-07,5412.9501953125,5413.35009765625,5322.9501953125,5335.14990234375,development,0.16713557098146023,low,5081.157470703125,4898.810986328125,5081.157470703125,uptrend,uptrend_low
2012-02-08,5343.7998046875,5396.89990234375,5325.2001953125,5368.14990234375,development,0.15531910958635584,low,5107.087475585938,4912.04498046875,5107.087475585938,uptrend,uptrend_low
2012-02-09,5343.0498046875,5423.39990234375,5338.89990234375,5412.35009765625,development,0.15532259424006,low,5134.657470703125,4926.090986328125,5134.657470703125,uptrend,uptrend_low
2012-02-10,5399.7998046875,5427.75,5341.0498046875,5381.60009765625,development,0.1549071433958105,low,5162.174975585937,4936.6969921875,5162.174975585937,uptrend,uptrend_low
2012-02-13,5382.10009765625,5421.0498046875,5351.39990234375,5390.2001953125,development,0.1553465416694575,low,5188.384985351562,4948.398994140625,5188.384985351562,uptrend,uptrend_low
2012-02-14,5380.7998046875,5428.0498046875,5377.9501953125,5416.0498046875,development,0.15479200730836704,low,5215.49248046875,4960.078994140625,5215.49248046875,uptrend,uptrend_low
2012-02-15,5460.60009765625,5542.10009765625,5460.60009765625,5531.9501953125,development,0.15761965422813634,low,5243.725,4971.98099609375,5243.725,uptrend,uptrend_low
2012-02-16,5513.75,5531.39990234375,5483.75,5521.9501953125,development,0.15729827258872184,low,5272.03251953125,4981.417001953125,5272.03251953125,uptrend,uptrend_low
2012-02-17,5574.2001953125,5606.7001953125,5545.2001953125,5564.2998046875,development,0.1552749040708597,low,5299.3275146484375,4991.92,5299.3275146484375,uptrend,uptrend_low
2012-02-21,5561.89990234375,5621.5,5561.75,5607.14990234375,development,0.1555041030245596,low,5327.2550048828125,5002.81099609375,5327.2550048828125,uptrend,uptrend_low
2012-02-22,5609.75,5629.9501953125,5491.35009765625,5505.35009765625,development,0.17559240098628992,medium,5350.210009765625,5014.045,5350.210009765625,uptrend,uptrend_medium
2012-02-23,5490.0498046875,5537.39990234375,5460.7998046875,5483.2998046875,development,0.17235753931134518,low,5368.007495117187,5026.3769921875,5368.007495117187,uptrend,uptrend_low
2012-02-24,5479.14990234375,5521.39990234375,5405.89990234375,5429.2998046875,development,0.17827757425649504,medium,5381.5574951171875,5039.670986328125,5381.5574951171875,uptrend,uptrend_medium
2012-02-27,5448.10009765625,5449.7998046875,5268.14990234375,5281.2001953125,development,0.2054999984266395,medium,5385.382495117187,5049.28298828125,5385.382495117187,downtrend,downtrend_medium
2012-02-28,5310.5,5391.10009765625,5306.4501953125,5375.5,development,0.1943180855829017,medium,5399.792504882813,5061.52798828125,5399.792504882813,downtrend,downtrend_medium
2012-02-29,5424.9501953125,5458.7998046875,5352.25,5385.2001953125,development,0.18062672531600923,medium,5409.090014648437,5074.304990234375,5409.090014648437,downtrend,downtrend_medium
2012-03-01,5366.0,5372.4501953125,5297.5,5339.75,development,0.18304813310691198,medium,5414.292504882813,5088.06798828125,5414.292504882813,downtrend,downtrend_medium
2012-03-02,5369.4501953125,5392.5498046875,5315.0498046875,5359.35009765625,development,0.18219087420348085,medium,5418.7650146484375,5102.99298828125,5418.7650146484375,downtrend,downtrend_medium
2012-03-05,5342.5498046875,5344.5,5265.7001953125,5280.35009765625,development,0.1864470986652665,medium,5416.490014648438,5117.715986328125,5416.490014648438,downtrend,downtrend_medium
2012-03-06,5266.0,5382.0498046875,5206.39990234375,5222.39990234375,development,0.18810248739182558,medium,5409.527514648437,5128.300986328125,5409.527514648437,downtrend,downtrend_medium
2012-03-07,5207.0498046875,5243.85009765625,5171.4501953125,5220.4501953125,development,0.18761080122328203,medium,5403.792529296875,5138.03298828125,5403.792529296875,downtrend,downtrend_medium
2012-03-09,5294.10009765625,5342.2998046875,5291.60009765625,5333.5498046875,development,0.2029169953274942,medium,5402.062524414063,5150.423984375,5402.062524414063,downtrend,downtrend_medium
2012-03-12,5420.10009765625,5421.89990234375,5327.2998046875,5359.5498046875,development,0.2013999680709305,medium,5399.422509765625,5162.60498046875,5399.422509765625,downtrend,downtrend_medium
2012-03-13,5391.0498046875,5438.64990234375,5390.7998046875,5429.5,development,0.2058296944943878,medium,5401.8175048828125,5177.078984375,5401.8175048828125,uptrend,uptrend_medium
2012-03-14,5490.5498046875,5499.39990234375,5437.7998046875,5463.89990234375,development,0.2068423742955372,medium,5405.502490234375,5193.431982421875,5405.502490234375,uptrend,uptrend_medium
2012-03-15,5462.5,5462.5,5362.2998046875,5380.5,development,0.21379055150439277,medium,5403.725,5208.555986328125,5403.725,downtrend,downtrend_medium
2012-03-16,5380.35009765625,5445.64990234375,5305.0,5317.89990234375,development,0.20122504500848726,medium,5393.022485351563,5219.60798828125,5393.022485351563,downtrend,downtrend_medium
2012-03-19,5337.35009765625,5340.7001953125,5238.5498046875,5257.0498046875,development,0.20405622877209312,medium,5379.7774658203125,5229.755986328125,5379.7774658203125,downtrend,downtrend_medium
2012-03-20,5257.14990234375,5297.35009765625,5233.25,5274.85009765625,development,0.20181355220438518,medium,5365.30498046875,5240.253984375,5365.30498046875,downtrend,downtrend_medium
2012-03-21,5267.2001953125,5372.35009765625,5256.0,5364.9501953125,development,0.2107085501128602,medium,5353.194995117187,5252.470986328125,5353.194995117187,uptrend,uptrend_medium
2012-03-22,5361.10009765625,5385.9501953125,5205.64990234375,5228.4501953125,development,0.21946933706164362,medium,5339.35,5262.183994140625,5339.35,downtrend,downtrend_medium
2012-03-23,5255.64990234375,5312.0,5220.0,5278.2001953125,development,0.2234395206212991,medium,5329.09501953125,5270.757001953125,5329.09501953125,downtrend,downtrend_medium
2012-03-26,5274.35009765625,5274.9501953125,5174.89990234375,5184.25,development,0.2289483516477426,high,5316.842529296875,5277.222998046875,5316.842529296875,downtrend,downtrend_high
2012-03-27,5242.9501953125,5277.9501953125,5184.64990234375,5243.14990234375,development,0.21338458783908518,medium,5314.940014648438,5285.46099609375,5314.940014648438,downtrend,downtrend_medium
2012-03-28,5231.7001953125,5236.5498046875,5169.60009765625,5194.75,development,0.20432810636839727,medium,5305.902514648437,5292.03599609375,5305.902514648437,downtrend,downtrend_medium
2012-03-29,5145.9501953125,5194.2998046875,5135.9501953125,5178.85009765625,development,0.2039730202483145,medium,5295.585009765625,5298.135,5295.585009765625,downtrend,downtrend_medium
2012-03-30,5206.60009765625,5307.10009765625,5203.64990234375,5295.5498046875,development,0.21976752330542093,medium,5293.375,5304.7,5293.375,uptrend,uptrend_medium
2012-04-02,5296.35009765625,5331.5498046875,5278.7998046875,5317.89990234375,development,0.2199087413529437,medium,5291.302490234375,5311.942001953125,5291.302490234375,uptrend,uptrend_medium
2012-04-03,5353.2001953125,5378.75,5344.4501953125,5358.5,development,0.21469812512706826,medium,5295.209985351563,5318.74400390625,5295.209985351563,uptrend,uptrend_medium
2012-04-04,5328.64990234375,5338.39990234375,5305.2998046875,5322.89990234375,development,0.21207635578882905,medium,5300.2349853515625,5324.23,5300.2349853515625,uptrend,uptrend_medium
2012-04-09,5282.5,5287.89990234375,5228.0,5234.39990234375,development,0.22116372891109332,high,5300.932470703125,5327.992998046875,5300.932470703125,downtrend,downtrend_high
2012-04-10,5254.10009765625,5255.7998046875,5211.85009765625,5243.60009765625,development,0.20636267406727324,medium,5296.434985351562,5330.317998046875,5296.434985351562,downtrend,downtrend_medium
2012-04-11,5209.4501953125,5263.64990234375,5190.7998046875,5226.85009765625,development,0.20542100747016653,medium,5289.8,5331.68900390625,5289.8,downtrend,downtrend_medium
2012-04-12,5246.75,5290.60009765625,5246.75,5276.85009765625,development,0.20257267367948056,medium,5282.167504882813,5333.132001953125,5282.167504882813,downtrend,downtrend_medium
2012-04-13,5255.7001953125,5306.75,5185.39990234375,5207.4501953125,development,0.20457040747312955,medium,5269.34501953125,5335.535009765625,5269.34501953125,downtrend,downtrend_medium
2012-04-16,5190.60009765625,5233.5,5183.5,5226.2001953125,development,0.19964147793277529,medium,5261.630029296875,5336.074013671875,5261.630029296875,downtrend,downtrend_medium
2012-04-17,5266.60009765625,5298.2001953125,5208.35009765625,5289.7001953125,development,0.20128088251607035,medium,5260.220043945313,5337.154013671875,5260.220043945313,uptrend,uptrend_medium
2012-04-18,5320.7001953125,5342.0,5293.4501953125,5300.0,development,0.19691637810693013,medium,5262.3675537109375,5337.756015625,5262.3675537109375,uptrend,uptrend_medium
2012-04-19,5320.60009765625,5342.4501953125,5291.2998046875,5332.39990234375,development,0.19768658766609296,medium,5265.245043945312,5337.88701171875,5265.245043945312,uptrend,uptrend_medium
2012-04-20,5313.9501953125,5336.14990234375,5245.4501953125,5290.85009765625,development,0.18976847965101395,medium,5261.5400390625,5336.471015625,5261.5400390625,uptrend,uptrend_medium
2012-04-23,5277.39990234375,5310.5498046875,5187.14990234375,5200.60009765625,development,0.17713912549276212,medium,5260.147534179688,5333.78001953125,5260.147534179688,downtrend,downtrend_medium
2012-04-24,5215.89990234375,5232.35009765625,5180.35009765625,5222.64990234375,development,0.17426505163536513,low,5257.37001953125,5330.87001953125,5257.37001953125,downtrend,downtrend_low
2012-04-25,5222.2001953125,5236.10009765625,5160.64990234375,5202.0,development,0.16254105987897385,low,5258.25751953125,5326.663017578125,5258.25751953125,downtrend,downtrend_low
2012-04-26,5214.75,5215.60009765625,5179.0498046875,5189.0,development,0.1573027731467194,low,5255.550024414062,5322.811015625,5255.550024414062,downtrend,downtrend_low
2012-04-27,5189.0,5223.0498046875,5154.2998046875,5190.60009765625,development,0.15386490588233115,low,5255.342529296875,5318.819013671875,5255.342529296875,downtrend,downtrend_low
2012-04-30,5201.4501953125,5262.14990234375,5201.4501953125,5248.14990234375,development,0.15825957907868074,low,5258.80751953125,5315.461015625,5258.80751953125,downtrend,downtrend_low
2012-05-02,5254.2998046875,5279.60009765625,5226.4501953125,5239.14990234375,development,0.1357145559728621,low,5255.987524414062,5309.605009765625,5255.987524414062,downtrend,downtrend_low
2012-05-03,5211.2001953125,5217.2998046875,5180.64990234375,5188.39990234375,development,0.13825276551969085,low,5249.512524414063,5302.93400390625,5249.512524414063,downtrend,downtrend_low
2012-05-04,5166.64990234375,5177.2001953125,5070.60009765625,5086.85009765625,development,0.14855218712269702,low,5235.930029296875,5293.385009765625,5235.930029296875,downtrend,downtrend_low
2012-05-07,5017.7998046875,5124.75,4988.0,5114.14990234375,development,0.15027654766850015,low,5225.492529296875,5283.525009765625,5225.492529296875,downtrend,downtrend_low
2012-05-08,5114.7001953125,5119.9501953125,4983.60009765625,4999.9501953125,development,0.15878502135649755,low,5213.770043945313,5273.41701171875,5213.770043945313,downtrend,downtrend_low
2012-05-09,4967.89990234375,5016.25,4956.4501953125,4974.7998046875,development,0.15834543685708963,low,5200.330029296875,5263.24701171875,5200.330029296875,downtrend,downtrend_low
2012-05-10,4984.14990234375,5039.2998046875,4950.2998046875,4965.7001953125,development,0.15834935830333383,low,5187.272534179688,5253.97501953125,5187.272534179688,downtrend,downtrend_low
2012-05-11,4938.85009765625,4976.25,4906.14990234375,4928.89990234375,development,0.15253500720587354,low,5169.875024414063,5246.929013671875,5169.875024414063,downtrend,downtrend_low
2012-05-14,4934.35009765625,4957.2001953125,4874.5,4907.7998046875,development,0.14817056294376682,low,5154.892504882812,5237.575009765625,5154.892504882812,downtrend,downtrend_low
2012-05-15,4869.85009765625,4955.2001953125,4868.5498046875,4942.7998046875,development,0.15073842621220712,low,5140.722485351563,5228.727001953125,5140.722485351563,downtrend,downtrend_low
2012-05-16,4875.2998046875,4882.25,4837.0498046875,4858.25,development,0.14815653959274191,low,5119.149975585938,5219.097001953125,5119.149975585938,downtrend,downtrend_low
2012-05-17,4878.60009765625,4922.25,4850.2001953125,4870.2001953125,development,0.14844968383155777,low,5097.659985351563,5209.31400390625,5097.659985351563,downtrend,downtrend_low
2012-05-18,4796.39990234375,4908.5,4788.9501953125,4891.4501953125,development,0.14696324125576282,low,5075.6125,5201.536005859375,5075.6125,downtrend,downtrend_low
2012-05-22,4954.7001953125,4956.35009765625,4849.89990234375,4860.5,development,0.14658858917943055,low,5054.094995117188,5194.2980078125,5054.094995117188,downtrend,downtrend_low
2012-05-23,4843.0,4853.75,4803.9501953125,4835.64990234375,development,0.13859816267910358,low,5035.847485351563,5186.602001953125,5035.847485351563,downtrend,downtrend_low
2012-05-24,4863.39990234375,4931.89990234375,4830.14990234375,4921.39990234375,development,0.15590904158323016,low,5020.784985351563,5178.35900390625,5020.784985351563,downtrend,downtrend_low
2012-05-25,4905.9501953125,4935.7998046875,4889.35009765625,4920.39990234375,development,0.15614748835399256,low,5006.70498046875,5169.576005859375,5006.70498046875,downtrend,downtrend_low
2012-05-28,4931.7001953125,4994.9501953125,4931.2998046875,4985.64990234375,development,0.16616055062814192,low,4996.5374755859375,5160.69900390625,4996.5374755859375,downtrend,downtrend_low
2012-05-29,5005.35009765625,5020.14990234375,4982.14990234375,4990.10009765625,development,0.16627851934128102,low,4986.512475585938,5151.2230078125,4986.512475585938,uptrend,uptrend_low
2012-05-30,4964.25,4982.25,4944.89990234375,4950.75,development,0.16012539352424068,low,4971.64248046875,5142.6280078125,4971.64248046875,downtrend,downtrend_low
2012-05-31,4896.10009765625,4924.25,4894.4501953125,4924.25,development,0.16029969305007088,low,4955.897485351563,5134.755009765625,4955.897485351563,downtrend,downtrend_low
2012-06-01,4910.85009765625,4925.0,4831.75,4841.60009765625,development,0.1660752396271036,low,4938.5574951171875,5126.446015625,4938.5574951171875,downtrend,downtrend_low
2012-06-04,4797.2998046875,4858.2998046875,4770.35009765625,4848.14990234375,development,0.15531172712658511,low,4926.622485351562,5117.91201171875,4926.622485351562,downtrend,downtrend_low
2012-06-05,4869.4501953125,4898.9501953125,4847.7001953125,4863.2998046875,development,0.15403209013903807,low,4914.07998046875,5107.87900390625,4914.07998046875,downtrend,downtrend_low
2012-06-06,4886.64990234375,5010.4501953125,4886.14990234375,4997.10009765625,development,0.16960379202594786,low,4913.937475585937,5103.252001953125,4913.937475585937,uptrend,uptrend_low
2012-06-07,5035.35009765625,5059.64990234375,5007.75,5049.64990234375,development,0.17241183133236004,medium,4917.67998046875,5098.68099609375,4917.67998046875,uptrend,uptrend_medium
2012-06-08,5044.25,5084.4501953125,4994.7998046875,5068.35009765625,development,0.17241013656219606,medium,4922.812475585937,5096.362998046875,4922.812475585937,uptrend,uptrend_medium
2012-06-11,5096.7001953125,5124.4501953125,5040.7001953125,5054.10009765625,development,0.17016449344426138,low,4929.072485351562,5092.582001953125,4929.072485351562,uptrend,uptrend_low
2012-06-12,5015.5,5128.89990234375,5015.14990234375,5115.89990234375,development,0.17303711859555612,medium,4939.477490234375,5091.005,4939.477490234375,uptrend,uptrend_medium
2012-06-13,5117.5498046875,5144.89990234375,5095.4501953125,5121.4501953125,development,0.17204960838141678,low,4948.410009765625,5089.857001953125,4948.410009765625,uptrend,uptrend_low
2012-06-14,5105.10009765625,5130.0,5047.60009765625,5054.75,development,0.16661456431619107,low,4958.235009765625,5085.041005859375,4958.235009765625,uptrend,uptrend_low
2012-06-15,5069.5498046875,5146.2001953125,5069.14990234375,5139.0498046875,development,0.1745479740171769,medium,4971.677490234375,5081.46400390625,4971.677490234375,uptrend,uptrend_medium
2012-06-18,5174.0,5190.2001953125,5041.7001953125,5064.25,development,0.18483973716183943,medium,4980.31748046875,5075.57900390625,4980.31748046875,uptrend,uptrend_medium
2012-06-19,5050.7998046875,5113.60009765625,5048.10009765625,5103.85009765625,development,0.18340378371636953,medium,4992.4849853515625,5071.1980078125,4992.4849853515625,uptrend,uptrend_medium
2012-06-20,5114.5498046875,5141.7001953125,5100.7001953125,5120.5498046875,development,0.18118397822673424,medium,5006.72998046875,5068.921005859375,5006.72998046875,uptrend,uptrend_medium
2012-06-21,5097.35009765625,5170.39990234375,5093.4501953125,5165.0,development,0.17408377446443762,medium,5018.909985351563,5067.34900390625,5018.909985351563,uptrend,uptrend_medium
2012-06-22,5101.75,5159.7998046875,5094.0,5146.0498046875,development,0.175222043241902,medium,5030.19248046875,5065.732998046875,5030.19248046875,uptrend,uptrend_medium
2012-06-25,5158.5,5194.60009765625,5105.64990234375,5114.64990234375,development,0.17262086329570261,low,5036.64248046875,5062.488994140625,5036.64248046875,uptrend,uptrend_low
2012-06-26,5107.4501953125,5134.5498046875,5095.5,5120.7998046875,development,0.17261385877775576,low,5043.177465820312,5060.755986328125,5043.177465820312,uptrend,uptrend_low
2012-06-27,5149.4501953125,5160.10009765625,5129.25,5141.89990234375,development,0.16932396492428603,low,5052.7349609375,5059.06998046875,5052.7349609375,uptrend,uptrend_low
2012-06-28,5148.9501953125,5159.0498046875,5125.2998046875,5149.14990234375,development,0.16714322205963514,low,5063.979956054687,5056.258974609375,5063.979956054687,uptrend,uptrend_low
2012-06-29,5191.25,5286.25,5189.0,5278.89990234375,development,0.17001529044045516,low,5085.844946289062,5055.83697265625,5085.844946289062,uptrend,uptrend_low
2012-07-02,5283.85009765625,5302.14990234375,5263.35009765625,5278.60009765625,development,0.17042209810540762,low,5107.367456054688,5054.7609765625,5107.367456054688,uptrend,uptrend_low
2012-07-03,5298.85009765625,5317.0,5265.9501953125,5287.9501953125,development,0.17061525355207005,low,5128.5999755859375,5054.702978515625,5128.5999755859375,uptrend,uptrend_low
2012-07-04,5310.39990234375,5317.64990234375,5273.2998046875,5302.5498046875,development,0.14681578180971683,low,5143.8724609375,5056.74197265625,5143.8724609375,uptrend,uptrend_low
2012-07-05,5297.0498046875,5333.64990234375,5288.85009765625,5327.2998046875,development,0.14429685399517736,low,5157.754956054688,5058.834970703125,5157.754956054688,uptrend,uptrend_low
2012-07-06,5324.7001953125,5327.2001953125,5287.75,5316.9501953125,development,0.14517512092051651,low,5170.1849609375,5061.133974609375,5170.1849609375,uptrend,uptrend_low
2012-07-09,5283.7001953125,5300.60009765625,5257.75,5275.14990234375,development,0.14866143006727028,low,5181.237451171875,5062.85697265625,5181.237451171875,uptrend,uptrend_low
2012-07-10,5286.60009765625,5348.5498046875,5284.5498046875,5345.35009765625,development,0.14967520203578474,low,5192.7099609375,5065.95197265625,5192.7099609375,uptrend,uptrend_low
2012-07-11,5315.25,5336.4501953125,5300.25,5306.2998046875,development,0.15344820660661412,low,5201.95244140625,5067.114970703125,5201.95244140625,uptrend,uptrend_low
2012-07-12,5240.0,5261.75,5217.7001953125,5235.25,development,0.15392252703702314,low,5210.97744140625,5067.03697265625,5210.97744140625,uptrend,uptrend_low
2012-07-13,5242.75,5267.14990234375,5216.85009765625,5227.25,development,0.14381861492623343,low,5215.387451171875,5067.813974609375,5215.387451171875,uptrend,uptrend_low
2012-07-16,5232.35009765625,5246.85009765625,5190.4501953125,5197.25,development,0.13435449130342209,low,5222.037451171875,5070.02197265625,5222.037451171875,downtrend,downtrend_low
2012-07-17,5228.0498046875,5236.7001953125,5181.7001953125,5192.85009765625,development,0.13230942554873779,low,5226.487451171875,5071.5959765625,5226.487451171875,downtrend,downtrend_low
2012-07-18,5199.10009765625,5222.85009765625,5169.0498046875,5216.2998046875,development,0.13267862292350968,low,5231.274951171875,5075.92296875,5231.274951171875,downtrend,downtrend_low
2012-07-19,5249.85009765625,5257.75,5233.14990234375,5242.7001953125,development,0.13048893475760742,low,5235.1599609375,5081.2809765625,5235.1599609375,uptrend,uptrend_low
2012-07-20,5233.5498046875,5238.7001953125,5197.5,5205.10009765625,development,0.13264708882781334,low,5238.112475585937,5086.068974609375,5238.112475585937,downtrend,downtrend_low
2012-07-23,5163.25,5164.2001953125,5108.10009765625,5117.9501953125,development,0.14461964215789316,low,5238.277490234375,5089.84998046875,5238.277490234375,downtrend,downtrend_low
2012-07-24,5128.7998046875,5144.0,5103.25,5128.2001953125,development,0.14473051170957468,low,5238.647509765625,5094.25798828125,5238.647509765625,downtrend,downtrend_low
2012-07-25,5118.39990234375,5121.60009765625,5076.60009765625,5109.60009765625,development,0.1444968245265278,low,5237.03251953125,5097.593994140625,5237.03251953125,downtrend,downtrend_low
2012-07-26,5126.2998046875,5126.2998046875,5032.39990234375,5043.0,development,0.15120262666569614,low,5231.725024414062,5101.288994140625,5231.725024414062,downtrend,downtrend_low
2012-07-27,5124.2998046875,5149.9501953125,5077.5,5099.85009765625,development,0.1250158352953059,low,5222.772534179688,5105.8819921875,5222.772534179688,downtrend,downtrend_low
2012-07-30,5129.75,5206.60009765625,5129.75,5199.7998046875,development,0.14611821719930465,low,5218.83251953125,5112.048984375,5218.83251953125,downtrend,downtrend_low
2012-07-31,5214.85009765625,5234.5498046875,5154.0498046875,5229.0,development,0.1476141540539201,low,5215.885009765625,5119.418984375,5215.885009765625,uptrend,uptrend_low
2012-08-01,5220.7001953125,5246.35009765625,5212.64990234375,5240.5,development,0.14746200334957038,low,5212.78251953125,5127.515986328125,5212.78251953125,uptrend,uptrend_low
2012-08-02,5233.10009765625,5236.89990234375,5209.9501953125,5227.75,development,0.14628074528313678,low,5207.805029296875,5133.64298828125,5207.805029296875,uptrend,uptrend_low
2012-08-03,5195.60009765625,5220.2001953125,5164.64990234375,5215.7001953125,development,0.14632055634603397,low,5202.742529296875,5139.548994140625,5202.742529296875,uptrend,uptrend_low
2012-08-06,5260.85009765625,5293.2001953125,5260.85009765625,5282.5498046875,development,0.15162502695309388,low,5203.112524414062,5145.4869921875,5203.112524414062,uptrend,uptrend_low
2012-08-07,5295.39990234375,5350.10009765625,5281.64990234375,5336.7001953125,development,0.14845195196768887,low,5202.680029296875,5152.418994140625,5202.680029296875,uptrend,uptrend_low
2012-08-08,5345.25,5377.60009765625,5331.0498046875,5338.0,development,0.14594871384911529,low,5204.2650390625,5160.163994140625,5204.2650390625,uptrend,uptrend_low
2012-08-09,5348.2998046875,5368.2001953125,5312.10009765625,5322.9501953125,development,0.1373306756988224,low,5208.650048828125,5168.137998046875,5208.650048828125,uptrend,uptrend_low
2012-08-10,5308.2001953125,5330.10009765625,5294.10009765625,5320.39990234375,development,0.13713842436195953,low,5213.307543945312,5177.713994140625,5213.307543945312,uptrend,uptrend_low
2012-08-13,5316.35009765625,5352.4501953125,5309.0498046875,5347.89990234375,development,0.1355714917970602,low,5220.8400390625,5187.708994140625,5220.8400390625,uptrend,uptrend_low
2012-08-14,5343.25,5387.0498046875,5328.7998046875,5380.35009765625,development,0.13622836908904531,low,5230.2150390625,5198.05,5230.2150390625,uptrend,uptrend_low
2012-08-16,5385.9501953125,5390.64990234375,5356.64990234375,5362.9501953125,development,0.13696236313340598,low,5237.54755859375,5205.367001953125,5237.54755859375,uptrend,uptrend_low
2012-08-17,5368.60009765625,5399.9501953125,5341.7001953125,5366.2998046875,development,0.1363029351121389,low,5243.7275390625,5211.7,5243.7275390625,uptrend,uptrend_low
2012-08-21,5368.7001953125,5425.14990234375,5368.7001953125,5421.0,development,0.13609292337578277,low,5254.522534179688,5218.752998046875,5254.522534179688,uptrend,uptrend_low
2012-08-22,5395.75,5433.35009765625,5394.7998046875,5412.85009765625,development,0.11765509025605113,low,5269.267529296875,5225.927998046875,5269.267529296875,uptrend,uptrend_low
2012-08-23,5426.14990234375,5448.60009765625,5393.85009765625,5415.35009765625,development,0.11792578545485287,low,5283.625024414063,5231.917001953125,5283.625024414063,uptrend,uptrend_low
2012-08-24,5392.60009765625,5399.64990234375,5371.0,5386.7001953125,development,0.11925989850495206,low,5297.480029296875,5237.222001953125,5297.480029296875,uptrend,uptrend_low
2012-08-27,5387.85009765625,5399.14990234375,5346.64990234375,5350.25,development,0.11003097172938614,low,5312.842529296875,5243.132001953125,5312.842529296875,uptrend,uptrend_low
2012-08-29,5343.85009765625,5345.5,5282.7001953125,5287.7998046875,development,0.11702788555072922,low,5322.240014648438,5246.107001953125,5322.240014648438,downtrend,downtrend_low
2012-08-30,5268.60009765625,5342.7998046875,5255.0498046875,5315.0498046875,development,0.097564400114149,low,5328.002514648438,5251.122998046875,5328.002514648438,downtrend,downtrend_low
2012-08-31,5298.2001953125,5303.25,5238.89990234375,5258.5,development,0.10443819976178925,low,5329.477514648437,5254.21599609375,5329.477514648437,downtrend,downtrend_low
2012-09-03,5276.5,5295.7998046875,5243.14990234375,5253.75,development,0.1042711308239394,low,5330.1400146484375,5256.88,5330.1400146484375,downtrend,downtrend_low
2012-09-04,5249.14990234375,5278.35009765625,5233.2001953125,5274.0,development,0.10459594660205192,low,5332.4525146484375,5259.06,5332.4525146484375,downtrend,downtrend_low
2012-09-05,5243.89990234375,5259.5,5215.7001953125,5225.7001953125,development,0.10970376604428646,low,5332.9525146484375,5260.6530078125,5332.9525146484375,downtrend,downtrend_low
2012-09-06,5217.64990234375,5260.60009765625,5217.64990234375,5238.39990234375,development,0.09947628366104712,low,5330.74501953125,5263.1280078125,5330.74501953125,downtrend,downtrend_low
2012-09-07,5309.4501953125,5347.14990234375,5309.2001953125,5342.10009765625,development,0.11722032569554006,low,5331.0150146484375,5267.554013671875,5331.0150146484375,uptrend,uptrend_low
2012-09-10,5361.89990234375,5375.4501953125,5349.10009765625,5363.4501953125,development,0.11804541583795197,low,5332.287524414062,5271.98501953125,5332.287524414062,uptrend,uptrend_low
2012-09-11,5336.10009765625,5393.35009765625,5332.10009765625,5390.0,development,0.11857421045436428,low,5335.6400146484375,5276.802021484375,5335.6400146484375,uptrend,uptrend_low
2012-09-12,5404.4501953125,5435.5498046875,5393.9501953125,5431.0,development,0.12099964582425317,low,5341.17001953125,5279.8440234375,5341.17001953125,uptrend,uptrend_low
2012-09-13,5435.2001953125,5447.4501953125,5421.85009765625,5435.35009765625,development,0.1200202969173806,low,5345.542529296875,5282.9790234375,5345.542529296875,uptrend,uptrend_low
2012-09-14,5528.35009765625,5586.64990234375,5526.9501953125,5577.64990234375,development,0.14930420688227014,low,5355.40751953125,5288.773017578125,5355.40751953125,uptrend,uptrend_low
2012-09-17,5631.75,5652.2001953125,5585.14990234375,5610.0,development,0.14867137189132626,low,5367.760009765625,5294.922021484375,5367.760009765625,uptrend,uptrend_low
2012-09-18,5602.39990234375,5620.5498046875,5586.4501953125,5600.0498046875,development,0.1492714266343321,low,5379.447509765625,5300.377021484375,5379.447509765625,uptrend,uptrend_low
2012-09-20,5536.9501953125,5581.35009765625,5534.89990234375,5554.25,development,0.1504245262981672,low,5386.110009765625,5305.123017578125,5386.110009765625,uptrend,uptrend_low
2012-09-21,5577.0,5720.0,5575.4501953125,5691.14990234375,development,0.17125839868100645,medium,5400.025,5313.443017578125,5400.025,uptrend,uptrend_medium
2012-09-24,5691.9501953125,5709.85009765625,5662.75,5669.60009765625,development,0.1726089379296173,medium,5412.7375,5319.928017578125,5412.7375,uptrend,uptrend_medium
2012-09-25,5674.89990234375,5702.7001953125,5652.4501953125,5673.89990234375,development,0.1703776165671789,medium,5427.097485351563,5327.28001953125,5427.097485351563,uptrend,uptrend_medium
2012-09-26,5653.39990234375,5672.7998046875,5638.64990234375,5663.4501953125,development,0.1676404112961212,medium,5442.757495117187,5335.8440234375,5442.757495117187,uptrend,uptrend_medium
2012-09-27,5673.75,5693.7001953125,5639.7001953125,5649.5,development,0.16003691298934303,medium,5460.842504882812,5344.2890234375,5460.842504882812,uptrend,uptrend_medium
2012-09-28,5684.7998046875,5735.14990234375,5683.4501953125,5703.2998046875,development,0.16143133450733096,medium,5480.2550048828125,5354.41001953125,5480.2550048828125,uptrend,uptrend_medium
2012-10-01,5704.75,5722.9501953125,5694.0,5718.7998046875,development,0.15254461548073098,low,5503.269995117187,5364.929013671875,5503.269995117187,uptrend,uptrend_low
2012-10-03,5727.7001953125,5743.25,5715.7998046875,5731.25,development,0.15155365703575444,low,5527.144995117187,5375.228017578125,5527.144995117187,uptrend,uptrend_low
2012-10-04,5751.5498046875,5807.25,5751.35009765625,5787.60009765625,development,0.15274792677305388,low,5552.825,5386.126015625,5552.825,uptrend,uptrend_low
2012-10-05,5815.0,5815.35009765625,4888.2001953125,5746.9501953125,development,0.15034842177427146,low,5578.8875,5396.963017578125,5578.8875,uptrend,uptrend_low
2012-10-08,5751.85009765625,5751.85009765625,5666.2001953125,5676.0,development,0.16213377110947738,medium,5600.767504882812,5408.124013671875,5600.767504882812,uptrend,uptrend_medium
2012-10-09,5708.14990234375,5728.64990234375,5677.89990234375,5704.60009765625,development,0.15124396295370307,low,5618.892504882812,5419.65201171875,5618.892504882812,uptrend,uptrend_low
2012-10-10,5671.14990234375,5686.5,5647.0498046875,5652.14990234375,development,0.15758870404613035,medium,5633.327490234375,5430.5030078125,5633.327490234375,uptrend,uptrend_medium
2012-10-11,5663.5,5721.10009765625,5636.9501953125,5708.0498046875,development,0.15950011120291574,medium,5649.22998046875,5443.80400390625,5649.22998046875,uptrend,uptrend_medium
2012-10-12,5681.7001953125,5725.0,5659.35009765625,5676.0498046875,development,0.16123506135898172,medium,5661.482470703125,5455.327998046875,5661.482470703125,uptrend,uptrend_medium
2012-10-15,5674.25,5693.7001953125,5651.0498046875,5687.25,development,0.16114826673204502,medium,5674.077465820313,5465.077001953125,5674.077465820313,uptrend,uptrend_medium
2012-10-16,5705.60009765625,5714.0,5635.60009765625,5648.0,development,0.13717342243822991,low,5677.594970703125,5473.457001953125,5677.594970703125,downtrend,downtrend_low
2012-10-17,5681.10009765625,5684.35009765625,5633.89990234375,5660.25,development,0.13596988375540037,low,5680.107470703125,5481.852001953125,5680.107470703125,downtrend,downtrend_low
2012-10-18,5675.2998046875,5722.5,5650.5498046875,5718.7001953125,development,0.14003231942613867,low,5686.039990234375,5491.671005859375,5686.039990234375,uptrend,uptrend_low
2012-10-19,5703.2998046875,5711.7001953125,5660.0,5684.25,development,0.13834059168776786,low,5692.539990234375,5501.042001953125,5692.539990234375,downtrend,downtrend_low
2012-10-22,5667.60009765625,5721.5498046875,5658.0498046875,5717.14990234375,development,0.10902299922339281,low,5693.839990234375,5509.73400390625,5693.839990234375,uptrend,uptrend_low
2012-10-23,5715.64990234375,5720.7998046875,5681.4501953125,5691.39990234375,development,0.10940441759255938,low,5694.92998046875,5516.827998046875,5694.92998046875,downtrend,downtrend_low
2012-10-25,5688.7998046875,5718.75,5685.7001953125,5705.2998046875,development,0.1096783871438001,low,5696.499975585937,5524.173994140625,5696.499975585937,uptrend,uptrend_low
2012-10-29,5665.2001953125,5698.2998046875,5645.10009765625,5665.60009765625,development,0.11247100224312162,low,5696.607470703125,5531.0269921875,5696.607470703125,downtrend,downtrend_low
2012-10-30,5656.35009765625,5689.89990234375,5589.89990234375,5597.89990234375,development,0.12005897502992385,low,5694.0274658203125,5536.5769921875,5694.0274658203125,downtrend,downtrend_low
2012-10-31,5596.75,5624.39990234375,5583.0498046875,5619.7001953125,development,0.11544301561553444,low,5689.847485351563,5542.012998046875,5689.847485351563,downtrend,downtrend_low
2012-11-01,5609.85009765625,5649.75,5601.9501953125,5645.0498046875,development,0.11632188358255788,low,5686.159985351563,5547.3069921875,5686.159985351563,downtrend,downtrend_low
2012-11-02,5696.35009765625,5711.2998046875,5682.5498046875,5697.7001953125,development,0.1212682199908889,low,5684.482495117188,5554.0019921875,5684.482495117188,uptrend,uptrend_low
2012-11-05,5693.0498046875,5709.2001953125,5679.5,5704.2001953125,development,0.11545444952789909,low,5680.3125,5560.76,5680.3125,uptrend,uptrend_low
2012-11-06,5694.10009765625,5730.7998046875,5693.64990234375,5724.39990234375,development,0.11385960656948373,low,5679.184985351562,5566.827998046875,5679.184985351562,uptrend,uptrend_low
2012-11-07,5718.60009765625,5777.2998046875,5711.39990234375,5760.10009765625,development,0.10636813463251256,low,5683.389990234375,5573.772998046875,5683.389990234375,uptrend,uptrend_low
2012-11-08,5709.0,5744.5,5693.9501953125,5738.75,development,0.1062287594247596,low,5685.097485351563,5580.24099609375,5685.097485351563,uptrend,uptrend_low
2012-11-09,5731.10009765625,5751.7001953125,5677.75,5686.25,development,0.10617418718238848,low,5686.802490234375,5586.2319921875,5686.802490234375,downtrend,downtrend_low
2012-11-12,5688.4501953125,5718.89990234375,5665.75,5683.7001953125,development,0.09997880113099263,low,5685.585009765625,5592.90099609375,5685.585009765625,downtrend,downtrend_low
2012-11-15,5650.35009765625,5651.64990234375,5603.5498046875,5631.0,development,0.10339888407222457,low,5683.33251953125,5599.765,5683.33251953125,downtrend,downtrend_low
2012-11-16,5624.7998046875,5650.14990234375,5559.7998046875,5574.0498046875,development,0.10852741158700917,low,5677.672509765625,5604.945,5677.672509765625,downtrend,downtrend_low
2012-11-19,5577.2998046875,5592.75,5549.25,5571.39990234375,development,0.10625241177897381,low,5673.842504882812,5611.202998046875,5673.842504882812,downtrend,downtrend_low
2012-11-20,5604.7998046875,5613.7001953125,5548.35009765625,5571.5498046875,development,0.1057666288574802,low,5669.407495117188,5617.558994140625,5669.407495117188,downtrend,downtrend_low
2012-11-21,5582.5,5620.2001953125,5561.39990234375,5614.7998046875,development,0.10254204462065829,low,5664.212475585938,5624.374990234375,5664.212475585938,downtrend,downtrend_low
2012-11-22,5628.60009765625,5643.35009765625,5608.0,5627.75,development,0.10127285846355784,low,5661.387475585938,5632.415986328125,5661.387475585938,downtrend,downtrend_low
2012-11-23,5635.4501953125,5637.75,5593.5498046875,5626.60009765625,development,0.0985511361075894,low,5656.8599853515625,5640.179990234375,5656.8599853515625,downtrend,downtrend_low
2012-11-26,5648.64990234375,5649.2001953125,5623.4501953125,5635.89990234375,development,0.09788608929486596,low,5654.084985351563,5646.055986328125,5654.084985351563,downtrend,downtrend_low
2012-11-27,5658.5,5733.2001953125,5658.0,5727.4501953125,development,0.11423106664419765,low,5655.1925048828125,5653.335986328125,5655.1925048828125,uptrend,uptrend_low
2012-11-29,5736.7001953125,5833.5,5736.10009765625,5825.0,development,0.12543289000404578,low,5663.1625,5662.035986328125,5663.1625,uptrend,uptrend_low
2012-11-30,5836.0,5885.25,5827.85009765625,5879.85009765625,development,0.1179377369219293,low,5677.260009765625,5671.01298828125,5677.260009765625,uptrend,uptrend_low
2012-12-03,5878.25,5899.14990234375,5854.60009765625,5870.9501953125,development,0.11864147343503503,low,5689.822509765625,5679.724990234375,5689.822509765625,uptrend,uptrend_low
2012-12-04,5866.7998046875,5894.9501953125,5859.0,5889.25,development,0.11838674183883863,low,5702.03251953125,5685.9569921875,5702.03251953125,uptrend,uptrend_low
2012-12-05,5906.60009765625,5917.7998046875,5891.35009765625,5900.5,development,0.11530735638780115,low,5712.172509765625,5691.7669921875,5712.172509765625,uptrend,uptrend_low
2012-12-06,5926.2998046875,5942.5498046875,5838.89990234375,5930.89990234375,development,0.11589227880674986,low,5723.507495117187,5698.383994140625,5723.507495117187,uptrend,uptrend_low
2012-12-07,5934.0,5949.85009765625,5888.64990234375,5907.39990234375,development,0.1175961410447432,low,5732.657495117188,5705.4469921875,5732.657495117188,uptrend,uptrend_low
2012-12-10,5916.0498046875,5919.9501953125,5888.10009765625,5908.89990234375,development,0.11637923974743744,low,5740.097485351563,5709.8019921875,5740.097485351563,uptrend,uptrend_low
2012-12-11,5923.7998046875,5965.14990234375,5865.4501953125,5898.7998046875,development,0.11545156989820361,low,5748.0999755859375,5714.385986328125,5748.0999755859375,uptrend,uptrend_low
2012-12-12,5917.7998046875,5924.60009765625,5874.25,5888.0,development,0.1093434199799646,low,5758.187475585937,5718.66798828125,5758.187475585937,uptrend,uptrend_low
2012-12-13,5900.35009765625,5907.4501953125,5841.35009765625,5851.5,development,0.11274148829227909,low,5766.577465820313,5722.428984375,5766.577465820313,uptrend,uptrend_low
2012-12-14,5846.89990234375,5886.10009765625,5839.14990234375,5879.60009765625,development,0.10579433024572836,low,5779.007470703125,5727.030986328125,5779.007470703125,uptrend,uptrend_low
2012-12-17,5860.5,5886.0498046875,5850.14990234375,5857.89990234375,development,0.09806682330607812,low,5793.199975585938,5730.12298828125,5793.199975585938,uptrend,uptrend_low
2012-12-18,5873.60009765625,5905.7998046875,5823.14990234375,5896.7998046875,development,0.0984511671214198,low,5809.469970703125,5733.68298828125,5809.469970703125,uptrend,uptrend_low
2012-12-19,5917.2998046875,5939.39990234375,5910.7998046875,5929.60009765625,development,0.09829884906839705,low,5827.372485351562,5737.649990234375,5827.372485351562,uptrend,uptrend_low
2012-12-20,5934.4501953125,5937.60009765625,5881.4501953125,5916.39990234375,development,0.09845931746998055,low,5842.452490234375,5740.225986328125,5842.452490234375,uptrend,uptrend_low
2012-12-21,5888.0,5888.0,5841.64990234375,5847.7001953125,development,0.11071292962457652,low,5853.45,5742.240986328125,5853.45,downtrend,downtrend_low
2012-12-24,5869.0,5871.89990234375,5844.7001953125,5855.75,development,0.11044838255609336,low,5864.907495117188,5745.835986328125,5864.907495117188,downtrend,downtrend_low
2012-12-26,5864.9501953125,5917.2998046875,5859.5498046875,5905.60009765625,development,0.11280453094477534,low,5878.392504882812,5749.855986328125,5878.392504882812,uptrend,uptrend_low
2012-12-27,5930.2001953125,5930.7998046875,5864.7001953125,5870.10009765625,development,0.10378529885820485,low,5885.525,5754.214990234375,5885.525,downtrend,downtrend_low
2012-12-28,5887.14990234375,5915.75,5879.5,5908.35009765625,development,0.0881061454070667,low,5889.6925048828125,5758.22099609375,5889.6925048828125,uptrend,uptrend_low
2012-12-31,5901.2001953125,5919.0,5897.14990234375,5905.10009765625,development,0.08195467905314488,low,5890.955004882812,5762.802001953125,5890.955004882812,uptrend,uptrend_low
2013-01-02,5982.60009765625,6006.0498046875,5982.0,5993.25,development,0.09676503991565526,low,5897.069995117187,5768.922001953125,5897.069995117187,uptrend,uptrend_low
2013-01-03,6015.7998046875,6017.0,5986.5498046875,6009.5,development,0.0966607212000993,low,5903.082495117187,5776.152001953125,5903.082495117187,uptrend,uptrend_low
2013-01-04,6011.9501953125,6020.75,5981.5498046875,6016.14990234375,development,0.09660559241959056,low,5908.864990234375,5783.27,5908.864990234375,uptrend,uptrend_low
2013-01-07,6042.14990234375,6042.14990234375,5977.14990234375,5988.39990234375,development,0.09723987834543119,low,5911.739990234375,5788.663994140625,5911.739990234375,uptrend,uptrend_low
2013-01-08,5983.4501953125,6007.0498046875,5964.39990234375,6001.7001953125,development,0.09594463423331635,low,5916.455004882812,5795.012998046875,5916.455004882812,uptrend,uptrend_low
2013-01-09,6006.2001953125,6020.10009765625,5958.4501953125,5971.5,development,0.09815966194667516,low,5919.585009765625,5800.1,5919.585009765625,uptrend,uptrend_low
2013-01-10,5998.7998046875,6005.14990234375,5947.2998046875,5968.64990234375,development,0.09788138424387009,low,5923.0775146484375,5805.645,5923.0775146484375,uptrend,uptrend_low
2013-01-11,6012.39990234375,6018.85009765625,5940.60009765625,5951.2998046875,development,0.09831038338639979,low,5926.242504882813,5810.565,5926.242504882813,uptrend,uptrend_low
2013-01-14,5967.2001953125,6036.89990234375,5962.14990234375,6024.0498046875,development,0.10315934702180954,low,5934.8699951171875,5817.733994140625,5934.8699951171875,uptrend,uptrend_low
2013-01-15,6037.85009765625,6068.5,6018.60009765625,6056.60009765625,development,0.1034382813847592,low,5943.719995117188,5826.907998046875,5943.719995117188,uptrend,uptrend_low
2013-01-16,6049.0,6055.9501953125,5992.0498046875,6001.85009765625,development,0.10861440291436081,low,5950.917504882813,5834.55099609375,5950.917504882813,uptrend,uptrend_low
2013-01-17,6001.25,6053.2001953125,5988.10009765625,6039.2001953125,development,0.10834869670593822,low,5958.037524414062,5842.43400390625,5958.037524414062,uptrend,uptrend_low
2013-01-18,6059.85009765625,6083.39990234375,6048.2998046875,6064.39990234375,development,0.10771975922433703,low,5964.777514648437,5849.767998046875,5964.777514648437,uptrend,uptrend_low
2013-01-21,6085.75,6094.35009765625,6065.10009765625,6082.2998046875,development,0.10713604815838756,low,5973.072509765625,5857.329990234375,5973.072509765625,uptrend,uptrend_low
2013-01-22,6080.14990234375,6101.2998046875,6040.5,6048.5,development,0.09924412160033425,low,5983.1125,5863.8119921875,5983.1125,uptrend,uptrend_low
2013-01-23,6052.85009765625,6069.7998046875,6021.14990234375,6054.2998046875,development,0.09927369457944367,low,5993.039990234375,5869.695986328125,5993.039990234375,uptrend,uptrend_low
2013-01-24,6046.2001953125,6065.2998046875,6007.85009765625,6019.35009765625,development,0.09919703301469292,low,5998.727490234375,5875.30798828125,5998.727490234375,uptrend,uptrend_low
2013-01-25,6024.5,6080.5498046875,6014.4501953125,6074.64990234375,development,0.09967355998861659,low,6008.95498046875,5883.075986328125,6008.95498046875,uptrend,uptrend_low
2013-01-28,6082.10009765625,6088.39990234375,6061.39990234375,6074.7998046875,development,0.09819424734169326,low,6017.2774658203125,5890.897978515625,6017.2774658203125,uptrend,uptrend_low
2013-01-29,6064.7001953125,6111.7998046875,6042.4501953125,6049.89990234375,development,0.0999256803525858,low,6024.5174560546875,5899.2759765625,6024.5174560546875,uptrend,uptrend_low
2013-01-30,6065.0,6071.9501953125,6044.14990234375,6055.75,development,0.08584021429028878,low,6027.6424560546875,5908.90998046875,6027.6424560546875,uptrend,uptrend_low
2013-01-31,6045.64990234375,6058.0498046875,6025.14990234375,6034.75,development,0.08655940731448107,low,6028.904956054687,5918.176982421875,6028.904956054687,uptrend,uptrend_low
2013-02-01,6040.9501953125,6052.9501953125,5983.2001953125,5998.89990234375,development,0.08918101798309847,low,6028.042456054687,5926.723984375,6028.042456054687,downtrend,downtrend_low
2013-02-04,6025.2001953125,6038.5,5981.25,5987.25,development,0.08789464395821492,low,6027.9849609375,5934.17298828125,6027.9849609375,downtrend,downtrend_low
2013-02-05,5948.2001953125,5970.35009765625,5946.89990234375,5956.89990234375,development,0.08925560466078444,low,6025.744946289063,5940.755986328125,6025.744946289063,downtrend,downtrend_low
2013-02-06,5988.0498046875,5990.89990234375,5953.14990234375,5959.2001953125,development,0.08754954526277216,low,6025.129956054688,5947.40798828125,6025.129956054688,downtrend,downtrend_low
2013-02-07,5936.4501953125,5978.5,5927.60009765625,5938.7998046875,development,0.08834393785588585,low,6023.637451171875,5953.465986328125,6023.637451171875,downtrend,downtrend_low
2013-02-08,5929.10009765625,5953.7001953125,5883.64990234375,5903.5,development,0.0902000180640428,low,6021.2474609375,5956.986982421875,6021.2474609375,downtrend,downtrend_low
2013-02-11,5920.0498046875,5924.14990234375,5879.10009765625,5897.85009765625,development,0.0769118574472078,low,6014.937475585937,5958.443984375,6014.937475585937,downtrend,downtrend_low
2013-02-12,5894.35009765625,5927.64990234375,5886.4501953125,5922.5,development,0.07566302544938489,low,6008.232470703125,5959.296982421875,6008.232470703125,downtrend,downtrend_low
2013-02-13,5943.14990234375,5969.5,5922.9501953125,5932.9501953125,development,0.07016072568411932,low,6004.7874755859375,5960.536982421875,6004.7874755859375,downtrend,downtrend_low
2013-02-14,5933.2001953125,5940.2001953125,5884.5498046875,5896.9501953125,development,0.0679108789516825,low,5997.674975585937,5960.690986328125,5997.674975585937,downtrend,downtrend_low
2013-02-15,5869.9501953125,5899.9501953125,5853.89990234375,5887.39990234375,development,0.06489856066666908,low,5988.824975585938,5960.428984375,5988.824975585938,downtrend,downtrend_low
2013-02-18,5888.64990234375,5911.0,5878.4501953125,5898.2001953125,development,0.06400357078555949,low,5979.6199951171875,5959.774990234375,5979.6199951171875,downtrend,downtrend_low
2013-02-19,5900.2001953125,5947.5498046875,5883.14990234375,5939.7001953125,development,0.06891082474840193,low,5974.180004882813,5960.42099609375,5974.180004882813,downtrend,downtrend_low
2013-02-20,5966.2998046875,5971.0,5937.5498046875,5943.0498046875,development,0.06878379986194698,low,5968.617504882813,5961.103994140625,5968.617504882813,downtrend,downtrend_low
2013-02-21,5909.64990234375,5921.14990234375,5844.39990234375,5852.25,development,0.08422481387893997,low,5960.2625,5960.172998046875,5960.2625,downtrend,downtrend_low
2013-02-22,5837.9501953125,5873.7998046875,5835.7998046875,5850.2998046875,development,0.07459164155485591,low,5949.044995117188,5959.418994140625,5949.044995117188,downtrend,downtrend_low
2013-02-25,5870.5498046875,5878.39990234375,5825.0,5854.75,development,0.07488467576740848,low,5938.042504882813,5959.483994140625,5938.042504882813,downtrend,downtrend_low
2013-02-26,5838.2998046875,5838.85009765625,5748.60009765625,5761.35009765625,development,0.08994929653203601,low,5923.615014648438,5957.118994140625,5923.615014648438,downtrend,downtrend_low
2013-02-27,5784.89990234375,5818.2001953125,5749.7001953125,5796.89990234375,development,0.09434106935630371,low,5910.672509765625,5955.898994140625,5910.672509765625,downtrend,downtrend_low
2013-02-28,5834.35009765625,5849.89990234375,5671.89990234375,5693.0498046875,development,0.10967821455268219,low,5893.5875,5951.823994140625,5893.5875,downtrend,downtrend_low
2013-03-01,5702.4501953125,5739.4501953125,5679.89990234375,5719.7001953125,development,0.11220784843850984,low,5879.627514648438,5947.62599609375,5879.627514648438,downtrend,downtrend_low
2013-03-04,5704.7001953125,5712.0,5663.60009765625,5698.5,development,0.1122962253628421,low,5865.190014648438,5943.267998046875,5865.190014648438,downtrend,downtrend_low
2013-03-05,5722.4501953125,5790.10009765625,5722.39990234375,5784.25,development,0.12770657665952026,medium,5856.55751953125,5941.998994140625,5856.55751953125,downtrend,downtrend_medium
2013-03-06,5816.39990234375,5828.7001953125,5795.0498046875,5818.60009765625,development,0.1302542921593742,medium,5849.527514648437,5941.25599609375,5849.527514648437,downtrend,downtrend_medium
2013-03-07,5801.2998046875,5878.0,5801.2998046875,5863.2998046875,development,0.13361781954026522,medium,5845.752514648438,5940.409990234375,5845.752514648438,uptrend,uptrend_medium
2013-03-08,5883.64990234375,5952.85009765625,5883.0,5945.7001953125,development,0.1416360442388755,medium,5847.862524414062,5941.9219921875,5847.862524414062,uptrend,uptrend_medium
2013-03-11,5946.10009765625,5971.2001953125,5930.35009765625,5942.35009765625,development,0.14159312768194968,medium,5850.0875244140625,5942.6019921875,5850.0875244140625,uptrend,uptrend_medium
2013-03-12,5944.60009765625,5952.0,5893.64990234375,5914.10009765625,development,0.14199235198070861,medium,5849.667529296875,5942.7819921875,5849.667529296875,uptrend,uptrend_medium
2013-03-13,5884.7998046875,5893.85009765625,5842.25,5851.2001953125,development,0.14665616124118197,medium,5845.580029296875,5939.94099609375,5845.580029296875,uptrend,uptrend_medium
2013-03-14,5845.9501953125,5920.14990234375,5791.75,5908.9501953125,development,0.14973061632269058,medium,5846.180029296875,5937.93,5846.180029296875,uptrend,uptrend_medium
2013-03-15,5914.89990234375,5945.64990234375,5861.0,5872.60009765625,development,0.15129469936920947,medium,5845.4400390625,5935.05900390625,5845.4400390625,uptrend,uptrend_medium
2013-03-18,5816.75,5850.2001953125,5814.35009765625,5835.25,development,0.15270713128584507,high,5842.292529296875,5931.996005859375,5842.292529296875,downtrend,downtrend_high
2013-03-19,5859.5,5863.60009765625,5724.2998046875,5745.9501953125,development,0.1585760672354735,high,5832.605029296875,5926.881005859375,5832.605029296875,downtrend,downtrend_high
2013-03-20,5740.5498046875,5745.2998046875,5682.2998046875,5694.39990234375,development,0.16044418980434536,high,5820.172534179687,5921.33900390625,5820.172534179687,downtrend,downtrend_high
2013-03-21,5705.89990234375,5757.75,5647.9501953125,5658.75,development,0.15365960491501424,high,5810.497534179687,5915.141005859375,5810.497534179687,downtrend,downtrend_high
2013-03-22,5659.7998046875,5691.4501953125,5631.7998046875,5651.35009765625,development,0.15358901407069564,high,5800.550048828125,5909.14201171875,5800.550048828125,downtrend,downtrend_high
2013-03-25,5707.2998046875,5718.39990234375,5624.39990234375,5633.85009765625,development,0.1533849012190575,high,5789.505053710937,5901.338017578125,5789.505053710937,downtrend,downtrend_high
2013-03-26,5613.75,5655.2998046875,5612.0498046875,5641.60009765625,development,0.14436130620293808,medium,5783.517553710937,5893.038017578125,5783.517553710937,downtrend,downtrend_medium
2013-03-28,5647.75,5692.9501953125,5604.85009765625,5682.5498046875,development,0.1451288094223442,medium,5777.800048828125,5886.65201171875,5777.800048828125,downtrend,downtrend_medium
2013-04-01,5697.35009765625,5720.9501953125,5675.89990234375,5704.39990234375,development,0.13129957903966058,medium,5778.3675537109375,5879.956005859375,5778.3675537109375,downtrend,downtrend_medium
2013-04-02,5701.7001953125,5754.60009765625,5687.14990234375,5748.10009765625,development,0.1330826525014672,medium,5779.787548828125,5873.630009765625,5779.787548828125,downtrend,downtrend_medium
2013-04-03,5740.2001953125,5744.9501953125,5650.10009765625,5672.89990234375,development,0.14074953671176346,medium,5778.507543945312,5865.44201171875,5778.507543945312,downtrend,downtrend_medium
2013-04-04,5640.64990234375,5644.4501953125,5565.64990234375,5574.75,development,0.1411463573112732,medium,5768.032543945313,5855.96701171875,5768.032543945313,downtrend,downtrend_medium
2013-04-05,5568.10009765625,5577.2998046875,5534.7001953125,5553.25,development,0.1382719801612334,medium,5754.7650390625,5845.946015625,5754.7650390625,downtrend,downtrend_medium
2013-04-08,5550.5,5569.2001953125,5537.0498046875,5542.9501953125,development,0.13319578994155737,medium,5738.74755859375,5836.418017578125,5738.74755859375,downtrend,downtrend_medium
2013-04-09,5568.75,5603.0498046875,5487.0,5495.10009765625,development,0.11874615821648436,medium,5716.217553710938,5824.827021484375,5716.217553710938,downtrend,downtrend_medium
2013-04-10,5536.25,5569.25,5477.2001953125,5558.7001953125,development,0.13051077422180327,medium,5697.03505859375,5814.505029296875,5697.03505859375,downtrend,downtrend_medium
2013-04-11,5601.64990234375,5610.64990234375,5542.85009765625,5594.0,development,0.13475248296678105,medium,5681.030053710938,5805.38703125,5681.030053710938,downtrend,downtrend_medium
2013-04-12,5520.7001953125,5544.5,5494.89990234375,5528.5498046875,development,0.13562942704822242,medium,5664.897534179688,5794.84302734375,5664.897534179688,downtrend,downtrend_medium
2013-04-15,5508.5,5592.85009765625,5500.2998046875,5568.39990234375,development,0.1326282228117976,medium,5647.87001953125,5785.516025390625,5647.87001953125,downtrend,downtrend_medium
2013-04-16,5562.4501953125,5699.25,5555.85009765625,5688.9501953125,development,0.15796503614678306,high,5638.687524414063,5779.31703125,5638.687524414063,uptrend,uptrend_high
2013-04-17,5708.64990234375,5732.14990234375,5669.0,5688.7001953125,development,0.156997122017545,high,5631.360034179687,5773.34603515625,5631.360034179687,uptrend,uptrend_high
2013-04-18,5682.7001953125,5794.35009765625,5681.85009765625,5783.10009765625,development,0.15986103494719842,high,5633.217529296875,5769.8700390625,5633.217529296875,uptrend,uptrend_high
2013-04-22,5789.85009765625,5844.85009765625,5789.7998046875,5834.39990234375,development,0.1585725811018247,high,5640.217529296875,5767.374033203125,5640.217529296875,uptrend,uptrend_high
2013-04-23,5843.10009765625,5844.2998046875,5791.5498046875,5836.89990234375,development,0.15612233535852474,high,5649.125024414063,5765.33603515625,5649.125024414063,uptrend,uptrend_high
2013-04-25,5856.10009765625,5924.60009765625,5853.2998046875,5916.2998046875,development,0.16132794452216767,high,5662.372509765625,5765.59203125,5662.372509765625,uptrend,uptrend_high
2013-04-26,5899.75,5907.0498046875,5860.5,5871.4501953125,development,0.16409451292230237,high,5674.252514648438,5765.064033203125,5674.252514648438,uptrend,uptrend_high
2013-04-29,5877.60009765625,5918.64990234375,5868.7998046875,5904.10009765625,development,0.16451523050672232,high,5687.377514648438,5764.69603515625,5687.377514648438,uptrend,uptrend_high
2013-04-30,5932.60009765625,5962.2998046875,5867.7998046875,5930.2001953125,development,0.16369342736408782,high,5699.760034179688,5764.64103515625,5699.760034179688,uptrend,uptrend_high
2013-05-02,5911.39990234375,6019.4501953125,5910.9501953125,5999.35009765625,development,0.16706051916657527,high,5714.507543945312,5766.689033203125,5714.507543945312,uptrend,uptrend_high
2013-05-03,5993.5,6000.2998046875,5930.14990234375,5944.0,development,0.1709525046417081,high,5724.3025390625,5767.82103515625,5724.3025390625,uptrend,uptrend_high
2013-05-06,5944.89990234375,5976.5,5928.4501953125,5971.0498046875,development,0.16190432796958265,high,5739.210034179688,5769.27802734375,5739.210034179688,uptrend,uptrend_high
2013-05-07,5983.4501953125,6050.5,5982.9501953125,6043.5498046875,development,0.14690751990352283,medium,5762.6500244140625,5771.35501953125,5762.6500244140625,uptrend,uptrend_medium
2013-05-08,6064.14990234375,6083.5498046875,6024.9501953125,6069.2998046875,development,0.1438812998201005,medium,5788.4525146484375,5773.88001953125,5788.4525146484375,uptrend,uptrend_medium
2013-05-09,6078.35009765625,6084.7001953125,6040.4501953125,6050.14990234375,development,0.1447137581217734,medium,5813.8125,5777.838017578125,5813.8125,uptrend,uptrend_medium
2013-05-10,6046.25,6105.2998046875,6045.60009765625,6094.75,development,0.1364743760249119,medium,5843.794995117188,5782.727021484375,5843.794995117188,uptrend,uptrend_medium
2013-05-13,6098.2001953125,6104.9501953125,5972.89990234375,5980.4501953125,development,0.15845613266585176,high,5864.882495117187,5785.241025390625,5864.882495117187,uptrend,uptrend_high
2013-05-14,5989.7001953125,6026.2001953125,5970.0498046875,5995.39990234375,development,0.15819460532001337,high,5884.952490234375,5789.922021484375,5884.952490234375,uptrend,uptrend_high
2013-05-15,6018.85009765625,6157.10009765625,6018.85009765625,6146.75,development,0.16525561711729242,high,5915.8625,5796.9190234375,5915.8625,uptrend,uptrend_high
2013-05-16,6128.25,6187.2998046875,6128.25,6169.89990234375,development,0.16519817442470824,high,5945.9375,5806.456025390625,5945.9375,uptrend,uptrend_high
2013-05-17,6172.9501953125,6199.9501953125,6146.14990234375,6187.2998046875,development,0.15342239691496565,high,5970.85498046875,5815.808017578125,5970.85498046875,uptrend,uptrend_high
2013-05-20,6198.0,6229.4501953125,6146.0498046875,6156.89990234375,development,0.15617949560097352,high,5994.264965820313,5824.976015625,5994.264965820313,uptrend,uptrend_high
2013-05-21,6152.35009765625,6180.25,6102.35009765625,6114.10009765625,development,0.15335095589441095,high,6010.814965820313,5831.573017578125,6010.814965820313,uptrend,uptrend_high
2013-05-22,6127.0498046875,6147.60009765625,6074.4501953125,6094.5,development,0.15303373830151054,high,6023.819970703125,5837.091015625,6023.819970703125,uptrend,uptrend_high
2013-05-23,6050.39990234375,6081.4501953125,5955.7001953125,5967.0498046875,development,0.1737122977720563,high,6030.327465820313,5839.166015625,6030.327465820313,downtrend,downtrend_high
2013-05-24,6010.7001953125,6015.2998046875,5936.7998046875,5983.5498046875,development,0.16756709549298335,high,6033.689965820313,5839.9230078125,6033.689965820313,downtrend,downtrend_high
2013-05-27,5989.39990234375,6099.89990234375,5975.5498046875,6083.14990234375,development,0.17379574381529364,high,6044.274951171875,5842.73900390625,6044.274951171875,uptrend,uptrend_high
2013-05-28,6086.35009765625,6127.64990234375,6055.39990234375,6111.25,development,0.1735596335602392,high,6054.6324462890625,5846.682001953125,6054.6324462890625,uptrend,uptrend_high
2013-05-29,6120.4501953125,6125.0498046875,6069.7998046875,6104.2998046875,development,0.17356040467551473,high,6063.337426757813,5851.743994140625,6063.337426757813,uptrend,uptrend_high
2013-05-30,6072.14990234375,6133.75,6072.14990234375,6124.0498046875,development,0.16955186902263836,high,6069.572412109375,5856.045986328125,6069.572412109375,uptrend,uptrend_high
2013-05-31,6098.7001953125,6106.25,5975.5498046875,5985.9501953125,development,0.1860876414826779,high,6071.669921875,5858.31298828125,6071.669921875,downtrend,downtrend_high
2013-06-03,5997.35009765625,6011.0,5916.35009765625,5939.2998046875,development,0.18760332137675267,high,6070.082421875,5860.393984375,6070.082421875,downtrend,downtrend_high
2013-06-04,5941.10009765625,5981.60009765625,5910.25,5919.4501953125,development,0.18206213710990482,high,6063.87744140625,5863.863984375,6063.87744140625,downtrend,downtrend_high
2013-06-05,5908.2998046875,5935.2001953125,5883.7001953125,5923.85009765625,development,0.18114650906865742,high,6056.604956054687,5868.45298828125,6056.604956054687,downtrend,downtrend_high
2013-06-06,5895.0,5956.5498046875,5869.5,5921.39990234375,development,0.18100538654540857,high,6050.167456054687,5873.705986328125,6050.167456054687,downtrend,downtrend_high
2013-06-07,5900.0498046875,5972.7001953125,5871.2998046875,5881.0,development,0.17928889858143804,high,6039.479956054687,5878.298984375,6039.479956054687,downtrend,downtrend_high
2013-06-10,5907.89990234375,5931.64990234375,5857.39990234375,5878.0,development,0.16761938595048478,high,6034.357446289063,5883.181982421875,6034.357446289063,downtrend,downtrend_high
2013-06-11,5848.75,5868.0498046875,5780.35009765625,5788.7998046875,development,0.17458660821794117,high,6024.02744140625,5886.1259765625,6024.02744140625,downtrend,downtrend_high
2013-06-12,5771.75,5792.89990234375,5738.60009765625,5760.2001953125,development,0.14279699329167259,medium,6004.699951171875,5887.678984375,6004.699951171875,downtrend,downtrend_medium
2013-06-13,5709.35009765625,5729.85009765625,5683.10009765625,5699.10009765625,development,0.14260670803486283,medium,5981.1599609375,5887.57298828125,5981.1599609375,downtrend,downtrend_medium
2013-06-14,5748.9501953125,5819.39990234375,5739.39990234375,5808.39990234375,development,0.16319950543940215,high,5962.2149658203125,5888.778984375,5962.2149658203125,downtrend,downtrend_high
2013-06-17,5820.39990234375,5854.89990234375,5770.25,5850.0498046875,development,0.16701533522397116,high,5946.8724609375,5892.321982421875,5946.8724609375,downtrend,downtrend_high
2013-06-18,5841.89990234375,5863.39990234375,5804.2998046875,5813.60009765625,development,0.16677995528003906,high,5931.8474609375,5897.098984375,5931.8474609375,downtrend,downtrend_high
2013-06-19,5805.75,5828.39990234375,5777.89990234375,5822.25,development,0.16733440402255964,high,5918.2349609375,5902.478984375,5918.2349609375,downtrend,downtrend_high
2013-06-20,5754.14990234375,5755.0,5645.64990234375,5655.89990234375,development,0.18037655879703748,high,5902.677465820312,5904.737978515625,5902.677465820312,downtrend,downtrend_high
2013-06-21,5639.89990234375,5686.14990234375,5616.85009765625,5667.64990234375,development,0.1801209630582439,high,5886.882470703125,5908.188974609375,5886.882470703125,downtrend,downtrend_high
2013-06-24,5638.0498046875,5640.0,5566.25,5590.25,development,0.16883643572730297,high,5862.237475585937,5908.819970703125,5862.237475585937,downtrend,downtrend_high
2013-06-25,5606.9501953125,5666.25,5570.25,5609.10009765625,development,0.16803211125508508,high,5837.12998046875,5909.12197265625,5837.12998046875,downtrend,downtrend_high
2013-06-26,5627.9501953125,5635.25,5579.35009765625,5588.7001953125,development,0.16765687823536432,high,5811.35,5910.32498046875,5811.35,downtrend,downtrend_high
2013-06-27,5647.9501953125,5699.35009765625,5630.9501953125,5682.35009765625,development,0.18202470695449835,high,5789.2650146484375,5912.603984375,5789.2650146484375,downtrend,downtrend_high
2013-06-28,5749.5,5852.9501953125,5749.5,5842.2001953125,development,0.2002974776025295,high,5782.0775146484375,5915.668984375,5782.0775146484375,uptrend,uptrend_high
2013-07-01,5834.10009765625,5904.35009765625,5822.2001953125,5898.85009765625,development,0.202203467311544,high,5780.055029296875,5919.871982421875,5780.055029296875,uptrend,uptrend_high
2013-07-02,5885.5,5898.7998046875,5852.2998046875,5857.5498046875,development,0.2033560642029227,high,5776.960009765625,5921.3609765625,5776.960009765625,uptrend,uptrend_high
2013-07-03,5811.9501953125,5815.0,5760.39990234375,5770.89990234375,development,0.20953326189113017,high,5769.3125,5920.0909765625,5769.3125,uptrend,uptrend_high
2013-07-04,5794.75,5848.2001953125,5786.0498046875,5836.9501953125,development,0.21431580183887744,high,5765.090014648437,5920.091982421875,5765.090014648437,uptrend,uptrend_high
2013-07-05,5889.9501953125,5900.4501953125,5858.4501953125,5867.89990234375,development,0.21399152519323691,high,5764.435009765625,5919.123984375,5764.435009765625,uptrend,uptrend_high
2013-07-08,5833.14990234375,5833.85009765625,5775.5498046875,5811.5498046875,development,0.21668210704953622,high,5761.1125,5917.9259765625,5761.1125,uptrend,uptrend_high
2013-07-09,5834.60009765625,5864.9501953125,5834.60009765625,5859.0,development,0.21146344233674202,high,5764.622509765625,5917.023974609375,5764.622509765625,uptrend,uptrend_high
2013-07-10,5869.89990234375,5879.35009765625,5802.85009765625,5816.7001953125,development,0.2124204939699961,high,5767.447509765625,5914.753974609375,5767.447509765625,uptrend,uptrend_high
2013-07-11,5894.5,5948.85009765625,5887.9501953125,5935.10009765625,development,0.2191323872775859,high,5779.247509765625,5913.468974609375,5779.247509765625,uptrend,uptrend_high
2013-07-12,6000.5,6019.0,5951.14990234375,6009.0,development,0.21341378048280588,high,5789.277514648437,5914.768974609375,5789.277514648437,uptrend,uptrend_high
2013-07-15,5991.2001953125,6038.2001953125,5980.9501953125,6030.7998046875,development,0.2125969414199228,high,5798.315014648438,5915.963974609375,5798.315014648438,uptrend,uptrend_high
2013-07-16,5930.7998046875,5966.0498046875,5910.9501953125,5955.25,development,0.21680928147497866,high,5805.397509765625,5914.197978515625,5805.397509765625,uptrend,uptrend_high
2013-07-17,5972.25,5989.7998046875,5926.75,5973.2998046875,development,0.21689684490959188,high,5812.95,5912.277978515625,5812.95,uptrend,uptrend_high
2013-07-18,5984.7001953125,6051.10009765625,5974.5498046875,6038.0498046875,development,0.18791801200220984,high,5832.0574951171875,5912.0359765625,5832.0574951171875,uptrend,uptrend_high
2013-07-19,6057.2001953125,6066.85009765625,6020.25,6029.2001953125,development,0.18865333662304187,high,5850.135009765625,5910.72498046875,5850.135009765625,uptrend,uptrend_high
2013-07-22,6009.75,6064.14990234375,6004.25,6031.7998046875,development,0.17834008368668502,high,5872.2125,5911.75197265625,5872.2125,uptrend,uptrend_high
2013-07-23,6064.2998046875,6093.35009765625,6061.2998046875,6077.7998046875,development,0.17882187125268847,high,5895.647485351563,5913.399970703125,5895.647485351563,uptrend,uptrend_high
2013-07-24,6032.2001953125,6047.25,5962.60009765625,5990.5,development,0.18874067931215027,high,5915.737475585937,5910.274970703125,5915.737475585937,uptrend,uptrend_high
2013-07-25,5970.39990234375,5990.64990234375,5896.39990234375,5907.5,development,0.19157642735096278,high,5926.994970703125,5905.02697265625,5926.994970703125,downtrend,downtrend_high
2013-07-26,5937.9501953125,5944.5,5869.5,5886.2001953125,development,0.16554581155685416,high,5929.194970703125,5899.00498046875,5929.194970703125,downtrend,downtrend_high
2013-07-29,5869.9501953125,5886.0,5825.7998046875,5831.64990234375,development,0.16514751739994543,high,5925.8349609375,5892.49998046875,5925.8349609375,downtrend,downtrend_high
2013-07-30,5836.0498046875,5861.2998046875,5747.60009765625,5755.0498046875,development,0.1697118724665335,high,5920.7099609375,5885.318974609375,5920.7099609375,downtrend,downtrend_high
2013-07-31,5738.35009765625,5752.10009765625,5675.75,5742.0,development,0.16167570059626127,high,5919.264965820313,5878.268974609375,5919.264965820313,downtrend,downtrend_high
2013-08-01,5776.89990234375,5808.5,5676.85009765625,5727.85009765625,development,0.15581842987449962,high,5913.8099609375,5873.48498046875,5913.8099609375,downtrend,downtrend_high
2013-08-02,5750.0498046875,5761.85009765625,5649.0,5677.89990234375,development,0.15636805378664134,high,5904.3099609375,5867.371982421875,5904.3099609375,downtrend,downtrend_high
2013-08-05,5682.39990234375,5721.0,5661.5,5685.39990234375,development,0.15373685934504647,high,5898.002465820313,5859.416982421875,5898.002465820313,downtrend,downtrend_high
2013-08-06,5664.89990234375,5664.89990234375,5521.7998046875,5542.25,development,0.17173000727828805,high,5882.164965820312,5848.036982421875,5882.164965820312,downtrend,downtrend_high
2013-08-07,5549.2998046875,5561.4501953125,5486.85009765625,5519.10009765625,development,0.1710105999541493,high,5867.2849609375,5836.33298828125,5867.2849609375,downtrend,downtrend_high
2013-08-08,5510.0498046875,5577.60009765625,5510.0498046875,5565.64990234375,development,0.15422948117935684,high,5848.812451171875,5825.164990234375,5848.812451171875,downtrend,downtrend_high
2013-08-12,5606.7001953125,5644.10009765625,5557.10009765625,5612.39990234375,development,0.14938341572997949,medium,5828.982446289063,5817.693984375,5828.982446289063,downtrend,downtrend_medium
2013-08-13,5600.25,5704.75,5578.89990234375,5699.2998046875,development,0.1621291714608251,high,5812.407446289062,5812.893984375,5812.407446289062,downtrend,downtrend_high
2013-08-14,5715.39990234375,5754.5498046875,5690.2001953125,5742.2998046875,development,0.16176751718507704,high,5801.759936523437,5809.3509765625,5801.759936523437,downtrend,downtrend_high
2013-08-16,5705.4501953125,5716.60009765625,5496.0498046875,5507.85009765625,development,0.2117116868747982,high,5778.487451171875,5801.0309765625,5778.487451171875,downtrend,downtrend_high
2013-08-19,5497.5498046875,5499.64990234375,5360.64990234375,5414.75,development,0.20886938557665138,high,5747.3224609375,5790.897978515625,5747.3224609375,downtrend,downtrend_high
2013-08-20,5353.4501953125,5417.7998046875,5306.35009765625,5401.4501953125,development,0.20865456577758634,high,5715.9349609375,5781.306982421875,5715.9349609375,downtrend,downtrend_high
2013-08-21,5494.4501953125,5504.10009765625,5268.4501953125,5302.5498046875,development,0.21228235634313303,high,5679.4724609375,5769.797978515625,5679.4724609375,downtrend,downtrend_high
2013-08-22,5282.7998046875,5418.9501953125,5254.0498046875,5408.4501953125,development,0.22706057096137044,high,5646.00498046875,5762.190986328125,5646.00498046875,downtrend,downtrend_high
2013-08-23,5428.75,5478.7998046875,5377.7998046875,5471.75,development,0.23268166377085578,high,5620.06748046875,5756.421982421875,5620.06748046875,downtrend,downtrend_high
2013-08-26,5499.39990234375,5528.7001953125,5454.4501953125,5476.5,development,0.2306195981658778,high,5598.51748046875,5751.96998046875,5598.51748046875,downtrend,downtrend_high
2013-08-27,5426.5,5427.39990234375,5274.25,5287.4501953125,development,0.2552780392302661,high,5568.57998046875,5741.550986328125,5568.57998046875,downtrend,downtrend_high
2013-08-28,5233.4501953125,5317.7001953125,5118.85009765625,5285.0,development,0.2553418629228569,high,5541.247485351562,5730.249990234375,5541.247485351562,downtrend,downtrend_high
2013-08-29,5316.5,5428.89990234375,5303.0,5409.0498046875,development,0.2719852692924124,high,5523.947485351562,5722.158984375,5523.947485351562,downtrend,downtrend_high
2013-08-30,5407.4501953125,5493.2998046875,5360.2001953125,5471.7998046875,development,0.276861205730198,high,5510.437475585937,5715.14998046875,5510.437475585937,downtrend,downtrend_high
2013-09-02,5480.25,5564.89990234375,5478.85009765625,5550.75,development,0.283119619021038,high,5501.582470703125,5713.046982421875,5501.582470703125,uptrend,uptrend_high
2013-09-03,5574.7001953125,5580.9501953125,5323.75,5341.4501953125,development,0.31041773502844655,high,5484.759985351562,5706.52298828125,5484.759985351562,downtrend,downtrend_high
2013-09-04,5358.64990234375,5460.25,5318.89990234375,5448.10009765625,development,0.3206405529737418,high,5472.894995117187,5703.679990234375,5472.894995117187,downtrend,downtrend_high
2013-09-05,5553.75,5625.75,5552.7001953125,5592.9501953125,development,0.3235050104170089,high,5475.430004882813,5703.3569921875,5475.430004882813,uptrend,uptrend_high
2013-09-06,5617.4501953125,5688.60009765625,5566.14990234375,5680.39990234375,development,0.32720351752746396,high,5483.4949951171875,5705.190986328125,5483.4949951171875,uptrend,uptrend_high
2013-09-10,5738.5,5904.85009765625,5738.2001953125,5896.75,development,0.35139888147641857,high,5500.05,5709.478984375,5500.05,uptrend,uptrend_high
2013-09-11,5887.25,5924.35009765625,5832.7001953125,5913.14990234375,development,0.35084647333144536,high,5515.0875,5710.897978515625,5515.0875,uptrend,uptrend_high
2013-09-12,5931.14990234375,5932.0,5815.7998046875,5850.7001953125,development,0.3505853059221338,high,5522.65751953125,5709.93498046875,5522.65751953125,uptrend,uptrend_high
2013-09-13,5828.0,5884.2998046875,5822.89990234375,5850.60009765625,development,0.3498957628478381,high,5528.072534179688,5709.795986328125,5528.072534179688,uptrend,uptrend_high
2013-09-16,5930.2998046875,5957.25,5798.14990234375,5840.5498046875,development,0.31326022040741286,high,5544.70751953125,5711.188984375,5544.70751953125,uptrend,uptrend_high
2013-09-17,5824.2001953125,5857.7998046875,5804.89990234375,5850.2001953125,development,0.30432463706468005,high,5566.480029296875,5711.453984375,5566.480029296875,uptrend,uptrend_high
2013-09-18,5872.75,5916.89990234375,5840.2001953125,5899.4501953125,development,0.3036884798266006,high,5591.380029296875,5712.084990234375,5591.380029296875,uptrend,uptrend_high
2013-09-19,6044.14990234375,6142.5,6040.14990234375,6115.5498046875,development,0.3112553126036244,high,5632.030029296875,5718.164990234375,5632.030029296875,uptrend,uptrend_high
2013-09-20,6104.5498046875,6130.9501953125,5932.85009765625,6012.10009765625,development,0.3188502642644716,high,5662.2125244140625,5721.2269921875,5662.2125244140625,uptrend,uptrend_high
2013-09-23,5945.7998046875,5989.39990234375,5871.39990234375,5889.75,development,0.3306566988752342,high,5683.112524414062,5722.68798828125,5683.112524414062,uptrend,uptrend_high
2013-09-24,5855.0,5938.39990234375,5854.5498046875,5892.4501953125,development,0.3307096078325436,high,5703.9100341796875,5721.834990234375,5703.9100341796875,uptrend,uptrend_high
2013-09-25,5901.5498046875,5910.5498046875,5811.10009765625,5873.85009765625,development,0.2997019699817269,high,5733.230029296875,5719.1319921875,5733.230029296875,uptrend,uptrend_high
2013-09-26,5872.7998046875,5917.64990234375,5864.10009765625,5882.25,development,0.2992822468347294,high,5763.092529296875,5716.16099609375,5763.092529296875,uptrend,uptrend_high
2013-09-27,5905.5498046875,5909.2001953125,5819.2998046875,5833.2001953125,development,0.2952717046324472,high,5784.300048828125,5713.72,5784.300048828125,uptrend,uptrend_high
2013-09-30,5801.0498046875,5810.2001953125,5718.5,5735.2998046875,development,0.3026100805642113,high,5797.475048828125,5708.96,5797.475048828125,downtrend,downtrend_high
2013-10-01,5756.10009765625,5786.4501953125,5700.9501953125,5780.0498046875,development,0.3000568094862146,high,5808.9400390625,5703.8,5808.9400390625,downtrend,downtrend_high
2013-10-03,5819.10009765625,5917.60009765625,5802.7001953125,5909.7001953125,development,0.26823472651380703,high,5837.3525390625,5701.41,5837.3525390625,uptrend,uptrend_high
2013-10-04,5891.2998046875,5950.4501953125,5885.0,5907.2998046875,development,0.2630599508502785,high,5860.312524414063,5698.92,5860.312524414063,uptrend,uptrend_high
2013-10-07,5889.0498046875,5912.0,5825.85009765625,5906.14990234375,development,0.24964342198321393,high,5875.972509765625,5695.487001953125,5875.972509765625,uptrend,uptrend_high
2013-10-08,5975.0,5981.7001953125,5913.0,5928.39990234375,development,0.24509098736302715,high,5888.372509765625,5694.245,5888.372509765625,uptrend,uptrend_high
2013-10-09,5893.25,6015.5,5877.10009765625,6007.4501953125,development,0.21037928917699839,high,5893.90751953125,5696.24400390625,5893.90751953125,uptrend,uptrend_high
2013-10-10,6001.0498046875,6033.9501953125,5979.7998046875,6020.9501953125,development,0.2103283045518484,high,5899.297534179687,5698.93900390625,5899.297534179687,uptrend,uptrend_high
2013-10-11,6104.85009765625,6107.60009765625,6046.39990234375,6096.2001953125,development,0.20946201490010893,high,5911.572534179688,5704.230009765625,5911.572534179688,uptrend,uptrend_high
2013-10-14,6093.0,6124.10009765625,6082.89990234375,6112.7001953125,development,0.20931316009375725,high,5924.6775390625,5711.383017578125,5924.6775390625,uptrend,uptrend_high
2013-10-15,6147.5498046875,6156.2998046875,6056.5498046875,6089.0498046875,development,0.20999569822658828,high,5937.1025390625,5718.324013671875,5937.1025390625,uptrend,uptrend_high
2013-10-17,6098.5,6110.75,6032.5498046875,6045.85009765625,development,0.2125602988612105,high,5946.885034179688,5724.684013671875,5946.885034179688,uptrend,uptrend_high
2013-10-18,6070.89990234375,6201.4501953125,6070.89990234375,6189.35009765625,development,0.22551079784698505,high,5961.380029296875,5734.913017578125,5961.380029296875,uptrend,uptrend_high
2013-10-21,6202.0,6218.9501953125,6163.2998046875,6204.9501953125,development,0.18609226659248043,high,5965.850048828125,5745.3040234375,5965.850048828125,uptrend,uptrend_high
2013-10-22,6192.2998046875,6220.10009765625,6181.7998046875,6202.7998046875,development,0.17408898200656914,high,5975.385034179688,5758.51501953125,5975.385034179688,uptrend,uptrend_high
2013-10-23,6209.5498046875,6217.9501953125,6116.60009765625,6178.35009765625,development,0.15535971809522497,medium,5989.8150390625,5771.70001953125,5989.8150390625,uptrend,uptrend_medium
2013-10-24,6162.7998046875,6252.4501953125,6142.9501953125,6164.35009765625,development,0.15611972470426147,medium,6003.4100341796875,5783.6740234375,6003.4100341796875,uptrend,uptrend_medium
2013-10-25,6154.0,6174.75,6125.9501953125,6144.89990234375,development,0.15611910912530585,medium,6016.9625244140625,5794.3240234375,6016.9625244140625,uptrend,uptrend_medium
2013-10-28,6155.10009765625,6168.75,6094.10009765625,6101.10009765625,development,0.1596694057887953,medium,6027.905029296875,5802.360029296875,6027.905029296875,uptrend,uptrend_medium
2013-10-29,6107.5498046875,6228.0498046875,6079.2001953125,6220.89990234375,development,0.16665798049372632,medium,6047.290014648437,5811.93203125,6047.290014648437,uptrend,uptrend_medium
2013-10-30,6230.7998046875,6269.2001953125,6222.60009765625,6251.7001953125,development,0.14887190022616228,medium,6073.110034179687,5826.809033203125,6073.110034179687,uptrend,uptrend_medium
2013-10-31,6237.14990234375,6309.0498046875,6235.89990234375,6299.14990234375,development,0.14880860103554294,medium,6099.0650390625,5844.49703125,6099.0650390625,uptrend,uptrend_medium
2013-11-01,6289.75,6332.60009765625,6286.9501953125,6307.2001953125,development,0.13280431995062952,medium,6118.9400390625,5862.61203125,6118.9400390625,uptrend,uptrend_medium
2013-11-05,6282.14990234375,6304.75,6244.2998046875,6253.14990234375,development,0.1388442862642578,medium,6136.2325439453125,5881.624033203125,6136.2325439453125,uptrend,uptrend_medium
2013-11-06,6260.5498046875,6269.7001953125,6208.7001953125,6215.14990234375,development,0.14210641777134164,medium,6151.682543945312,5897.75802734375,6151.682543945312,uptrend,uptrend_medium
2013-11-07,6228.89990234375,6288.9501953125,6180.7998046875,6187.25,development,0.14420635754080804,medium,6164.625048828125,5912.06802734375,6164.625048828125,uptrend,uptrend_medium
2013-11-08,6170.14990234375,6185.14990234375,6120.9501953125,6140.75,development,0.1417840041205272,medium,6171.2900390625,5925.35302734375,6171.2900390625,downtrend,downtrend_medium
2013-11-11,6110.39990234375,6141.64990234375,6067.75,6078.7998046875,development,0.14716058303819923,medium,6174.18251953125,5941.18001953125,6174.18251953125,downtrend,downtrend_medium
2013-11-12,6087.25,6108.7001953125,6011.75,6018.0498046875,development,0.14451017852023598,medium,6170.275,5955.841015625,6170.275,downtrend,downtrend_medium
2013-11-13,5998.85009765625,6042.25,5972.4501953125,5989.60009765625,development,0.14465931307254615,medium,6164.1199951171875,5967.452021484375,6164.1199951171875,downtrend,downtrend_medium
2013-11-14,6037.0,6101.64990234375,6036.64990234375,6056.14990234375,development,0.1503488188471722,medium,6162.475,5979.1390234375,6162.475,downtrend,downtrend_medium
2013-11-18,6111.0498046875,6196.7998046875,6110.39990234375,6189.0,development,0.16714239409360773,medium,6169.632495117187,5991.9040234375,6169.632495117187,uptrend,uptrend_medium
2013-11-19,6197.25,6212.39990234375,6180.2001953125,6203.35009765625,development,0.14466000124863473,medium,6170.332495117187,6009.142021484375,6170.332495117187,uptrend,uptrend_medium
2013-11-20,6186.85009765625,6204.35009765625,6106.9501953125,6122.89990234375,development,0.15157972082343155,medium,6166.22998046875,6022.638017578125,6166.22998046875,downtrend,downtrend_medium
2013-11-21,6096.5,6097.35009765625,5985.39990234375,5999.0498046875,development,0.16676659452630116,medium,6156.04248046875,6030.760009765625,6156.04248046875,downtrend,downtrend_medium
2013-11-22,6027.35009765625,6049.60009765625,5972.7998046875,5995.4501953125,development,0.16657032151200238,medium,6146.897485351563,6037.061015625,6146.897485351563,downtrend,downtrend_medium
2013-11-25,6035.9501953125,6123.5,6035.9501953125,6115.35009765625,development,0.18305523685635103,high,6144.447485351562,6041.433017578125,6144.447485351562,downtrend,downtrend_high
2013-11-26,6099.25,6112.7001953125,6047.75,6059.10009765625,development,0.18552962026379882,high,6140.157495117188,6044.352021484375,6140.157495117188,downtrend,downtrend_high
2013-11-27,6062.7001953125,6074.0,6030.2998046875,6057.10009765625,development,0.18393822177922187,high,6137.957495117187,6048.48001953125,6137.957495117187,downtrend,downtrend_high
2013-11-28,6092.0,6112.9501953125,6068.2998046875,6091.85009765625,development,0.17005276608206762,medium,6131.5050048828125,6053.30501953125,6131.5050048828125,downtrend,downtrend_medium
2013-11-29,6103.89990234375,6182.5,6103.7998046875,6176.10009765625,development,0.17694993482151747,high,6127.725,6060.016025390625,6127.725,uptrend,uptrend_high
2013-12-02,6171.14990234375,6228.7001953125,6171.14990234375,6217.85009765625,development,0.17646747194227774,high,6123.660009765625,6067.3690234375,6123.660009765625,uptrend,uptrend_high
2013-12-03,6204.25,6225.39990234375,6191.39990234375,6201.85009765625,development,0.17645605446269633,high,6118.392504882812,6073.417021484375,6118.392504882812,uptrend,uptrend_high
2013-12-04,6187.9501953125,6209.14990234375,6149.89990234375,6160.9501953125,development,0.1754365851394691,high,6113.78251953125,6074.325029296875,6113.78251953125,uptrend,uptrend_high
2013-12-05,6262.4501953125,6300.5498046875,6232.0,6241.10009765625,development,0.1806596843773666,high,6115.080029296875,6078.905029296875,6115.080029296875,uptrend,uptrend_high
2013-12-06,6234.39990234375,6275.35009765625,6230.75,6259.89990234375,development,0.18000004288389068,high,6118.7125244140625,6086.30802734375,6118.7125244140625,uptrend,uptrend_high
2013-12-09,6415.0,6415.25,6345.0,6363.89990234375,development,0.1857765200010497,high,6129.87001953125,6095.737021484375,6129.87001953125,uptrend,uptrend_high
2013-12-10,6354.7001953125,6362.25,6307.5498046875,6332.85009765625,development,0.18222233022200432,high,6142.572534179688,6104.917021484375,6142.572534179688,uptrend,uptrend_high
2013-12-11,6307.2001953125,6326.60009765625,6280.25,6307.89990234375,development,0.17810887420580024,high,6157.0650390625,6113.43001953125,6157.0650390625,uptrend,uptrend_high
2013-12-12,6276.75,6286.85009765625,6230.5498046875,6237.0498046875,development,0.18299762191764876,high,6169.437524414063,6121.50701171875,6169.437524414063,uptrend,uptrend_high
2013-12-13,6201.2998046875,6208.60009765625,6161.39990234375,6168.39990234375,development,0.1853615258848604,high,6175.050024414062,6130.169013671875,6175.050024414062,downtrend,downtrend_high
2013-12-16,6168.35009765625,6183.25,6146.0498046875,6154.7001953125,development,0.1681817545024795,medium,6173.335034179688,6137.662021484375,6173.335034179688,downtrend,downtrend_medium
2013-12-17,6178.2001953125,6190.5498046875,6133.0,6139.0498046875,development,0.16809200789392914,medium,6170.12001953125,6142.249013671875,6170.12001953125,downtrend,downtrend_medium
2013-12-18,6129.9501953125,6236.0,6129.9501953125,6217.14990234375,development,0.1674866461420792,medium,6174.83251953125,6148.446015625,6174.83251953125,uptrend,uptrend_medium
2013-12-19,6253.89990234375,6263.75,6150.7001953125,6166.64990234375,development,0.15212108982440403,medium,6183.2125244140625,6153.656015625,6183.2125244140625,downtrend,downtrend_medium
2013-12-20,6179.9501953125,6284.5,6170.35009765625,6274.25,development,0.16210253750829368,medium,6197.152514648437,6160.573017578125,6197.152514648437,uptrend,uptrend_medium
2013-12-23,6267.2001953125,6317.5,6266.9501953125,6284.5,development,0.14804362913803434,medium,6205.610009765625,6166.114013671875,6205.610009765625,uptrend,uptrend_medium
2013-12-24,6296.4501953125,6301.5,6262.0,6268.39990234375,development,0.14354460086173068,low,6216.075,6171.0630078125,6216.075,uptrend,uptrend_low
2013-12-26,6270.10009765625,6302.75,6259.4501953125,6278.89990234375,development,0.14333773494951121,low,6227.164990234375,6174.717001953125,6227.164990234375,uptrend,uptrend_low
2013-12-27,6292.7998046875,6324.89990234375,6289.39990234375,6313.7998046875,development,0.14327462912147865,low,6238.262475585938,6178.738994140625,6238.262475585938,uptrend,uptrend_low
2013-12-30,6336.39990234375,6344.0498046875,6273.14990234375,6291.10009765625,development,0.13713679044767818,low,6244.012475585938,6182.78,6244.012475585938,uptrend,uptrend_low
2013-12-31,6307.35009765625,6317.2998046875,6287.2998046875,6304.0,development,0.13550341059207838,low,6248.319970703125,6187.942998046875,6248.319970703125,uptrend,uptrend_low
2014-01-02,6301.25,6358.2998046875,6211.2998046875,6221.14990234375,development,0.14384978871669865,low,6249.2849609375,6188.578994140625,6249.2849609375,downtrend,downtrend_low
2014-01-03,6194.5498046875,6221.7001953125,6171.25,6211.14990234375,development,0.14180270230356265,low,6251.794946289063,6188.70298828125,6251.794946289063,downtrend,downtrend_low
2014-01-06,6220.85009765625,6224.7001953125,6170.25,6191.4501953125,development,0.13421441125949082,low,6249.312451171875,6188.47599609375,6249.312451171875,downtrend,downtrend_low
2014-01-07,6203.89990234375,6221.5,6144.75,6162.25,development,0.13443824880089464,low,6244.429956054688,6188.153994140625,6244.429956054688,downtrend,downtrend_low
2014-01-08,6178.0498046875,6192.10009765625,6160.35009765625,6174.60009765625,development,0.11846170169027069,low,6234.9649658203125,6188.358994140625,6234.9649658203125,downtrend,downtrend_low
2014-01-09,6181.7001953125,6188.0498046875,6148.25,6168.35009765625,development,0.11778439754755587,low,6226.739965820312,6188.827998046875,6226.739965820312,downtrend,downtrend_low
2014-01-10,6178.85009765625,6239.10009765625,6139.60009765625,6171.4501953125,development,0.11751362025428352,low,6219.91748046875,6190.235,6219.91748046875,downtrend,downtrend_low
2014-01-13,6189.5498046875,6288.2001953125,6189.5498046875,6272.75,development,0.126432641097942,low,6221.702490234375,6191.272001953125,6221.702490234375,uptrend,uptrend_low
2014-01-14,6260.25,6280.35009765625,6234.14990234375,6241.85009765625,development,0.12093317288962521,low,6225.375,6191.075,6225.375,uptrend,uptrend_low
2014-01-15,6265.9501953125,6325.2001953125,6265.2998046875,6320.89990234375,development,0.12765239732271716,low,6233.684985351562,6191.51,6233.684985351562,uptrend,uptrend_low
2014-01-16,6341.35009765625,6346.5,6299.85009765625,6318.89990234375,development,0.12699163064454963,low,6242.677490234375,6191.743994140625,6242.677490234375,uptrend,uptrend_low
2014-01-17,6306.25,6327.10009765625,6246.35009765625,6261.64990234375,development,0.1249266003814622,low,6244.902490234375,6191.913994140625,6244.902490234375,uptrend,uptrend_low
2014-01-20,6261.75,6307.4501953125,6243.35009765625,6303.9501953125,development,0.12262843952171411,low,6251.767504882812,6193.69,6251.767504882812,uptrend,uptrend_low
2014-01-21,6320.14990234375,6330.2998046875,6297.89990234375,6313.7998046875,development,0.10649325912901993,low,6253.7449951171875,6196.22099609375,6253.7449951171875,uptrend,uptrend_low
2014-01-22,6309.0498046875,6349.9501953125,6287.4501953125,6338.9501953125,development,0.10719744762518812,low,6256.467504882812,6200.185,6256.467504882812,uptrend,uptrend_low
2014-01-23,6325.9501953125,6355.60009765625,6316.39990234375,6345.64990234375,development,0.10661559894276254,low,6260.330004882812,6205.522001953125,6260.330004882812,uptrend,uptrend_low
2014-01-24,6301.64990234375,6331.4501953125,6263.89990234375,6266.75,development,0.11612656721367932,low,6259.722509765625,6210.496005859375,6259.722509765625,uptrend,uptrend_low
2014-01-27,6186.2998046875,6188.5498046875,6130.25,6135.85009765625,development,0.1354566750174756,low,6250.825024414063,6213.421005859375,6250.825024414063,downtrend,downtrend_low
2014-01-28,6131.85009765625,6163.60009765625,6085.9501953125,6126.25,development,0.13521051279982488,low,6242.58251953125,6214.8230078125,6242.58251953125,downtrend,downtrend_low
2014-01-29,6161.0,6170.4501953125,6109.7998046875,6120.25,development,0.1346435744280284,low,6233.39501953125,6213.4480078125,6233.39501953125,downtrend,downtrend_low
2014-01-30,6067.0,6082.85009765625,6027.25,6073.7001953125,development,0.12960320225116329,low,6226.022534179688,6210.855009765625,6226.022534179688,downtrend,downtrend_low
2014-01-31,6082.75,6097.85009765625,6067.35009765625,6089.5,development,0.13027279715909984,low,6219.9400390625,6210.18701171875,6219.9400390625,downtrend,downtrend_low
2014-02-03,6058.7998046875,6074.85009765625,5994.4501953125,6001.7998046875,development,0.13863615462729623,low,6210.45751953125,6210.24201171875,6210.45751953125,downtrend,downtrend_low
2014-02-04,5947.60009765625,6017.7998046875,5933.2998046875,6000.89990234375,development,0.13818578950349403,low,6202.3900146484375,6210.351005859375,6202.3900146484375,downtrend,downtrend_low
2014-02-05,6004.25,6028.0498046875,5962.0498046875,6022.39990234375,development,0.13879712940605465,low,6194.780004882812,6208.492001953125,6194.780004882812,downtrend,downtrend_low
2014-02-06,6028.35009765625,6048.35009765625,5965.39990234375,6036.2998046875,development,0.13935935429190285,low,6188.177490234375,6208.03599609375,6188.177490234375,downtrend,downtrend_low
2014-02-07,6077.64990234375,6079.9501953125,6030.89990234375,6063.2001953125,development,0.1406424085629646,low,6182.764990234375,6208.157998046875,6182.764990234375,downtrend,downtrend_low
2014-02-10,6072.7998046875,6083.0498046875,6046.39990234375,6053.4501953125,development,0.12498315994512843,low,6171.8,6207.39,6171.8,downtrend,downtrend_low
2014-02-11,6072.4501953125,6081.85009765625,6053.25,6062.7001953125,development,0.1249062777320105,low,6162.842504882812,6205.122001953125,6162.842504882812,downtrend,downtrend_low
2014-02-12,6085.35009765625,6106.60009765625,6077.39990234375,6084.0,development,0.11504982185612733,low,6150.997509765625,6202.445,6150.997509765625,downtrend,downtrend_low
2014-02-13,6087.5498046875,6094.39990234375,5991.10009765625,6001.10009765625,development,0.12212849666918037,low,6135.10751953125,6198.43,6135.10751953125,downtrend,downtrend_low
2014-02-14,6023.75,6056.39990234375,5984.60009765625,6048.35009765625,development,0.12491378680504737,low,6124.442529296875,6196.177998046875,6124.442529296875,downtrend,downtrend_low
2014-02-18,6071.2998046875,6141.7001953125,6066.7998046875,6127.10009765625,development,0.132300224200741,low,6115.600024414062,6193.897998046875,6115.600024414062,uptrend,uptrend_low
2014-02-19,6132.0498046875,6160.35009765625,6125.75,6152.75,development,0.13339973165711616,low,6107.547534179687,6191.755,6107.547534179687,uptrend,uptrend_low
2014-02-20,6127.14990234375,6129.10009765625,6086.4501953125,6091.4501953125,development,0.13530488802512478,low,6095.172534179687,6186.306005859375,6095.172534179687,downtrend,downtrend_low
2014-02-21,6108.2998046875,6159.64990234375,6108.0,6155.4501953125,development,0.14208247111302091,low,6085.662548828125,6182.7580078125,6085.662548828125,uptrend,uptrend_low
2014-02-24,6140.9501953125,6191.85009765625,6130.7998046875,6186.10009765625,development,0.1376567436784726,low,6081.630053710937,6180.32201171875,6081.630053710937,uptrend,uptrend_low
2014-02-25,6205.7001953125,6216.85009765625,6176.60009765625,6200.0498046875,development,0.1151096504530966,low,6084.8400390625,6179.58201171875,6084.8400390625,uptrend,uptrend_low
2014-02-26,6202.4501953125,6245.9501953125,6202.10009765625,6238.7998046875,development,0.116542917977746,low,6090.467529296875,6180.990009765625,6090.467529296875,uptrend,uptrend_low
2014-02-28,6228.4501953125,6282.7001953125,6228.10009765625,6276.9501953125,development,0.11771109077349405,low,6098.3025390625,6183.435009765625,6098.3025390625,uptrend,uptrend_low
2014-03-03,6264.35009765625,6277.75,6212.25,6221.4501953125,development,0.1190245807731845,low,6105.6900390625,6185.083017578125,6105.6900390625,uptrend,uptrend_low
2014-03-04,6216.75,6302.14990234375,6215.7001953125,6297.9501953125,development,0.12531551345491065,low,6116.112548828125,6186.6990234375,6116.112548828125,uptrend,uptrend_low
2014-03-05,6328.4501953125,6336.25,6287.7998046875,6328.64990234375,development,0.11020583866782101,low,6132.455053710937,6189.9390234375,6132.455053710937,uptrend,uptrend_low
2014-03-06,6344.75,6406.60009765625,6339.7001953125,6401.14990234375,development,0.1138943558458995,low,6152.467553710938,6192.477021484375,6152.467553710938,uptrend,uptrend_low
2014-03-07,6413.9501953125,6537.7998046875,6413.5498046875,6526.64990234375,development,0.12784690838773205,low,6177.6800537109375,6197.32001953125,6177.6800537109375,uptrend,uptrend_low
2014-03-10,6491.7001953125,6562.2001953125,6487.35009765625,6537.25,development,0.12799412224354692,low,6202.727563476563,6202.697021484375,6202.727563476563,uptrend,uptrend_low
2014-03-11,6537.35009765625,6562.85009765625,6494.25,6511.89990234375,development,0.13100502487810162,low,6225.162548828125,6207.357021484375,6225.162548828125,uptrend,uptrend_low
2014-03-12,6497.5,6546.14990234375,6487.2998046875,6516.89990234375,development,0.13001801744018732,low,6248.335034179688,6211.4190234375,6248.335034179688,uptrend,uptrend_low
2014-03-13,6491.75,6561.4501953125,6476.64990234375,6493.10009765625,development,0.1324573694139809,low,6269.855029296875,6215.4590234375,6269.855029296875,uptrend,uptrend_low
2014-03-14,6447.25,6518.4501953125,6432.7001953125,6504.2001953125,development,0.1326038825852069,low,6290.8650390625,6219.46302734375,6290.8650390625,uptrend,uptrend_low
2014-03-18,6532.4501953125,6574.9501953125,6497.64990234375,6516.64990234375,development,0.11669309489497612,low,6316.642529296875,6225.37302734375,6316.642529296875,uptrend,uptrend_low
2014-03-19,6530.0,6541.2001953125,6506.0,6524.0498046875,development,0.11629568335265457,low,6340.427514648438,6231.631025390625,6340.427514648438,uptrend,uptrend_low
2014-03-20,6508.35009765625,6523.64990234375,6473.25,6483.10009765625,development,0.11621633830954896,low,6358.227514648437,6237.4640234375,6358.227514648437,uptrend,uptrend_low
2014-03-21,6515.2001953125,6522.89990234375,6485.7001953125,6493.2001953125,development,0.11619095700871161,low,6375.250024414063,6244.08302734375,6375.250024414063,uptrend,uptrend_low
2014-03-24,6510.5,6591.5,6510.5,6583.5,development,0.11246193444468693,low,6399.852514648437,6252.261025390625,6399.852514648437,uptrend,uptrend_low
2014-03-25,6550.10009765625,6595.5498046875,6544.85009765625,6589.75,development,0.11012527364852974,low,6421.5675048828125,6260.6890234375,6421.5675048828125,uptrend,uptrend_low
2014-03-26,6615.64990234375,6627.4501953125,6580.60009765625,6601.39990234375,development,0.1101189079202843,low,6442.332495117187,6269.288017578125,6442.332495117187,uptrend,uptrend_low
2014-03-27,6613.10009765625,6673.9501953125,6599.5,6641.75,development,0.11049477110047201,low,6464.417504882813,6276.668017578125,6464.417504882813,uptrend,uptrend_low
2014-03-28,6673.0498046875,6702.60009765625,6643.7998046875,6695.89990234375,development,0.11133314819005498,low,6487.272509765625,6285.749013671875,6487.272509765625,uptrend,uptrend_low
2014-03-31,6723.14990234375,6730.0498046875,6662.39990234375,6704.2001953125,development,0.1111969642736965,low,6508.635009765625,6293.41501953125,6508.635009765625,uptrend,uptrend_low
2014-04-01,6729.5,6732.25,6675.4501953125,6721.0498046875,development,0.10161588592236788,low,6533.614990234375,6301.458017578125,6533.614990234375,uptrend,uptrend_low
2014-04-02,6757.60009765625,6763.5,6723.60009765625,6752.5498046875,development,0.09673859405971304,low,6556.344970703125,6311.276015625,6556.344970703125,uptrend,uptrend_low
2014-04-03,6772.0498046875,6776.75,6696.89990234375,6736.10009765625,development,0.09882729191666276,low,6576.71748046875,6319.919013671875,6576.71748046875,uptrend,uptrend_low
2014-04-04,6741.85009765625,6741.85009765625,6685.14990234375,6694.35009765625,development,0.09899906931285563,low,6591.377490234375,6327.53001953125,6591.377490234375,uptrend,uptrend_low
2014-04-07,6694.25,6725.14990234375,6650.39990234375,6695.0498046875,development,0.0749648158189193,low,6599.7974853515625,6334.65201171875,6599.7974853515625,uptrend,uptrend_low
2014-04-09,6722.0,6808.7001953125,6705.10009765625,6796.2001953125,development,0.08962106152510979,low,6612.7449951171875,6343.663017578125,6612.7449951171875,uptrend,uptrend_low
2014-04-10,6803.0498046875,6819.0498046875,6777.2998046875,6796.39990234375,development,0.08728867143817128,low,6626.969995117188,6354.256015625,6626.969995117188,uptrend,uptrend_low
2014-04-11,6758.35009765625,6789.35009765625,6743.14990234375,6776.2998046875,development,0.08905738050923633,low,6639.939990234375,6367.065009765625,6639.939990234375,uptrend,uptrend_low
2014-04-15,6792.7001953125,6813.39990234375,6711.75,6733.10009765625,development,0.09181848571406817,low,6651.939990234375,6379.20201171875,6651.939990234375,uptrend,uptrend_low
2014-04-16,6727.25,6748.64990234375,6665.14990234375,6675.2998046875,development,0.09899155610784341,low,6660.494970703125,6390.3030078125,6660.494970703125,uptrend,uptrend_low
2014-04-17,6695.4501953125,6783.0498046875,6684.39990234375,6779.39990234375,development,0.11123875208318088,low,6673.632470703125,6404.417001953125,6673.632470703125,uptrend,uptrend_low
2014-04-21,6789.25,6825.4501953125,6786.89990234375,6817.64990234375,development,0.11192151293306109,low,6688.312475585937,6418.98,6688.312475585937,uptrend,uptrend_low
2014-04-22,6822.89990234375,6838.0,6806.25,6815.35009765625,development,0.10784784093007818,low,6704.924975585937,6435.251005859375,6704.924975585937,uptrend,uptrend_low
2014-04-23,6823.25,6861.60009765625,6820.75,6840.7998046875,development,0.10786597406420062,low,6722.304956054688,6452.04900390625,6722.304956054688,uptrend,uptrend_low
2014-04-25,6855.7998046875,6869.85009765625,6772.85009765625,6782.75,development,0.10609581250562435,low,6732.2674560546875,6467.256005859375,6732.2674560546875,uptrend,uptrend_low
2014-04-28,6778.5498046875,6786.25,6750.2998046875,6761.25,development,0.1073857784334263,low,6740.842456054687,6481.755009765625,6740.842456054687,uptrend,uptrend_low
2014-04-29,6769.0,6779.7001953125,6708.64990234375,6715.25,development,0.11114242365008498,low,6746.5349609375,6494.796005859375,6746.5349609375,downtrend,downtrend_low
2014-04-30,6724.9501953125,6780.14990234375,6656.7998046875,6696.39990234375,development,0.11007599804034768,low,6749.2674560546875,6507.655,6749.2674560546875,downtrend,downtrend_low
2014-05-02,6709.9501953125,6737.64990234375,6689.5,6694.7998046875,development,0.10623304628080936,low,6749.212451171875,6520.2969921875,6749.212451171875,downtrend,downtrend_low
2014-05-05,6681.64990234375,6741.0498046875,6680.4501953125,6699.35009765625,development,0.1061658669396004,low,6748.969946289062,6532.603994140625,6748.969946289062,downtrend,downtrend_low
2014-05-06,6719.25,6743.4501953125,6701.89990234375,6715.2998046875,development,0.10612504731383043,low,6748.682446289063,6546.88798828125,6748.682446289063,downtrend,downtrend_low
2014-05-07,6708.60009765625,6718.75,6642.89990234375,6652.5498046875,development,0.10950190246769571,low,6743.682446289063,6558.971982421875,6743.682446289063,downtrend,downtrend_low
2014-05-08,6669.89990234375,6688.39990234375,6638.5498046875,6659.85009765625,development,0.1094871448961418,low,6739.869946289063,6569.626982421875,6739.869946289063,downtrend,downtrend_low
2014-05-09,6654.14990234375,6871.35009765625,6652.14990234375,6858.7998046875,development,0.15157185468367854,medium,6748.092431640625,6583.747978515625,6748.092431640625,uptrend,uptrend_medium
2014-05-12,6863.39990234375,7020.0498046875,6862.89990234375,7014.25,development,0.1694020623873165,medium,6764.05244140625,6602.203974609375,6764.05244140625,uptrend,uptrend_medium
2014-05-13,7080.0,7172.35009765625,7067.14990234375,7108.75,development,0.1678652192942408,medium,6779.679931640625,6621.269970703125,6779.679931640625,uptrend,uptrend_medium
2014-05-14,7112.0,7142.25,7080.89990234375,7108.75,development,0.16787053086400697,medium,6795.297436523438,6639.72296875,6795.297436523438,uptrend,uptrend_medium
2014-05-15,7111.2998046875,7152.5498046875,7082.5498046875,7123.14990234375,development,0.1667279496571865,medium,6812.63994140625,6658.184970703125,6812.63994140625,uptrend,uptrend_medium
2014-05-16,7270.2001953125,7563.5,7130.64990234375,7203.0,development,0.16592428423859512,medium,6836.134936523437,6677.468974609375,6836.134936523437,uptrend,uptrend_medium
2014-05-19,7276.85009765625,7291.10009765625,7193.5498046875,7263.5498046875,development,0.16047825412573552,medium,6865.547436523438,6697.200966796875,6865.547436523438,uptrend,uptrend_medium
2014-05-20,7309.9501953125,7353.64990234375,7247.7001953125,7275.5,development,0.15497795671821074,medium,6890.35244140625,6718.281962890625,6890.35244140625,uptrend,uptrend_medium
2014-05-21,7274.85009765625,7287.14990234375,7206.7001953125,7252.89990234375,development,0.15653908122342408,medium,6912.11494140625,6737.38095703125,6912.11494140625,uptrend,uptrend_medium
2014-05-22,7289.9501953125,7319.5498046875,7258.14990234375,7276.39990234375,development,0.1559977537822375,medium,6935.167431640625,6756.33595703125,6935.167431640625,uptrend,uptrend_medium
2014-05-23,7306.5,7381.0,7293.89990234375,7367.10009765625,development,0.15934501059080255,medium,6961.482446289063,6775.6549609375,6961.482446289063,uptrend,uptrend_medium
2014-05-26,7428.75,7504.0,7269.0498046875,7359.0498046875,development,0.15387636455137277,medium,6990.297436523438,6792.302958984375,6990.297436523438,uptrend,uptrend_medium
2014-05-27,7363.10009765625,7372.9501953125,7274.75,7318.0,development,0.15561924591273896,medium,7018.134936523437,6807.917958984375,7018.134936523437,uptrend,uptrend_medium
2014-05-28,7324.9501953125,7344.75,7302.60009765625,7329.64990234375,development,0.15065657698374957,medium,7048.854931640625,6824.272958984375,7048.854931640625,uptrend,uptrend_medium
2014-05-29,7316.60009765625,7325.39990234375,7224.39990234375,7235.64990234375,development,0.16088729618445463,medium,7075.817431640625,6838.647958984375,7075.817431640625,uptrend,uptrend_medium
2014-05-30,7254.85009765625,7272.5,7118.4501953125,7229.9501953125,development,0.16108749136037304,medium,7102.574951171875,6853.3849609375,7102.574951171875,uptrend,uptrend_medium
2014-06-02,7264.0498046875,7368.60009765625,7239.5,7362.5,development,0.16842675743810348,medium,7135.732446289063,6870.55095703125,7135.732446289063,uptrend,uptrend_medium
2014-06-03,7375.35009765625,7424.9501953125,7342.14990234375,7415.85009765625,development,0.16839160881978285,medium,7170.7599609375,6888.5349609375,7170.7599609375,uptrend,uptrend_medium
2014-06-04,7417.5498046875,7433.2998046875,7391.35009765625,7402.25,development,0.16187456411880985,medium,7208.244970703125,6906.09896484375,7208.244970703125,uptrend,uptrend_medium
2014-06-05,7399.75,7484.7001953125,7360.5,7474.10009765625,development,0.16172236972492296,medium,7248.957470703125,6925.91896484375,7248.957470703125,uptrend,uptrend_medium
2014-06-06,7521.5,7592.7001953125,7497.64990234375,7583.39990234375,development,0.139139267561917,low,7285.187475585937,6947.722958984375,7285.187475585937,uptrend,uptrend_low
2014-06-09,7621.64990234375,7673.7001953125,7580.25,7654.60009765625,development,0.12403483996203994,low,7317.20498046875,6969.1449609375,7317.20498046875,uptrend,uptrend_low
2014-06-10,7679.0498046875,7683.2001953125,7579.2998046875,7656.39990234375,development,0.12003794390029289,low,7344.587475585938,6990.477958984375,7344.587475585938,uptrend,uptrend_low
2014-06-11,7672.39990234375,7700.0498046875,7589.0498046875,7626.85009765625,development,0.12239351140067523,low,7370.49248046875,7010.986962890625,7370.49248046875,uptrend,uptrend_low
2014-06-12,7641.2998046875,7658.0,7593.7998046875,7649.89990234375,development,0.12227977365691495,low,7396.82998046875,7031.1499609375,7396.82998046875,uptrend,uptrend_low
2014-06-13,7668.2001953125,7678.5,7525.35009765625,7542.10009765625,development,0.1338360398545653,low,7413.784985351563,7048.07396484375,7413.784985351563,uptrend,uptrend_low
2014-06-16,7534.7998046875,7548.60009765625,7487.5498046875,7533.5498046875,development,0.13237378489525228,low,7427.284985351563,7064.66095703125,7427.284985351563,uptrend,uptrend_low
2014-06-17,7525.0498046875,7637.60009765625,7509.25,7631.7001953125,development,0.1381694330181394,medium,7445.094995117188,7082.87396484375,7445.094995117188,uptrend,uptrend_medium
2014-06-18,7636.0498046875,7663.0,7515.5,7558.2001953125,development,0.1434751774456053,medium,7460.360009765625,7098.98697265625,7460.360009765625,uptrend,uptrend_medium
2014-06-19,7580.0498046875,7606.4501953125,7502.5498046875,7540.7001953125,development,0.14424406841447035,medium,7473.575024414063,7115.078974609375,7473.575024414063,uptrend,uptrend_medium
2014-06-20,7543.2998046875,7560.5498046875,7497.2998046875,7511.4501953125,development,0.13985373770477638,medium,7480.792529296875,7131.4209765625,7480.792529296875,uptrend,uptrend_medium
2014-06-23,7514.0,7534.7998046875,7441.60009765625,7493.35009765625,development,0.14019375004534737,medium,7487.507543945312,7147.386982421875,7487.507543945312,uptrend,uptrend_medium
2014-06-24,7515.2001953125,7593.35009765625,7515.2001953125,7580.2001953125,development,0.14282506807723067,medium,7500.6175537109375,7163.066982421875,7500.6175537109375,uptrend,uptrend_medium
2014-06-25,7588.5498046875,7589.25,7557.0498046875,7569.25,development,0.1432897073899874,medium,7512.59755859375,7178.523984375,7512.59755859375,uptrend,uptrend_medium
2014-06-26,7554.10009765625,7570.2001953125,7481.2998046875,7493.2001953125,development,0.1398672767392532,medium,7525.475073242187,7192.8619921875,7525.475073242187,downtrend,downtrend_medium
2014-06-27,7514.2001953125,7538.75,7482.2998046875,7508.7998046875,development,0.13953714949328502,medium,7539.417553710938,7208.375986328125,7539.417553710938,downtrend,downtrend_medium
2014-06-30,7534.0498046875,7623.64990234375,7531.60009765625,7611.35009765625,development,0.13308465427147595,low,7551.86005859375,7227.0969921875,7551.86005859375,uptrend,uptrend_low
2014-07-01,7629.0,7649.5,7618.14990234375,7634.7001953125,development,0.13159188493236934,low,7562.802563476563,7244.202998046875,7562.802563476563,uptrend,uptrend_low
2014-07-02,7683.0498046875,7732.39990234375,7677.2998046875,7725.14990234375,development,0.13590180054811857,medium,7578.94755859375,7262.352998046875,7578.94755859375,uptrend,uptrend_medium
2014-07-03,7734.35009765625,7754.64990234375,7706.7998046875,7714.7998046875,development,0.13341283744620072,low,7590.9825439453125,7280.3419921875,7590.9825439453125,uptrend,uptrend_low
2014-07-04,7718.10009765625,7758.0,7661.2998046875,7751.60009765625,development,0.12499324476114916,low,7599.392553710937,7298.557998046875,7599.392553710937,uptrend,uptrend_low
2014-07-07,7780.39990234375,7792.0,7755.10009765625,7787.14990234375,development,0.12190717972403499,low,7606.020043945313,7318.64599609375,7606.020043945313,uptrend,uptrend_low
2014-07-08,7804.0498046875,7808.85009765625,7595.89990234375,7623.2001953125,development,0.14470640239245783,medium,7604.36005859375,7335.885,7604.36005859375,uptrend,uptrend_medium
2014-07-09,7637.9501953125,7650.10009765625,7551.64990234375,7585.0,development,0.14515204934360873,medium,7602.267553710937,7353.28,7602.267553710937,downtrend,downtrend_medium
2014-07-10,7589.5,7731.0498046875,7479.0498046875,7567.75,development,0.14479267185579384,medium,7598.16005859375,7370.707001953125,7598.16005859375,downtrend,downtrend_medium
2014-07-11,7584.10009765625,7625.85009765625,7447.2001953125,7459.60009765625,development,0.1450422261613426,medium,7594.03505859375,7386.0030078125,7594.03505859375,downtrend,downtrend_medium
2014-07-14,7469.0,7478.4501953125,7422.14990234375,7454.14990234375,development,0.14502629701819592,medium,7590.0650634765625,7401.09900390625,7590.0650634765625,downtrend,downtrend_medium
2014-07-15,7491.2998046875,7534.89990234375,7459.14990234375,7526.64990234375,development,0.14137132397909655,medium,7584.812548828125,7417.326005859375,7584.812548828125,downtrend,downtrend_medium
2014-07-16,7564.14990234375,7640.10009765625,7532.4501953125,7624.39990234375,development,0.14507389451520342,medium,7588.122534179687,7436.7630078125,7588.122534179687,uptrend,uptrend_medium
2014-07-17,7612.7001953125,7655.64990234375,7612.7001953125,7640.4501953125,development,0.14479415566334908,medium,7593.110034179687,7456.375009765625,7593.110034179687,uptrend,uptrend_medium
2014-07-18,7630.25,7685.0,7595.5,7663.89990234375,development,0.14398007054345316,medium,7600.73251953125,7472.47701171875,7600.73251953125,uptrend,uptrend_medium
2014-07-21,7701.64990234375,7722.10009765625,7674.0,7684.2001953125,development,0.1434893970667508,medium,7610.2750244140625,7485.876015625,7610.2750244140625,uptrend,uptrend_medium
2014-07-22,7708.2001953125,7773.85009765625,7704.7998046875,7767.85009765625,development,0.14283959573087038,medium,7619.65751953125,7499.058017578125,7619.65751953125,uptrend,uptrend_medium
2014-07-23,7794.89990234375,7809.2001953125,7752.89990234375,7795.75,development,0.14269251135084482,medium,7630.98251953125,7512.798017578125,7630.98251953125,uptrend,uptrend_medium
2014-07-24,7796.25,7835.64990234375,7771.64990234375,7830.60009765625,development,0.13625196340579326,medium,7647.852514648437,7526.947021484375,7647.852514648437,uptrend,uptrend_medium
2014-07-25,7828.2001953125,7840.9501953125,7748.60009765625,7790.4501953125,development,0.1387430511910879,medium,7661.935034179687,7538.696025390625,7661.935034179687,uptrend,uptrend_medium
2014-07-28,7792.89990234375,7799.89990234375,7722.64990234375,7748.7001953125,development,0.1336593558970222,low,7668.8025390625,7548.399033203125,7668.8025390625,uptrend,uptrend_low
2014-07-30,7746.2001953125,7798.7001953125,7707.60009765625,7791.39990234375,development,0.13445681135156745,low,7676.637524414063,7558.71703125,7676.637524414063,uptrend,uptrend_low
2014-07-31,7784.64990234375,7791.85009765625,7711.14990234375,7721.2998046875,development,0.13260262160701414,low,7676.44501953125,7568.085029296875,7676.44501953125,uptrend,uptrend_low
2014-08-01,7662.5,7716.7001953125,7593.89990234375,7602.60009765625,development,0.14341074869173298,medium,7670.835034179688,7574.609033203125,7670.835034179688,downtrend,downtrend_medium
2014-08-04,7639.5498046875,7694.7998046875,7622.0498046875,7683.64990234375,development,0.14784306417058132,medium,7667.437524414063,7580.940029296875,7667.437524414063,uptrend,uptrend_medium
2014-08-05,7706.64990234375,7752.4501953125,7638.0498046875,7746.5498046875,development,0.14998971700680047,medium,7665.40751953125,7588.690029296875,7665.40751953125,uptrend,uptrend_medium
2014-08-06,7726.14990234375,7740.9501953125,7658.9501953125,7672.0498046875,development,0.13350711507628624,low,7667.85,7595.771025390625,7667.85,uptrend,uptrend_low
2014-08-07,7651.14990234375,7708.9501953125,7630.39990234375,7649.25,development,0.1326136584860793,low,7671.0625,7602.16302734375,7671.0625,downtrend,downtrend_low
2014-08-08,7588.7001953125,7592.4501953125,7540.10009765625,7568.5498046875,development,0.13801631333711747,medium,7671.102490234375,7608.821025390625,7671.102490234375,downtrend,downtrend_medium
2014-08-11,7619.85009765625,7635.5498046875,7598.60009765625,7625.9501953125,development,0.1294657544983844,low,7679.419995117188,7616.741025390625,7679.419995117188,downtrend,downtrend_low
2014-08-12,7688.7998046875,7735.75,7654.7998046875,7727.0498046875,development,0.13614144565590655,medium,7693.064990234375,7624.032021484375,7693.064990234375,uptrend,uptrend_medium
2014-08-13,7717.2998046875,7757.10009765625,7695.7001953125,7739.5498046875,development,0.13291159750911485,low,7703.709985351563,7630.506015625,7703.709985351563,uptrend,uptrend_low
2014-08-14,7756.14990234375,7796.7001953125,7739.10009765625,7791.7001953125,development,0.1274425202570422,low,7712.075,7638.29501953125,7712.075,uptrend,uptrend_low
2014-08-18,7785.25,7880.5,7779.2001953125,7874.25,development,0.13180408799665255,low,7723.764990234375,7646.298017578125,7723.764990234375,uptrend,uptrend_low
2014-08-19,7901.0,7918.5498046875,7881.14990234375,7897.5,development,0.13178682210579687,low,7735.444995117187,7652.58001953125,7735.444995117187,uptrend,uptrend_low
2014-08-20,7915.7998046875,7922.7001953125,7864.0498046875,7875.2998046875,development,0.1325974469382981,low,7744.999975585937,7656.994013671875,7744.999975585937,uptrend,uptrend_low
2014-08-21,7875.35009765625,7919.64990234375,7855.9501953125,7891.10009765625,development,0.12770567958260978,low,7751.1624755859375,7661.688017578125,7751.1624755859375,uptrend,uptrend_low
2014-08-22,7904.5498046875,7929.0498046875,7900.0498046875,7913.2001953125,development,0.12750852900136306,low,7757.034985351563,7667.41501953125,7757.034985351563,uptrend,uptrend_low
2014-08-25,7931.75,7968.25,7897.9501953125,7906.2998046875,development,0.12686555842839736,low,7760.819970703125,7672.543017578125,7760.819970703125,uptrend,uptrend_low
2014-08-26,7874.5,7915.4501953125,7862.4501953125,7904.75,development,0.1251545576872926,low,7766.5349609375,7679.796015625,7766.5349609375,uptrend,uptrend_low
2014-08-27,7933.89990234375,7946.85009765625,7916.5498046875,7936.0498046875,development,0.12347352239232189,low,7775.90244140625,7687.846015625,7775.90244140625,uptrend,uptrend_low
2014-08-28,7942.25,7967.7998046875,7939.2001953125,7954.35009765625,development,0.12251825571213136,low,7784.049951171875,7694.299013671875,7784.049951171875,uptrend,uptrend_low
2014-09-01,7990.35009765625,8035.0,7984.0,8027.7001953125,development,0.11971093144260112,low,7799.369970703125,7703.689013671875,7799.369970703125,uptrend,uptrend_low
2014-09-02,8038.60009765625,8101.9501953125,8036.5498046875,8083.0498046875,development,0.10164387789857389,low,7823.3924560546875,7714.536005859375,7823.3924560546875,uptrend,uptrend_low
2014-09-03,8110.85009765625,8141.89990234375,8092.25,8114.60009765625,development,0.09772114971877427,low,7844.939965820313,7726.59900390625,7844.939965820313,uptrend,uptrend_low
2014-09-04,8114.2001953125,8114.7998046875,8060.89990234375,8095.9501953125,development,0.09707033637729752,low,7862.409985351563,7738.651005859375,7862.409985351563,uptrend,uptrend_low
2014-09-05,8099.89990234375,8122.7001953125,8049.85009765625,8086.85009765625,development,0.0875406084049303,low,7883.15,7748.78400390625,7883.15,uptrend,uptrend_low
2014-09-08,8132.9501953125,8180.2001953125,8126.14990234375,8173.89990234375,development,0.08939854091731207,low,7909.382495117187,7760.877001953125,7909.382495117187,uptrend,uptrend_low
2014-09-09,8161.89990234375,8174.5498046875,8126.5,8152.9501953125,development,0.07650864267270535,low,7938.602514648437,7774.072001953125,7938.602514648437,uptrend,uptrend_low
2014-09-10,8135.5498046875,8135.75,8082.10009765625,8094.10009765625,development,0.08428355998679916,low,7962.010009765625,7785.7780078125,7962.010009765625,uptrend,uptrend_low
2014-09-11,8115.14990234375,8127.9501953125,8057.2998046875,8085.7001953125,development,0.07607720979631255,low,7979.942529296875,7795.265009765625,7979.942529296875,uptrend,uptrend_low
2014-09-12,8087.0498046875,8114.2998046875,8071.60009765625,8105.5,development,0.07603815233474566,low,7998.2400390625,7804.681005859375,7998.2400390625,uptrend,uptrend_low
2014-09-15,8070.35009765625,8077.2998046875,8030.0,8042.0,development,0.08216424123401038,low,8010.755029296875,7811.0180078125,8010.755029296875,uptrend,uptrend_low
2014-09-16,8036.60009765625,8044.89990234375,7925.14990234375,7932.89990234375,development,0.0913142284166267,low,8013.687524414063,7815.380009765625,8013.687524414063,downtrend,downtrend_low
2014-09-17,7971.5,7990.64990234375,7936.9501953125,7975.5,development,0.09260913472590092,low,8017.5875244140625,7819.8580078125,8017.5875244140625,downtrend,downtrend_low
2014-09-18,7950.64990234375,8120.85009765625,7939.7001953125,8114.75,development,0.10940437481505663,low,8029.560034179687,7826.410009765625,8029.560034179687,uptrend,uptrend_low
2014-09-19,8129.39990234375,8160.89990234375,8105.35009765625,8121.4501953125,development,0.10941521464843149,low,8041.0775390625,7836.375009765625,8041.0775390625,uptrend,uptrend_low
2014-09-22,8084.4501953125,8159.89990234375,8064.7998046875,8146.2998046875,development,0.10946110987905117,low,8052.73251953125,7847.601005859375,8052.73251953125,uptrend,uptrend_low
2014-09-23,8144.39990234375,8159.75,8008.10009765625,8017.5498046875,development,0.12538380817878164,low,8058.29501953125,7856.597001953125,8058.29501953125,downtrend,downtrend_low
2014-09-24,8015.5498046875,8042.0498046875,7950.0498046875,8002.39990234375,development,0.12569317240274158,low,8063.177514648438,7867.452998046875,8063.177514648438,downtrend,downtrend_low
2014-09-25,8003.2998046875,8019.2998046875,7877.35009765625,7911.85009765625,development,0.13189067824344788,medium,8061.967529296875,7876.607001953125,8061.967529296875,downtrend,downtrend_medium
2014-09-26,7885.85009765625,7993.2998046875,7841.7998046875,7968.85009765625,development,0.13421136082627935,medium,8062.692529296875,7885.451005859375,8062.692529296875,downtrend,downtrend_medium
2014-09-29,7978.4501953125,7991.75,7934.7001953125,7958.89990234375,development,0.12987524600143838,medium,8059.252514648438,7892.141005859375,8059.252514648438,downtrend,downtrend_medium
2014-09-30,7948.7998046875,8030.89990234375,7923.85009765625,7964.7998046875,development,0.1270991822302268,medium,8053.340014648437,7898.627998046875,8053.340014648437,downtrend,downtrend_medium
2014-10-01,7960.5,7977.5,7936.7001953125,7945.5498046875,development,0.1260346432784793,low,8044.8875,7904.26099609375,8044.8875,downtrend,downtrend_low
2014-10-07,7897.39990234375,7943.0498046875,7842.7001953125,7852.39990234375,development,0.13161728677339068,medium,8032.709985351563,7907.624990234375,8032.709985351563,downtrend,downtrend_medium
2014-10-08,7828.75,7869.89990234375,7815.75,7842.7001953125,development,0.13161373882107427,medium,8020.502490234375,7909.1219921875,8020.502490234375,downtrend,downtrend_medium
2014-10-09,7886.5,7972.35009765625,7886.5,7960.5498046875,development,0.13761400096470888,medium,8009.834985351563,7912.41798828125,8009.834985351563,downtrend,downtrend_medium
2014-10-10,7911.0,7924.0498046875,7848.4501953125,7859.9501953125,development,0.14337954226846578,medium,7995.184985351562,7913.004990234375,7995.184985351562,downtrend,downtrend_medium
2014-10-13,7831.0,7901.14990234375,7796.0,7884.25,development,0.1428717467849511,medium,7984.69248046875,7914.880986328125,7984.69248046875,downtrend,downtrend_medium
2014-10-14,7923.25,7928.0,7825.4501953125,7864.0,development,0.14294146180929113,medium,7973.607470703125,7917.186982421875,7973.607470703125,downtrend,downtrend_medium
2014-10-16,7837.2998046875,7893.89990234375,7729.64990234375,7748.2001953125,development,0.1497256018396435,high,7955.74248046875,7916.32298828125,7955.74248046875,downtrend,downtrend_high
2014-10-17,7733.75,7819.2001953125,7723.85009765625,7779.7001953125,development,0.1497545438272428,high,7942.627490234375,7917.49099609375,7942.627490234375,downtrend,downtrend_high
2014-10-20,7896.9501953125,7905.9501953125,7856.9501953125,7879.39990234375,development,0.15110209122983853,high,7939.952490234375,7923.0269921875,7939.952490234375,downtrend,downtrend_high
2014-10-21,7906.14990234375,7936.60009765625,7874.35009765625,7927.75,development,0.15150704725692657,high,7937.564990234375,7927.908994140625,7937.564990234375,downtrend,downtrend_high
2014-10-22,7997.7998046875,8005.0,7974.5498046875,7995.89990234375,development,0.1406372283206852,medium,7931.622485351562,7932.89599609375,7931.622485351562,uptrend,uptrend_medium
2014-10-27,8064.35009765625,8064.39990234375,7985.64990234375,7991.7001953125,development,0.14052454733337874,medium,7925.134985351562,7939.28900390625,7925.134985351562,uptrend,uptrend_medium
2014-10-28,8002.39990234375,8037.7998046875,7995.0498046875,8027.60009765625,development,0.1411326591685363,medium,7919.2,7946.856005859375,7919.2,uptrend,uptrend_medium
2014-10-29,8077.0498046875,8097.9501953125,8052.25,8090.4501953125,development,0.13222846995122617,medium,7922.84501953125,7957.294013671875,7922.84501953125,uptrend,uptrend_medium
2014-10-30,8085.2001953125,8181.5498046875,8085.2001953125,8169.2001953125,development,0.13584657458688,medium,7931.185034179687,7968.159013671875,7931.185034179687,uptrend,uptrend_medium
2014-10-31,8200.7998046875,8330.75,8198.0498046875,8322.2001953125,development,0.14127853675228288,medium,7951.7025390625,7980.062021484375,7951.7025390625,uptrend,uptrend_medium
2014-11-03,8348.150390625,8350.599609375,8297.650390625,8324.150390625,development,0.14040913802945384,medium,7969.467553710938,7991.754033203125,7969.467553710938,uptrend,uptrend_medium
2014-11-05,8351.25,8365.5498046875,8323.5,8338.2998046875,development,0.13983180232220077,medium,7988.437548828125,8002.686025390625,7988.437548828125,uptrend,uptrend_medium
2014-11-07,8331.849609375,8360.349609375,8290.25,8337.0,development,0.14000638527180262,medium,8007.04755859375,8011.941025390625,8007.04755859375,uptrend,uptrend_medium
2014-11-10,8337.7998046875,8383.0498046875,8304.4501953125,8344.25,development,0.139013147948101,medium,8026.982568359375,8020.876025390625,8026.982568359375,uptrend,uptrend_medium
2014-11-11,8354.099609375,8378.7001953125,8321.849609375,8362.650390625,development,0.1285244750776524,medium,8052.495092773437,8030.623037109375,8052.495092773437,uptrend,uptrend_medium
2014-11-12,8378.900390625,8415.0498046875,8370.5,8383.2998046875,development,0.12750373479779273,medium,8079.525073242187,8040.46703125,8079.525073242187,uptrend,uptrend_medium
2014-11-13,8405.25,8408.0,8320.349609375,8357.849609375,development,0.12158325188708419,low,8099.390063476562,8049.36001953125,8099.390063476562,uptrend,uptrend_low
2014-11-14,8360.7001953125,8400.650390625,8346.7998046875,8389.900390625,development,0.10771247327688407,low,8125.8875732421875,8059.03203125,8125.8875732421875,uptrend,uptrend_low
2014-11-17,8378.400390625,8438.099609375,8349.099609375,8430.75,development,0.10785381108814739,low,8153.212573242187,8069.55203125,8153.212573242187,uptrend,uptrend_low
2014-11-18,8441.25,8454.5,8407.25,8425.900390625,development,0.10662120410563934,low,8181.307592773437,8079.34904296875,8181.307592773437,uptrend,uptrend_low
2014-11-19,8440.650390625,8455.650390625,8360.5,8382.2998046875,development,0.08891377659097845,low,8213.012573242188,8087.908037109375,8213.012573242188,uptrend,uptrend_low
2014-11-20,8406.5,8410.849609375,8353.150390625,8401.900390625,development,0.0890966514416138,low,8244.122583007813,8095.392041015625,8244.122583007813,uptrend,uptrend_low
2014-11-21,8408.2001953125,8489.7998046875,8398.599609375,8477.349609375,development,0.08493175682557559,low,8274.020068359376,8103.278037109375,8274.020068359376,uptrend,uptrend_low
2014-11-24,8490.9501953125,8534.650390625,8490.7998046875,8530.150390625,development,0.08496777645999112,low,8304.140087890624,8111.58904296875,8304.140087890624,uptrend,uptrend_low
2014-11-25,8530.7998046875,8535.349609375,8429.4501953125,8463.099609375,development,0.09212316111498105,low,8327.500073242187,8118.93203125,8327.500073242187,uptrend,uptrend_low
2014-11-26,8450.2998046875,8500.2998046875,8438.650390625,8475.75,development,0.09141519161730925,low,8351.702563476563,8126.710029296875,8351.702563476563,uptrend,uptrend_low
2014-11-27,8477.7998046875,8506.75,8456.349609375,8494.2001953125,development,0.09126992509938016,low,8375.032568359375,8133.11603515625,8375.032568359375,uptrend,uptrend_low
2014-11-28,8516.7998046875,8617.0,8516.25,8588.25,development,0.09429487291280107,low,8399.92255859375,8141.82203125,8399.92255859375,uptrend,uptrend_low
2014-12-01,8605.099609375,8623.0,8545.150390625,8555.900390625,development,0.09369606655125298,low,8419.257568359375,8151.058037109375,8419.257568359375,uptrend,uptrend_low
2014-12-02,8535.4501953125,8560.2001953125,8504.650390625,8524.7001953125,development,0.07317712742124255,low,8429.382568359375,8159.838037109375,8429.382568359375,uptrend,uptrend_low
2014-12-03,8528.7001953125,8546.9501953125,8508.349609375,8537.650390625,development,0.07309132585285955,low,8440.057568359374,8168.481044921875,8440.057568359374,uptrend,uptrend_low
2014-12-04,8582.400390625,8626.9501953125,8526.400390625,8564.400390625,development,0.07337780088297392,low,8451.36259765625,8178.929052734375,8451.36259765625,uptrend,uptrend_low
2014-12-05,8584.25,8588.349609375,8523.900390625,8538.2998046875,development,0.07486705638259487,low,8461.427587890625,8191.03705078125,8461.427587890625,uptrend,uptrend_low
2014-12-08,8538.650390625,8546.349609375,8432.25,8438.25,development,0.08782459200359047,low,8466.127587890625,8200.29205078125,8466.127587890625,downtrend,downtrend_low
2014-12-09,8439.2998046875,8444.5,8330.5,8340.7001953125,development,0.09749579728013924,low,8465.030078125,8204.8110546875,8465.030078125,downtrend,downtrend_low
2014-12-10,8318.0498046875,8376.7998046875,8317.0,8355.650390625,development,0.09728738068625603,low,8463.647607421875,8209.49505859375,8463.647607421875,downtrend,downtrend_low
2014-12-11,8338.849609375,8348.2998046875,8272.400390625,8292.900390625,development,0.10029886691440688,low,8460.400146484375,8212.4270703125,8460.400146484375,downtrend,downtrend_low
2014-12-12,8302.0,8321.900390625,8216.2998046875,8224.099609375,development,0.10276541324586337,low,8452.110107421875,8216.55806640625,8452.110107421875,downtrend,downtrend_low
2014-12-15,8160.75,8242.400390625,8152.5,8219.599609375,development,0.10045090009970545,low,8441.552587890625,8220.902060546876,8441.552587890625,downtrend,downtrend_low
2014-12-16,8172.60009765625,8189.35009765625,8052.60009765625,8067.60009765625,development,0.11753866588902016,low,8423.637573242188,8224.017060546876,8423.637573242188,downtrend,downtrend_low
2014-12-17,8041.2001953125,8082.0,7961.35009765625,8029.7998046875,development,0.11738412570464427,low,8406.012573242188,8225.2360546875,8406.012573242188,downtrend,downtrend_low
2014-12-18,8138.89990234375,8174.2998046875,8084.89990234375,8159.2998046875,development,0.13343703467425927,medium,8393.882543945312,8229.244052734375,8393.882543945312,downtrend,downtrend_medium
2014-12-19,8230.4501953125,8263.4501953125,8208.599609375,8225.2001953125,development,0.13253784264685026,medium,8381.275073242188,8234.452060546875,8381.275073242188,downtrend,downtrend_medium
2014-12-22,8255.0,8330.9501953125,8228.2001953125,8324.0,development,0.13845430515921966,medium,8370.967553710938,8242.021064453125,8370.967553710938,downtrend,downtrend_medium
2014-12-23,8324.599609375,8364.75,8252.849609375,8267.0,development,0.13785215450176125,medium,8361.162573242187,8250.31306640625,8361.162573242187,downtrend,downtrend_medium
2014-12-24,8272.0498046875,8286.400390625,8155.25,8174.10009765625,development,0.1419767252776337,high,8346.080078125,8256.941064453125,8346.080078125,downtrend,downtrend_high
2014-12-26,8204.7998046875,8234.5498046875,8147.9501953125,8200.7001953125,development,0.14242498325378616,high,8331.405078125,8261.744072265625,8331.405078125,downtrend,downtrend_high
2014-12-29,8214.7001953125,8279.150390625,8214.7001953125,8246.2998046875,development,0.13710424548546377,medium,8314.307568359374,8269.471064453124,8314.307568359374,downtrend,downtrend_medium
2014-12-30,8260.2998046875,8268.25,8220.5498046875,8248.25,development,0.137154116820218,medium,8298.925048828125,8276.751064453125,8298.925048828125,downtrend,downtrend_medium
2014-12-31,8243.900390625,8291.0,8243.75,8282.7001953125,development,0.13855657645748337,high,8286.825048828125,8285.125068359375,8286.825048828125,downtrend,downtrend_high
2015-01-02,8288.7001953125,8410.599609375,8288.7001953125,8395.4501953125,development,0.14824993434827843,high,8279.7150390625,8298.070068359375,8279.7150390625,uptrend,uptrend_high
2015-01-05,8407.9501953125,8445.599609375,8363.900390625,8378.400390625,development,0.14756539695178478,high,8270.4150390625,8310.044072265626,8270.4150390625,uptrend,uptrend_high
2015-01-06,8325.2998046875,8327.849609375,8111.35009765625,8127.35009765625,development,0.1797943065581832,high,8249.867553710938,8315.003076171875,8249.867553710938,downtrend,downtrend_high
2015-01-07,8118.64990234375,8151.2001953125,8065.4501953125,8102.10009765625,development,0.17644372851695925,high,8233.06005859375,8318.490078125,8233.06005859375,downtrend,downtrend_high
2015-01-08,8191.39990234375,8243.5,8167.2998046875,8234.599609375,development,0.18398388735875043,high,8227.755029296875,8323.264072265625,8227.755029296875,uptrend,uptrend_high
2015-01-09,8285.4501953125,8303.2998046875,8190.7998046875,8284.5,development,0.18533106350945727,high,8224.197509765625,8329.120068359374,8224.197509765625,uptrend,uptrend_high
2015-01-12,8291.349609375,8332.599609375,8245.599609375,8323.0,development,0.1841327697481533,high,8225.702490234375,8335.02806640625,8225.702490234375,uptrend,uptrend_high
2015-01-13,8346.150390625,8356.650390625,8267.900390625,8299.400390625,development,0.18177811436291083,high,8229.467529296875,8339.2070703125,8229.467529296875,uptrend,uptrend_high
2015-01-14,8307.25,8326.4501953125,8236.650390625,8277.5498046875,development,0.18209076825399662,high,8232.3650390625,8341.3740625,8232.3650390625,uptrend,uptrend_high
2015-01-15,8424.5,8527.099609375,8380.5498046875,8494.150390625,development,0.1894458585677815,high,8253.692553710938,8344.81306640625,8253.692553710938,uptrend,uptrend_high
2015-01-16,8504.0498046875,8530.75,8452.25,8513.7998046875,development,0.18747159512722217,high,8277.892553710937,8348.6060546875,8277.892553710937,uptrend,uptrend_high
2015-01-19,8550.0498046875,8570.9501953125,8531.5,8550.7001953125,development,0.18108133779080066,high,8297.462573242188,8352.8540625,8297.462573242188,uptrend,uptrend_high
2015-01-20,8575.099609375,8707.900390625,8574.5,8695.599609375,development,0.18739099259088404,high,8320.982543945312,8360.0260546875,8320.982543945312,uptrend,uptrend_high
2015-01-21,8719.650390625,8741.849609375,8689.599609375,8729.5,development,0.18431824591928836,high,8341.257543945312,8367.7310546875,8341.257543945312,uptrend,uptrend_high
2015-01-22,8745.849609375,8774.150390625,8727.0,8761.400390625,development,0.18103610692161642,high,8365.977563476563,8375.7060546875,8365.977563476563,uptrend,uptrend_high
2015-01-23,8827.9501953125,8866.400390625,8795.400390625,8835.599609375,development,0.17389711538356378,high,8399.0525390625,8384.75205078125,8399.0525390625,uptrend,uptrend_high
2015-01-27,8871.349609375,8925.0498046875,8825.4501953125,8910.5,development,0.17460450175286357,high,8434.542529296876,8395.80505859375,8434.542529296876,uptrend,uptrend_high
2015-01-28,8902.75,8985.0498046875,8874.0498046875,8914.2998046875,development,0.17503103032704767,high,8467.942529296875,8406.293046875,8467.942529296875,uptrend,uptrend_high
2015-01-29,8901.5,8966.650390625,8861.25,8952.349609375,development,0.17447762287139754,high,8503.147509765626,8416.7250390625,8503.147509765626,uptrend,uptrend_high
2015-01-30,8996.599609375,8996.599609375,8775.099609375,8808.900390625,development,0.18861574143520385,high,8529.45751953125,8424.3850390625,8529.45751953125,uptrend,uptrend_high
2015-02-02,8802.5,8840.7998046875,8751.099609375,8797.400390625,development,0.18504158204580898,high,8549.555029296875,8432.68705078125,8549.555029296875,uptrend,uptrend_high
2015-02-03,8823.150390625,8837.2998046875,8726.650390625,8756.5498046875,development,0.18610177372553288,high,8568.4625,8439.7800390625,8568.4625,uptrend,uptrend_high
2015-02-04,8789.150390625,8792.849609375,8704.400390625,8723.7001953125,development,0.14448075962157853,high,8598.280004882812,8444.70705078125,8598.280004882812,uptrend,uptrend_high
2015-02-05,8733.099609375,8838.4501953125,8683.650390625,8711.7001953125,development,0.14354479757346522,high,8628.760009765625,8448.338046875,8628.760009765625,uptrend,uptrend_high
2015-02-06,8696.849609375,8726.2001953125,8645.5498046875,8661.0498046875,development,0.13906785435142474,medium,8650.08251953125,8452.29705078125,8650.08251953125,uptrend,uptrend_medium
2015-02-09,8584.400390625,8605.5498046875,8516.349609375,8526.349609375,development,0.15238450196032127,high,8662.175,8453.30904296875,8662.175,downtrend,downtrend_high
2015-02-10,8478.099609375,8646.25,8470.5,8565.5498046875,development,0.15237091806889477,high,8674.302490234375,8454.73603515625,8674.302490234375,downtrend,downtrend_high
2015-02-11,8603.2998046875,8651.9501953125,8593.650390625,8627.400390625,development,0.15277340690084487,high,8690.702490234375,8455.51904296875,8690.702490234375,downtrend,downtrend_high
2015-02-12,8676.9501953125,8732.5498046875,8599.25,8711.5498046875,development,0.1541299766683221,high,8712.402490234375,8458.63203125,8712.402490234375,downtrend,downtrend_high
2015-02-13,8741.5,8822.099609375,8729.650390625,8805.5,development,0.13085208641745813,medium,8727.969970703125,8464.24802734375,8727.969970703125,uptrend,uptrend_medium
2015-02-16,8831.400390625,8870.099609375,8793.400390625,8809.349609375,development,0.13093036167074684,medium,8742.7474609375,8469.68201171875,8742.7474609375,uptrend,uptrend_medium
2015-02-18,8811.5498046875,8894.2998046875,8808.900390625,8869.099609375,development,0.13185889929827782,medium,8758.667431640624,8475.77599609375,8758.667431640624,uptrend,uptrend_medium
2015-02-19,8883.0498046875,8913.4501953125,8794.4501953125,8895.2998046875,development,0.11939536875195009,low,8768.65244140625,8482.91599609375,8768.65244140625,uptrend,uptrend_low
2015-02-20,8895.5,8899.9501953125,8816.2998046875,8833.599609375,development,0.12226268143486338,medium,8773.857421875,8490.82298828125,8773.857421875,uptrend,uptrend_medium
2015-02-23,8856.849609375,8869.0,8736.099609375,8754.9501953125,development,0.12619339205096428,medium,8773.534912109375,8499.10798828125,8773.534912109375,downtrend,downtrend_medium
2015-02-24,8772.900390625,8800.5,8726.75,8762.099609375,development,0.12223813363813626,medium,8769.859912109376,8507.23697265625,8769.859912109376,downtrend,downtrend_medium
2015-02-25,8801.900390625,8840.650390625,8751.400390625,8767.25,development,0.11777470138753016,low,8762.697412109375,8516.72396484375,8762.697412109375,uptrend,uptrend_low
2015-02-26,8779.0,8786.0498046875,8669.4501953125,8683.849609375,development,0.12164093088333554,medium,8751.17490234375,8525.91896484375,8751.17490234375,downtrend,downtrend_medium
2015-02-27,8729.5,8856.9501953125,8717.4501953125,8844.599609375,development,0.13946013559990444,medium,8745.78740234375,8538.41896484375,8745.78740234375,uptrend,uptrend_medium
2015-03-02,8953.849609375,8972.349609375,8885.4501953125,8956.75,development,0.1343979135663757,medium,8753.1798828125,8556.201962890626,8753.1798828125,uptrend,uptrend_medium
2015-03-03,8962.849609375,9008.400390625,8925.5498046875,8996.25,development,0.13470374418516926,medium,8763.12236328125,8575.530966796876,8763.12236328125,uptrend,uptrend_medium
2015-03-04,9109.150390625,9119.2001953125,8893.9501953125,8922.650390625,development,0.1372831961667092,medium,8771.427392578125,8590.797978515626,8771.427392578125,uptrend,uptrend_medium
2015-03-05,8929.400390625,8957.5498046875,8849.349609375,8937.75,development,0.13615245657826974,medium,8782.1298828125,8605.048974609375,8782.1298828125,uptrend,uptrend_medium
2015-03-09,8891.150390625,8891.2998046875,8740.4501953125,8756.75,development,0.15601340132177594,high,8784.382373046876,8613.703974609374,8784.382373046876,downtrend,downtrend_high
2015-03-10,8769.75,8778.0,8677.349609375,8712.0498046875,development,0.15566436645298184,high,8786.932373046875,8622.604970703125,8786.932373046875,downtrend,downtrend_high
2015-03-11,8728.75,8755.599609375,8682.349609375,8699.9501953125,development,0.1441817928512251,high,8795.61240234375,8633.12197265625,8795.61240234375,downtrend,downtrend_high
2015-03-12,8740.650390625,8787.2001953125,8732.900390625,8776.0,development,0.14627021296311865,high,8806.134912109375,8644.62796875,8806.134912109375,downtrend,downtrend_high
2015-03-13,8844.0498046875,8849.75,8631.75,8647.75,development,0.15474649539932445,high,8807.152392578126,8652.65697265625,8807.152392578126,downtrend,downtrend_high
2015-03-16,8656.75,8663.5498046875,8612.0,8633.150390625,development,0.15061585078632428,high,8803.232421875,8660.35498046875,8803.232421875,downtrend,downtrend_high
2015-03-17,8689.099609375,8742.5498046875,8630.7998046875,8723.2998046875,development,0.15028295912284037,high,8799.122412109375,8669.16697265625,8799.122412109375,downtrend,downtrend_high
2015-03-18,8742.900390625,8747.25,8664.0,8685.900390625,development,0.15085756335648015,high,8792.949951171875,8674.9759765625,8792.949951171875,downtrend,downtrend_high
2015-03-19,8749.4501953125,8788.2001953125,8614.650390625,8634.650390625,development,0.1492650754325067,high,8781.227490234374,8680.1009765625,8781.227490234374,downtrend,downtrend_high
2015-03-20,8627.900390625,8627.900390625,8553.0,8570.900390625,development,0.14986956957925032,high,8765.00751953125,8688.971982421876,8765.00751953125,downtrend,downtrend_high
2015-03-23,8591.5498046875,8608.349609375,8540.5498046875,8550.900390625,development,0.1486686134636505,high,8750.87255859375,8697.94798828125,8750.87255859375,downtrend,downtrend_high
2015-03-24,8537.0498046875,8627.75,8535.849609375,8542.9501953125,development,0.14613405515092648,high,8740.27255859375,8704.115,8740.27255859375,downtrend,downtrend_high
2015-03-25,8568.900390625,8573.75,8516.5498046875,8530.7998046875,development,0.14594337406621802,high,8728.707568359376,8709.04099609375,8728.707568359376,downtrend,downtrend_high
2015-03-26,8474.9501953125,8499.4501953125,8325.349609375,8342.150390625,development,0.163273849480423,high,8707.452587890624,8709.42400390625,8707.452587890624,downtrend,downtrend_high
2015-03-27,8396.0,8413.2001953125,8269.150390625,8341.400390625,development,0.161267378525983,high,8690.330126953126,8710.26400390625,8690.330126953126,downtrend,downtrend_high
2015-03-30,8390.9501953125,8492.2998046875,8380.75,8492.2998046875,development,0.16056401046047838,high,8672.71513671875,8714.55900390625,8672.71513671875,downtrend,downtrend_high
2015-03-31,8527.599609375,8550.4501953125,8454.150390625,8491.0,development,0.15121119105060368,high,8649.42763671875,8714.49599609375,8649.42763671875,downtrend,downtrend_high
2015-04-01,8483.7001953125,8603.400390625,8464.75,8586.25,development,0.15722231833262287,high,8628.92763671875,8715.945,8628.92763671875,downtrend,downtrend_high
2015-04-06,8615.7998046875,8667.5498046875,8573.75,8659.900390625,development,0.16011117645602768,high,8615.79013671875,8718.12900390625,8615.79013671875,uptrend,uptrend_high
2015-04-07,8684.4501953125,8693.599609375,8586.849609375,8660.2998046875,development,0.15978968481864803,high,8601.917626953125,8717.4230078125,8601.917626953125,uptrend,uptrend_high
2015-04-08,8698.9501953125,8730.5,8679.7998046875,8714.400390625,development,0.14566676117648727,high,8599.800146484375,8717.121015625,8599.800146484375,uptrend,uptrend_high
2015-04-09,8756.2001953125,8785.5,8682.4501953125,8778.2998046875,development,0.14680083448743458,high,8603.112646484375,8717.45900390625,8603.112646484375,uptrend,uptrend_high
2015-04-10,8774.349609375,8787.400390625,8733.599609375,8780.349609375,development,0.14664864101224862,high,8607.1326171875,8716.35400390625,8607.1326171875,uptrend,uptrend_high
2015-04-13,8801.75,8841.650390625,8762.099609375,8834.0,development,0.14497550708124923,high,8610.0326171875,8714.82400390625,8610.0326171875,uptrend,uptrend_high
2015-04-16,8757.0498046875,8760.0,8645.650390625,8706.7001953125,development,0.14469809004272963,high,8612.980126953125,8710.67201171875,8612.980126953125,uptrend,uptrend_high
2015-04-17,8698.0498046875,8699.849609375,8596.7001953125,8606.0,development,0.15069375259951268,high,8611.622607421876,8703.74501953125,8611.622607421876,downtrend,downtrend_high
2015-04-20,8618.7998046875,8619.9501953125,8422.75,8448.099609375,development,0.15839858264759288,high,8597.86259765625,8696.52900390625,8597.86259765625,downtrend,downtrend_high
2015-04-21,8416.099609375,8469.349609375,8352.7001953125,8377.75,development,0.15996458299256613,high,8582.455078125,8688.13599609375,8582.455078125,downtrend,downtrend_high
2015-04-22,8400.400390625,8449.9501953125,8284.7001953125,8429.7001953125,development,0.16156579719035696,high,8572.207568359376,8681.59900390625,8572.207568359376,downtrend,downtrend_high
2015-04-23,8478.2001953125,8504.9501953125,8361.849609375,8398.2998046875,development,0.16021044455315223,high,8563.5775390625,8675.09099609375,8563.5775390625,downtrend,downtrend_high
2015-04-24,8405.7001953125,8413.2998046875,8273.349609375,8305.25,development,0.16415842986258264,high,8551.29501953125,8666.9619921875,8551.29501953125,downtrend,downtrend_high
2015-04-27,8330.5498046875,8334.4501953125,8202.349609375,8213.7998046875,development,0.16763466393321527,high,8534.8375,8658.0169921875,8534.8375,downtrend,downtrend_high
2015-04-28,8215.5498046875,8308.0,8185.14990234375,8285.599609375,development,0.1718554795960788,high,8522.577490234375,8653.2019921875,8522.577490234375,downtrend,downtrend_high
2015-04-29,8274.7998046875,8308.2001953125,8219.2001953125,8239.75,development,0.15455879762022892,high,8517.457470703124,8646.68599609375,8517.457470703124,downtrend,downtrend_high
2015-04-30,8224.5,8229.400390625,8144.75,8181.5,development,0.15624628392781953,high,8509.462451171876,8637.76798828125,8509.462451171876,downtrend,downtrend_high
2015-05-04,8230.0498046875,8346.0,8220.4501953125,8331.9501953125,development,0.15673110633950224,high,8501.444970703125,8630.17599609375,8501.444970703125,downtrend,downtrend_high
2015-05-05,8338.400390625,8355.650390625,8280.599609375,8324.7998046875,development,0.15670614239929553,high,8493.1349609375,8620.5619921875,8493.1349609375,downtrend,downtrend_high
2015-05-06,8316.599609375,8331.9501953125,8083.0,8097.0,development,0.17569381296928072,high,8468.6724609375,8606.315,8468.6724609375,downtrend,downtrend_high
2015-05-07,8077.0,8122.60009765625,7997.14990234375,8057.2998046875,development,0.17048238606281318,high,8438.542431640624,8590.07900390625,8438.542431640624,downtrend,downtrend_high
2015-05-08,8131.5,8224.9501953125,8123.4501953125,8191.5,development,0.18472251721168959,high,8415.10244140625,8576.0030078125,8415.10244140625,downtrend,downtrend_high
2015-05-11,8243.2001953125,8332.75,8224.650390625,8325.25,development,0.19442016255644676,high,8395.644921875,8565.836015625,8395.644921875,downtrend,downtrend_high
2015-05-12,8326.150390625,8326.650390625,8115.2998046875,8126.9501953125,development,0.20528273801080552,high,8363.07744140625,8553.276015625,8363.07744140625,downtrend,downtrend_high
2015-05-13,8181.5498046875,8254.9501953125,8089.7998046875,8235.4501953125,development,0.21377836159141844,high,8335.832470703124,8542.74302734375,8335.832470703124,downtrend,downtrend_high
2015-05-14,8232.4501953125,8236.25,8137.2998046875,8224.2001953125,development,0.21113155186473662,high,8305.34248046875,8531.88203125,8305.34248046875,downtrend,downtrend_high
2015-05-15,8240.2998046875,8279.2001953125,8212.2001953125,8262.349609375,development,0.20887427137267592,high,8283.124951171874,8523.45203125,8283.124951171874,downtrend,downtrend_high
2015-05-18,8284.9501953125,8384.599609375,8271.9501953125,8373.650390625,development,0.21337241366904403,high,8271.507470703125,8514.033046875,8271.507470703125,uptrend,uptrend_high
2015-05-19,8356.2001953125,8427.7998046875,8335.0,8365.650390625,development,0.20363104831321333,high,8267.385009765625,8502.2110546875,8267.385009765625,uptrend,uptrend_high
2015-05-20,8392.650390625,8440.349609375,8391.4501953125,8423.25,development,0.20294672003475261,high,8269.660009765625,8490.7510546875,8269.660009765625,uptrend,uptrend_high
2015-05-21,8434.5,8446.349609375,8382.5,8421.0,development,0.20176823961271917,high,8269.225,8480.718046875,8269.225,uptrend,uptrend_high
2015-05-22,8432.5,8489.5498046875,8420.599609375,8458.9501953125,development,0.20185460195252988,high,8272.25751953125,8471.14205078125,8272.25751953125,uptrend,uptrend_high
2015-05-25,8438.150390625,8441.9501953125,8364.150390625,8370.25,development,0.20141590695872416,high,8275.50751953125,8463.41205078125,8275.50751953125,uptrend,uptrend_high
2015-05-26,8377.099609375,8378.900390625,8320.0498046875,8339.349609375,development,0.19752190146400253,high,8281.785009765625,8455.958046875,8281.785009765625,uptrend,uptrend_high
2015-05-27,8302.75,8342.849609375,8277.9501953125,8334.599609375,development,0.19533023913760314,high,8284.235009765625,8448.65103515625,8284.235009765625,uptrend,uptrend_high
2015-05-28,8345.7001953125,8364.5,8270.150390625,8319.0,development,0.1942927676819708,high,8288.197509765625,8439.51103515625,8288.197509765625,uptrend,uptrend_high
2015-05-29,8327.099609375,8443.900390625,8305.7001953125,8433.650390625,development,0.19751802501377344,high,8300.805029296875,8435.22904296875,8300.805029296875,uptrend,uptrend_high
2015-06-01,8417.25,8467.150390625,8405.400390625,8433.400390625,development,0.18730067432759026,high,8305.8775390625,8431.23404296875,8305.8775390625,uptrend,uptrend_high
2015-06-02,8442.7998046875,8445.349609375,8226.0498046875,8236.4501953125,development,0.205841349058053,high,8301.46005859375,8421.49705078125,8301.46005859375,downtrend,downtrend_high
2015-06-03,8232.4501953125,8236.7001953125,8094.14990234375,8135.10009765625,development,0.18568295053269293,high,8303.365063476562,8410.481044921875,8303.365063476562,downtrend,downtrend_high
2015-06-04,8155.14990234375,8160.0498046875,8056.75,8130.64990234375,development,0.18470526110600938,high,8307.032568359375,8400.40103515625,8307.032568359375,downtrend,downtrend_high
2015-06-05,8119.14990234375,8191.0,8100.14990234375,8114.7001953125,development,0.17468126745990686,high,8303.192578125,8391.27703125,8303.192578125,downtrend,downtrend_high
2015-06-08,8124.35009765625,8131.0,8030.5498046875,8044.14990234375,development,0.16519904807290703,high,8289.137573242188,8381.142021484375,8289.137573242188,downtrend,downtrend_high
2015-06-09,8026.5,8057.14990234375,8005.14990234375,8022.39990234375,development,0.14317581722031472,medium,8283.91005859375,8370.731015625,8283.91005859375,downtrend,downtrend_medium
2015-06-10,8024.14990234375,8152.25,8023.7998046875,8124.4501953125,development,0.14237642730050196,medium,8278.36005859375,8362.6040234375,8278.36005859375,downtrend,downtrend_medium
2015-06-11,8157.2998046875,8163.0498046875,7958.25,7965.35009765625,development,0.15749054053434097,high,8265.417553710937,8355.068017578125,8265.417553710937,downtrend,downtrend_high
2015-06-12,7959.85009765625,7995.60009765625,7940.2998046875,7982.89990234375,development,0.15645494600582993,high,8251.445068359375,8347.8980078125,8251.445068359375,downtrend,downtrend_high
2015-06-15,7986.60009765625,8057.7001953125,7944.85009765625,8013.89990234375,development,0.1475976185932481,medium,8233.457543945313,8338.330009765625,8233.457543945313,downtrend,downtrend_medium
2015-06-16,8004.2001953125,8061.85009765625,7952.35009765625,8047.2998046875,development,0.1492594014996967,medium,8217.540014648437,8329.456005859374,8217.540014648437,downtrend,downtrend_medium
2015-06-17,8084.2001953125,8136.85009765625,8048.9501953125,8091.5498046875,development,0.14825529911559554,medium,8200.955004882813,8319.562001953125,8200.955004882813,downtrend,downtrend_medium
2015-06-18,8113.7001953125,8186.89990234375,8101.7998046875,8174.60009765625,development,0.15443868816628384,high,8188.635009765625,8309.85599609375,8188.635009765625,downtrend,downtrend_high
2015-06-19,8201.150390625,8250.7998046875,8195.650390625,8224.9501953125,development,0.15539100457440486,high,8176.935009765625,8301.14900390625,8176.935009765625,uptrend,uptrend_high
2015-06-22,8259.2998046875,8369.4501953125,8257.400390625,8353.099609375,development,0.16246428726597992,high,8176.077490234375,8293.92298828125,8176.077490234375,uptrend,uptrend_high
2015-06-23,8377.4501953125,8398.4501953125,8334.9501953125,8381.5498046875,development,0.16230907874214434,high,8178.1875,8285.98798828125,8178.1875,uptrend,uptrend_high
2015-06-24,8399.400390625,8421.349609375,8338.900390625,8360.849609375,development,0.1625843677048685,high,8179.5,8277.59798828125,8179.5,uptrend,uptrend_high
2015-06-25,8336.25,8423.150390625,8329.5,8398.0,development,0.163057979193751,high,8183.45,8268.87798828125,8183.45,uptrend,uptrend_high
2015-06-26,8393.9501953125,8408.5498046875,8339.7001953125,8381.099609375,development,0.1554868685793559,high,8180.8224609375,8262.3659765625,8180.8224609375,uptrend,uptrend_high
2015-06-29,8247.0498046875,8329.4501953125,8195.650390625,8318.400390625,development,0.15757191591941727,high,8175.0724609375,8256.613984375,8175.0724609375,uptrend,uptrend_high
2015-06-30,8316.349609375,8378.0,8298.9501953125,8368.5,development,0.13417244708123102,medium,8181.674951171875,8255.0219921875,8181.674951171875,uptrend,uptrend_medium
2015-07-01,8376.25,8481.599609375,8370.150390625,8453.0498046875,development,0.12853701986322894,low,8197.572436523438,8256.52798828125,8197.572436523438,uptrend,uptrend_low
2015-07-02,8471.9501953125,8479.25,8433.2001953125,8444.900390625,development,0.12865294702467348,low,8213.2849609375,8256.8319921875,8213.2849609375,uptrend,uptrend_low
2015-07-03,8440.099609375,8497.75,8424.150390625,8484.900390625,development,0.12816231039727466,low,8231.794970703126,8258.56400390625,8231.794970703126,uptrend,uptrend_low
2015-07-06,8386.150390625,8533.150390625,8386.150390625,8522.150390625,development,0.12157026713265368,low,8255.694995117188,8262.90201171875,8255.694995117188,uptrend,uptrend_low
2015-07-07,8525.5,8561.349609375,8483.849609375,8510.7998046875,development,0.12082401897927848,low,8280.114990234375,8268.84201171875,8280.114990234375,uptrend,uptrend_low
2015-07-08,8439.2001953125,8457.5,8341.400390625,8363.0498046875,development,0.13502881914359205,medium,8292.044970703126,8270.391015625,8292.044970703126,uptrend,uptrend_medium
2015-07-09,8364.849609375,8400.2998046875,8323.0,8328.5498046875,development,0.11227536360640648,low,8310.204956054688,8272.16701171875,8310.204956054688,uptrend,uptrend_low
2015-07-10,8365.7001953125,8377.099609375,8315.400390625,8360.5498046875,development,0.11241584609024488,low,8329.087451171876,8275.7480078125,8329.087451171876,uptrend,uptrend_low
2015-07-13,8397.25,8471.650390625,8355.400390625,8459.650390625,development,0.11732208471853844,low,8351.374975585937,8278.30201171875,8351.374975585937,uptrend,uptrend_low
2015-07-14,8470.599609375,8480.25,8424.099609375,8454.099609375,development,0.11779001181290359,low,8371.714965820312,8280.8880078125,8371.714965820312,uptrend,uptrend_low
2015-07-15,8463.400390625,8531.400390625,8462.9501953125,8523.7998046875,development,0.11911451251072096,low,8393.327465820312,8289.42400390625,8393.327465820312,uptrend,uptrend_low
2015-07-16,8546.150390625,8616.099609375,8542.900390625,8608.0498046875,development,0.11879903308548675,low,8414.999951171874,8300.43900390625,8414.999951171874,uptrend,uptrend_low
2015-07-17,8623.650390625,8642.9501953125,8593.150390625,8609.849609375,development,0.11831996621231551,low,8434.244921875,8308.80599609375,8434.244921875,uptrend,uptrend_low
2015-07-20,8623.900390625,8624.099609375,8559.0,8603.4501953125,development,0.10776498764835565,low,8446.762451171875,8314.37,8446.762451171875,uptrend,uptrend_low
2015-07-21,8601.5,8646.75,8517.900390625,8529.4501953125,development,0.11323719019645562,low,8454.157470703125,8322.42,8454.157470703125,uptrend,uptrend_low
2015-07-22,8512.25,8643.900390625,8498.650390625,8633.5,development,0.11925986017256238,low,8467.789990234374,8330.38099609375,8467.789990234374,uptrend,uptrend_low
2015-07-23,8643.9501953125,8654.75,8573.7998046875,8589.7998046875,development,0.12104790504974482,low,8477.37998046875,8337.69298828125,8477.37998046875,uptrend,uptrend_low
2015-07-24,8588.150390625,8589.150390625,8513.5,8521.5498046875,development,0.12487993466328562,low,8484.402490234375,8342.8769921875,8484.402490234375,uptrend,uptrend_low
2015-07-27,8492.099609375,8492.2001953125,8351.5498046875,8361.0,development,0.14047927060484722,medium,8486.532470703125,8342.623984375,8486.532470703125,downtrend,downtrend_medium
2015-07-28,8371.099609375,8397.400390625,8321.75,8337.0,development,0.13920927607241512,medium,8484.957470703124,8342.0509765625,8484.957470703124,downtrend,downtrend_medium
2015-07-29,8365.599609375,8381.5,8338.4501953125,8375.0498046875,development,0.13512569263226737,medium,8481.057470703125,8341.08697265625,8481.057470703125,downtrend,downtrend_medium
2015-07-30,8417.0,8458.900390625,8408.2998046875,8421.7998046875,development,0.1367696975482019,medium,8479.90244140625,8341.10296875,8479.90244140625,downtrend,downtrend_medium
2015-07-31,8456.099609375,8548.9501953125,8448.0,8532.849609375,development,0.1438397648806069,medium,8482.29990234375,8342.58095703125,8482.29990234375,uptrend,uptrend_medium
2015-08-03,8510.650390625,8563.9501953125,8508.099609375,8543.0498046875,development,0.1430860969401739,medium,8483.344873046875,8346.036953125,8483.344873046875,uptrend,uptrend_medium
2015-08-04,8564.099609375,8565.150390625,8448.25,8516.900390625,development,0.14345653174595244,medium,8483.64990234375,8349.58796875,8483.64990234375,uptrend,uptrend_medium
2015-08-05,8547.4501953125,8591.849609375,8545.849609375,8567.9501953125,development,0.1290389423258682,low,8493.894921875,8354.25498046875,8493.894921875,uptrend,uptrend_low
2015-08-06,8585.7998046875,8606.2998046875,8551.5,8588.650390625,development,0.12750998471060537,low,8506.899951171876,8359.64798828125,8506.899951171876,uptrend,uptrend_low
2015-08-07,8580.7998046875,8595.9501953125,8552.7001953125,8564.599609375,development,0.12811826665625328,low,8517.10244140625,8362.26697265625,8517.10244140625,uptrend,uptrend_low
2015-08-10,8577.0,8621.5498046875,8497.7998046875,8525.599609375,development,0.12323074906220698,low,8520.39990234375,8364.11095703125,8520.39990234375,uptrend,uptrend_low
2015-08-11,8548.4501953125,8556.25,8441.2998046875,8462.349609375,development,0.12631143980321874,low,8520.81240234375,8368.6289453125,8520.81240234375,downtrend,downtrend_low
2015-08-12,8445.7001953125,8446.9501953125,8337.9501953125,8349.4501953125,development,0.13095786370657023,medium,8512.094921875,8372.915947265625,8512.094921875,downtrend,downtrend_medium
2015-08-13,8384.4501953125,8429.5,8339.75,8355.849609375,development,0.12475945165559434,low,8499.484912109376,8377.41994140625,8499.484912109376,downtrend,downtrend_low
2015-08-14,8402.349609375,8530.099609375,8381.2001953125,8518.5498046875,development,0.1452271604869721,medium,8494.919921875,8385.49693359375,8494.919921875,uptrend,uptrend_medium
2015-08-17,8530.5,8530.599609375,8428.0498046875,8477.2998046875,development,0.14604737420675712,medium,8488.61240234375,8394.159931640625,8488.61240234375,downtrend,downtrend_medium
2015-08-18,8505.849609375,8525.75,8433.599609375,8466.5498046875,development,0.1430737074883248,medium,8485.4673828125,8403.0429296875,8485.4673828125,downtrend,downtrend_medium
2015-08-19,8468.0498046875,8520.4501953125,8425.9501953125,8495.150390625,development,0.13608287943513464,medium,8478.54990234375,8410.45693359375,8478.54990234375,uptrend,uptrend_medium
2015-08-20,8471.0498046875,8501.349609375,8359.75,8372.75,development,0.14381474959272325,medium,8467.697412109375,8418.604931640624,8467.697412109375,downtrend,downtrend_medium
2015-08-21,8305.400390625,8322.2001953125,8225.0498046875,8299.9501953125,development,0.1443019553009265,medium,8456.617431640625,8424.9459375,8456.617431640625,downtrend,downtrend_medium
2015-08-24,8055.9501953125,8060.0498046875,7769.39990234375,7809.0,development,0.24510685702333052,high,8429.017431640625,8420.847939453124,8429.017431640625,downtrend,downtrend_high
2015-08-25,7895.39990234375,7925.39990234375,7667.25,7880.7001953125,development,0.24908357052637456,high,8406.20244140625,8417.515947265625,8406.20244140625,downtrend,downtrend_high
2015-08-26,7865.25,7930.0498046875,7777.10009765625,7791.85009765625,development,0.2493103509856963,high,8377.042456054687,8411.521953125,8377.042456054687,downtrend,downtrend_high
2015-08-27,7921.60009765625,7963.60009765625,7862.2998046875,7948.9501953125,development,0.26141873865874865,high,8353.399975585937,8407.008955078125,8353.399975585937,downtrend,downtrend_high
2015-08-28,8053.7001953125,8091.7998046875,7961.64990234375,8001.9501953125,development,0.2571363262176964,high,8326.855004882813,8402.548955078126,8326.855004882813,downtrend,downtrend_high
2015-08-31,8009.25,8043.60009765625,7947.9501953125,7971.2998046875,development,0.256646632637367,high,8298.267504882813,8394.912958984374,8298.267504882813,downtrend,downtrend_high
2015-09-01,7907.9501953125,7929.10009765625,7746.5,7785.85009765625,development,0.2662072707716176,high,8261.714990234375,8382.99896484375,8261.714990234375,downtrend,downtrend_high
2015-09-02,7856.64990234375,7862.5498046875,7699.25,7717.0,development,0.2637663181419966,high,8219.16748046875,8370.12197265625,8219.16748046875,downtrend,downtrend_high
2015-09-03,7774.4501953125,7845.60009765625,7754.0498046875,7823.0,development,0.27099597813214954,high,8180.8849609375,8358.62197265625,8180.8849609375,downtrend,downtrend_high
2015-09-04,7803.39990234375,7804.89990234375,7626.85009765625,7655.0498046875,development,0.27745314752304323,high,8135.407470703125,8344.1009765625,8135.407470703125,downtrend,downtrend_high
2015-09-07,7685.85009765625,7705.0498046875,7545.89990234375,7558.7998046875,development,0.2785677457915563,high,8087.06748046875,8328.90896484375,8087.06748046875,downtrend,downtrend_high
2015-09-08,7587.7001953125,7720.89990234375,7539.5,7688.25,development,0.29012030104326014,high,8048.3625,8315.30396484375,8048.3625,downtrend,downtrend_high
2015-09-09,7805.85009765625,7846.0498046875,7764.5498046875,7818.60009765625,development,0.29787345586883246,high,8021.819995117187,8302.614970703125,8021.819995117187,downtrend,downtrend_high
2015-09-10,7729.0498046875,7819.85009765625,7678.5,7788.10009765625,development,0.2975286433584287,high,7993.43251953125,8289.47896484375,7993.43251953125,downtrend,downtrend_high
2015-09-11,7833.7998046875,7864.85009765625,7759.89990234375,7789.2998046875,development,0.28554338006697944,high,7956.97001953125,8275.566953125,7956.97001953125,downtrend,downtrend_high
2015-09-14,7811.10009765625,7879.9501953125,7761.85009765625,7872.25,development,0.2904123227062734,high,7926.717529296875,8262.5689453125,7926.717529296875,downtrend,downtrend_high
2015-09-15,7867.35009765625,7880.0,7799.75,7829.10009765625,development,0.2903615026884989,high,7894.845043945313,8248.934951171876,7894.845043945313,downtrend,downtrend_high
2015-09-16,7886.85009765625,7913.89990234375,7853.2998046875,7899.14990234375,development,0.292835782721769,high,7865.04501953125,8239.656953125,7865.04501953125,uptrend,uptrend_high
2015-09-18,7967.4501953125,8055.0,7955.85009765625,7981.89990234375,development,0.29382289006681284,high,7845.502514648438,8232.723955078125,7845.502514648438,uptrend,uptrend_high
2015-09-21,7911.5,7987.89990234375,7908.35009765625,7977.10009765625,development,0.29286083413522446,high,7829.360009765625,8225.0549609375,7829.360009765625,uptrend,uptrend_high
2015-09-22,8014.7998046875,8021.60009765625,7787.75,7812.0,development,0.2142795390900189,high,7829.510009765625,8212.101953125,7829.510009765625,downtrend,downtrend_high
2015-09-23,7737.35009765625,7882.89990234375,7723.25,7845.9501953125,development,0.21224081206684078,high,7827.772509765625,8199.93896484375,7827.772509765625,uptrend,uptrend_high
2015-09-24,7838.39990234375,7894.5,7804.10009765625,7868.5,development,0.20829797130515332,high,7831.605004882813,8186.83296875,7831.605004882813,uptrend,uptrend_high
2015-09-28,7892.7998046875,7893.9501953125,7787.9501953125,7795.7001953125,development,0.19749426761100494,high,7823.9425048828125,8170.5859765625,7823.9425048828125,downtrend,downtrend_high
2015-09-29,7725.7001953125,7926.5498046875,7691.2001953125,7843.2998046875,development,0.19721872412573604,high,7816.009985351562,8155.25498046875,7816.009985351562,uptrend,uptrend_high
2015-09-30,7924.25,7957.7001953125,7874.5,7948.89990234375,development,0.20330244990609364,high,7814.889990234375,8142.163974609375,7814.889990234375,uptrend,uptrend_high
2015-10-01,7992.0498046875,8008.25,7930.64990234375,7950.89990234375,development,0.18391943156161694,high,7823.14248046875,8130.59296875,7823.14248046875,uptrend,uptrend_high
2015-10-05,8005.10009765625,8128.89990234375,8005.10009765625,8119.2998046875,development,0.1930143654720686,high,7843.257470703125,8120.30896484375,7843.257470703125,uptrend,uptrend_high
2015-10-06,8180.4501953125,8180.9501953125,8096.5,8152.89990234375,development,0.18863664207567102,high,7859.752465820313,8111.570966796875,7859.752465820313,uptrend,uptrend_high
2015-10-07,8146.2001953125,8188.89990234375,8132.89990234375,8177.39990234375,development,0.16675573491556167,high,7885.869970703125,8104.68796875,7885.869970703125,uptrend,uptrend_high
2015-10-08,8196.75,8196.75,8105.85009765625,8129.35009765625,development,0.1598194392676998,medium,7914.397485351563,8100.054970703125,7914.397485351563,uptrend,uptrend_medium
2015-10-09,8186.35009765625,8232.2001953125,8139.64990234375,8189.7001953125,development,0.1525492631141264,medium,7939.469995117188,8097.108974609375,7939.469995117188,uptrend,uptrend_medium
2015-10-12,8231.5,8244.5,8128.2001953125,8143.60009765625,development,0.14650110318266998,medium,7955.719995117188,8092.47998046875,7955.719995117188,uptrend,uptrend_medium
2015-10-13,8121.9501953125,8150.25,8088.60009765625,8131.7001953125,development,0.14543238540077055,medium,7972.9,8086.67798828125,7972.9,uptrend,uptrend_medium
2015-10-14,8102.39990234375,8139.2998046875,8096.35009765625,8107.89990234375,development,0.14641534184000077,medium,7988.830004882812,8078.178994140625,7988.830004882812,uptrend,uptrend_medium
2015-10-15,8134.35009765625,8190.5498046875,8129.7998046875,8179.5,development,0.14513505063797316,medium,8004.1925048828125,8070.907998046875,8004.1925048828125,uptrend,uptrend_medium
2015-10-16,8193.650390625,8246.400390625,8147.64990234375,8238.150390625,development,0.1434749902461432,medium,8024.64501953125,8065.332998046875,8024.64501953125,uptrend,uptrend_medium
2015-10-19,8262.5498046875,8283.0498046875,8239.2001953125,8275.0498046875,development,0.14171428656031546,medium,8043.440014648438,8059.474990234375,8043.440014648438,uptrend,uptrend_medium
2015-10-20,8280.2998046875,8294.0498046875,8229.2001953125,8261.650390625,development,0.13901067776674708,low,8057.4275390625,8052.934990234375,8057.4275390625,uptrend,uptrend_low
2015-10-21,8258.349609375,8294.400390625,8217.150390625,8251.7001953125,development,0.13916295877242332,low,8071.157543945313,8046.677001953125,8071.157543945313,uptrend,uptrend_low
2015-10-23,8308.25,8328.099609375,8280.75,8295.4501953125,development,0.11142872986267763,low,8095.330053710937,8042.074013671875,8095.330053710937,uptrend,uptrend_low
2015-10-26,8333.650390625,8336.2998046875,8252.0498046875,8260.5498046875,development,0.11419099314913056,low,8116.060034179687,8038.038017578125,8116.060034179687,uptrend,uptrend_low
2015-10-27,8230.349609375,8241.9501953125,8217.0498046875,8232.900390625,development,0.11611383997073557,low,8134.280053710938,8035.707021484375,8134.280053710938,uptrend,uptrend_low
2015-10-28,8188.89990234375,8209.099609375,8131.7998046875,8171.2001953125,development,0.11394355000006069,low,8153.0550537109375,8032.014033203125,8153.0550537109375,uptrend,uptrend_low
2015-10-29,8175.4501953125,8179.60009765625,8098.0,8111.75,development,0.11796833616854892,low,8166.477563476563,8023.878037109375,8166.477563476563,downtrend,downtrend_low
2015-10-30,8123.5498046875,8146.10009765625,8044.39990234375,8065.7998046875,development,0.11208475439711128,low,8172.32255859375,8015.648037109375,8172.32255859375,downtrend,downtrend_low
2015-11-02,8054.5498046875,8060.7001953125,7995.60009765625,8050.7998046875,development,0.11246013598606848,low,8177.317553710937,8007.333037109375,8177.317553710937,downtrend,downtrend_low
2015-11-03,8086.35009765625,8100.35009765625,8031.75,8060.7001953125,development,0.08244202965358388,low,8174.3875732421875,7998.644033203125,8174.3875732421875,downtrend,downtrend_low
2015-11-04,8104.89990234375,8116.10009765625,8027.2998046875,8040.2001953125,development,0.08101740304158937,low,8168.752587890625,7991.993037109375,8168.752587890625,downtrend,downtrend_low
2015-11-05,8030.35009765625,8031.2001953125,7944.10009765625,7955.4501953125,development,0.0868933553290514,low,8157.655102539063,7985.103037109375,8157.655102539063,downtrend,downtrend_low
2015-11-06,7956.5498046875,8002.64990234375,7926.14990234375,7954.2998046875,development,0.08531050912415104,low,8148.902587890625,7988.009033203125,8148.902587890625,downtrend,downtrend_low
2015-11-09,7788.25,7937.75,7771.7001953125,7915.2001953125,development,0.080092788290188,low,8135.177587890625,7988.699033203125,8135.177587890625,downtrend,downtrend_low
2015-11-10,7877.60009765625,7885.10009765625,7772.85009765625,7783.35009765625,development,0.0953913695555752,low,8117.165087890625,7988.529033203125,8117.165087890625,downtrend,downtrend_low
2015-11-13,7762.4501953125,7775.10009765625,7730.89990234375,7762.25,development,0.09535875738628193,low,8098.692578125,7984.795029296875,8098.692578125,downtrend,downtrend_low
2015-11-16,7732.9501953125,7838.85009765625,7714.14990234375,7806.60009765625,development,0.09945571418152914,low,8083.627587890625,7980.88802734375,8083.627587890625,downtrend,downtrend_low
2015-11-17,7848.75,7860.4501953125,7793.0,7837.5498046875,development,0.09385147735495367,low,8066.530078125,7978.21302734375,8066.530078125,downtrend,downtrend_low
2015-11-18,7823.14990234375,7843.39990234375,7725.0498046875,7731.7998046875,development,0.09538168439239772,low,8041.212548828125,7977.132021484375,8041.212548828125,downtrend,downtrend_low
2015-11-19,7788.5,7854.89990234375,7765.4501953125,7842.75,development,0.11100777960858002,low,8019.59755859375,7979.647021484375,8019.59755859375,downtrend,downtrend_low
2015-11-20,7841.89990234375,7906.9501953125,7817.7998046875,7856.5498046875,development,0.11206911601744197,low,7999.342529296875,7980.318017578125,7999.342529296875,downtrend,downtrend_low
2015-11-23,7869.5,7877.5,7825.2001953125,7849.25,development,0.11211514572018876,low,7979.22001953125,7984.202021484375,7979.22001953125,downtrend,downtrend_low
2015-11-24,7837.0,7870.35009765625,7812.64990234375,7831.60009765625,development,0.10830914848917221,low,7956.027514648437,7989.65802734375,7956.027514648437,downtrend,downtrend_low
2015-11-26,7837.14990234375,7897.10009765625,7832.0,7883.7998046875,development,0.11326567247483249,low,7937.190014648438,7993.5690234375,7937.190014648438,downtrend,downtrend_low
2015-11-27,7910.60009765625,7959.2998046875,7879.4501953125,7942.7001953125,development,0.11834391061778478,low,7922.680004882813,7996.051025390625,7922.680004882813,uptrend,uptrend_low
2015-11-30,7936.25,7966.0,7922.7998046875,7935.25,development,0.11640741665581082,low,7910.882495117187,7998.9940234375,7910.882495117187,uptrend,uptrend_low
2015-12-01,7958.14990234375,7972.14990234375,7934.14990234375,7954.89990234375,development,0.11506068184741228,low,7903.039990234375,8002.306025390625,7903.039990234375,uptrend,uptrend_low
2015-12-02,7976.7001953125,7979.2998046875,7910.7998046875,7931.35009765625,development,0.11398667579834987,low,7896.3175048828125,8003.48802734375,7896.3175048828125,uptrend,uptrend_low
2015-12-03,7902.2998046875,7912.2998046875,7853.2998046875,7864.14990234375,development,0.11716290606855037,low,7886.985009765625,8004.1890234375,7886.985009765625,downtrend,downtrend_low
2015-12-04,7817.60009765625,7821.39990234375,7775.7001953125,7781.89990234375,development,0.12129269116491069,low,7873.044995117188,8001.8440234375,7873.044995117188,downtrend,downtrend_low
2015-12-07,7816.5498046875,7825.39990234375,7746.0498046875,7765.39990234375,development,0.12126440243427306,low,7859.30498046875,7997.5140234375,7859.30498046875,downtrend,downtrend_low
2015-12-08,7738.5,7771.25,7685.4501953125,7701.7001953125,development,0.11927392411417717,low,7846.61748046875,7992.006025390625,7846.61748046875,downtrend,downtrend_low
2015-12-09,7695.5,7702.85009765625,7606.89990234375,7612.5,development,0.12423839164904545,low,7829.527490234375,7988.016025390625,7829.527490234375,downtrend,downtrend_low
2015-12-10,7643.2998046875,7691.9501953125,7610.0,7683.2998046875,development,0.13016972840764723,low,7817.932470703125,7984.763017578125,7817.932470703125,downtrend,downtrend_low
2015-12-11,7699.60009765625,7703.0498046875,7575.2998046875,7610.4501953125,development,0.12123852581992307,low,7809.2874755859375,7979.602021484375,7809.2874755859375,downtrend,downtrend_low
2015-12-14,7558.2001953125,7663.9501953125,7551.0498046875,7650.0498046875,development,0.12308012960184622,low,7803.677465820312,7976.689013671875,7803.677465820312,downtrend,downtrend_low
2015-12-15,7659.14990234375,7705.0,7625.10009765625,7700.89990234375,development,0.12376787001760355,low,7798.3924560546875,7973.841015625,7798.3924560546875,downtrend,downtrend_low
2015-12-16,7725.25,7776.60009765625,7715.75,7750.89990234375,development,0.1253341835635499,low,7794.0599609375,7969.881015625,7794.0599609375,downtrend,downtrend_low
2015-12-17,7783.0498046875,7852.89990234375,7737.5498046875,7844.35009765625,development,0.12306778958123818,low,7799.687475585937,7967.75001953125,7799.687475585937,uptrend,uptrend_low
2015-12-18,7828.89990234375,7836.14990234375,7753.35009765625,7761.9501953125,development,0.1181683659104243,low,7795.647485351563,7960.60302734375,7795.647485351563,downtrend,downtrend_low
2015-12-21,7745.64990234375,7840.75,7733.4501953125,7834.4501953125,development,0.1230468061187345,low,7794.542504882813,7954.234033203125,7794.542504882813,uptrend,uptrend_low
2015-12-22,7829.39990234375,7846.2998046875,7776.85009765625,7786.10009765625,development,0.12490149363092987,low,7791.385009765625,7946.408037109375,7791.385009765625,downtrend,downtrend_low
2015-12-23,7830.4501953125,7871.4501953125,7826.10009765625,7865.9501953125,development,0.13018742153270488,low,7793.102514648437,7941.1400390625,7793.102514648437,uptrend,uptrend_low
2015-12-24,7888.75,7888.75,7835.5,7861.0498046875,development,0.12797636161745898,low,7791.965014648437,7934.56703125,7791.965014648437,uptrend,uptrend_low
2015-12-28,7863.2001953125,7937.2001953125,7863.0,7925.14990234375,development,0.1285350457074705,low,7791.0875,7930.19802734375,7791.0875,uptrend,uptrend_low
2015-12-29,7929.2001953125,7942.14990234375,7902.75,7928.9501953125,development,0.1285079504362773,low,7790.772509765625,7926.14302734375,7790.772509765625,uptrend,uptrend_low
2015-12-30,7938.60009765625,7944.75,7889.85009765625,7896.25,development,0.12895022340759996,low,7787.840014648437,7921.910029296875,7787.840014648437,uptrend,uptrend_low
2015-12-31,7897.7998046875,7955.5498046875,7891.14990234375,7946.35009765625,development,0.13065988035145176,low,7788.590014648437,7917.24703125,7788.590014648437,uptrend,uptrend_low
2016-01-04,7924.5498046875,7937.5498046875,7781.10009765625,7791.2998046875,development,0.14534700102310932,medium,7784.947509765625,7908.31001953125,7784.947509765625,uptrend,uptrend_medium
2016-01-05,7828.39990234375,7831.2001953125,7763.25,7784.64990234375,development,0.14046981082517748,medium,7785.085009765625,7898.502021484375,7785.085009765625,downtrend,downtrend_medium
2016-01-06,7788.0498046875,7800.9501953125,7721.2001953125,7741.0,development,0.14172565313305827,medium,7783.865014648438,7888.089013671875,7783.865014648438,downtrend,downtrend_medium
2016-01-07,7673.35009765625,7674.9501953125,7556.60009765625,7568.2998046875,development,0.16005775281461668,medium,7777.194995117187,7874.421005859375,7777.194995117187,downtrend,downtrend_medium
2016-01-08,7611.64990234375,7634.10009765625,7581.0498046875,7601.35009765625,development,0.1557964037564811,medium,7776.6375,7860.53900390625,7776.6375,downtrend,downtrend_medium
2016-01-11,7527.4501953125,7605.10009765625,7494.35009765625,7563.85009765625,development,0.15265455443975826,medium,7770.665014648437,7846.605009765625,7770.665014648437,downtrend,downtrend_medium
2016-01-12,7587.2001953125,7588.2998046875,7487.7998046875,7510.2998046875,development,0.15105993013390964,medium,7765.657495117188,7832.152998046875,7765.657495117188,downtrend,downtrend_medium
2016-01-13,7557.89990234375,7590.9501953125,7425.7998046875,7562.39990234375,development,0.15206826126764833,medium,7761.275,7819.9769921875,7761.275,downtrend,downtrend_medium
2016-01-14,7467.39990234375,7604.7998046875,7443.7998046875,7536.7998046875,development,0.14994122245764263,medium,7753.069995117187,7808.47798828125,7753.069995117187,downtrend,downtrend_medium
2016-01-15,7561.64990234375,7566.5,7427.2998046875,7437.7998046875,development,0.15302925285059363,medium,7737.414990234375,7795.91798828125,7737.414990234375,downtrend,downtrend_medium
2016-01-18,7420.35009765625,7463.64990234375,7336.39990234375,7351.0,development,0.14715507981992865,medium,7712.747485351562,7781.9219921875,7712.747485351562,downtrend,downtrend_medium
2016-01-19,7381.7998046875,7462.75,7364.14990234375,7435.10009765625,development,0.15320395187229263,medium,7696.40498046875,7769.409990234375,7696.40498046875,downtrend,downtrend_medium
2016-01-20,7357.0,7470.89990234375,7241.5,7309.2998046875,development,0.1555253834088035,medium,7670.1474609375,7754.791982421875,7670.1474609375,downtrend,downtrend_medium
2016-01-21,7376.64990234375,7398.7001953125,7250.0,7276.7998046875,development,0.15524049351600083,medium,7644.682446289063,7741.218974609375,7644.682446289063,downtrend,downtrend_medium
2016-01-22,7355.7001953125,7433.39990234375,7327.60009765625,7422.4501953125,development,0.16975723579920599,high,7622.5074462890625,7730.581982421875,7622.5074462890625,downtrend,downtrend_high
2016-01-25,7468.75,7487.14990234375,7421.2001953125,7436.14990234375,development,0.1704103615645573,high,7601.262451171875,7721.0009765625,7601.262451171875,downtrend,downtrend_high
2016-01-27,7469.60009765625,7477.89990234375,7419.7001953125,7437.75,development,0.16596359288889964,high,7576.8924560546875,7714.088974609375,7576.8924560546875,downtrend,downtrend_high
2016-01-28,7426.5,7468.85009765625,7409.60009765625,7424.64990234375,development,0.16550960215190402,high,7551.67744140625,7707.33697265625,7551.67744140625,downtrend,downtrend_high
2016-01-29,7413.35009765625,7575.64990234375,7402.7998046875,7563.5498046875,development,0.18280993676301935,high,7535.042431640625,7702.475966796875,7535.042431640625,uptrend,uptrend_high
2016-02-01,7589.5,7600.4501953125,7541.25,7555.9501953125,development,0.1801561537705785,high,7515.522436523437,7696.843974609375,7515.522436523437,uptrend,uptrend_high
2016-02-02,7566.64990234375,7576.2998046875,7428.0498046875,7455.5498046875,development,0.17357408330755447,high,7498.734936523438,7691.318974609375,7498.734936523438,downtrend,downtrend_high
2016-02-03,7392.4501953125,7419.39990234375,7350.2998046875,7361.7998046875,development,0.17736397144846752,high,7477.592431640625,7681.699970703125,7477.592431640625,downtrend,downtrend_high
2016-02-04,7411.4501953125,7457.0498046875,7365.9501953125,7404.0,development,0.17947837736576772,high,7460.742431640625,7672.648974609375,7460.742431640625,downtrend,downtrend_high
2016-02-05,7418.25,7503.14990234375,7406.64990234375,7489.10009765625,development,0.16895075513219887,high,7456.782446289062,7665.4459765625,7456.782446289062,uptrend,uptrend_high
2016-02-08,7489.7001953125,7512.5498046875,7363.2001953125,7387.25,development,0.17408449666205025,high,7446.07744140625,7656.558974609375,7446.07744140625,downtrend,downtrend_high
2016-02-09,7303.9501953125,7323.4501953125,7275.14990234375,7298.2001953125,development,0.17781280907260966,high,7432.794946289063,7644.846982421875,7432.794946289063,downtrend,downtrend_high
2016-02-10,7264.2998046875,7271.85009765625,7177.75,7215.7001953125,development,0.1801169545484541,high,7418.064965820313,7630.306982421875,7418.064965820313,downtrend,downtrend_high
2016-02-11,7203.60009765625,7208.64990234375,6959.9501953125,6976.35009765625,development,0.20801170463675334,high,7388.762475585938,7611.128984375,7388.762475585938,downtrend,downtrend_high
2016-02-12,7023.64990234375,7034.7998046875,6869.0,6980.9501953125,development,0.208650065826427,high,7360.969995117188,7591.649990234375,7360.969995117188,downtrend,downtrend_high
2016-02-15,7057.35009765625,7182.7998046875,7056.7998046875,7162.9501953125,development,0.23050485553684552,high,7347.227514648437,7576.2819921875,7347.227514648437,downtrend,downtrend_high
2016-02-16,7201.25,7204.64990234375,7037.7001953125,7048.25,development,0.23347250685184623,high,7332.090014648437,7559.963994140625,7332.090014648437,downtrend,downtrend_high
2016-02-17,7058.85009765625,7123.7001953125,6960.64990234375,7108.4501953125,development,0.23147734281190216,high,7315.75751953125,7546.495,7315.75751953125,downtrend,downtrend_high
2016-02-18,7177.39990234375,7215.10009765625,7127.85009765625,7191.75,development,0.22954296815301475,high,7309.880029296875,7535.022001953125,7309.880029296875,downtrend,downtrend_high
2016-02-19,7170.5498046875,7226.85009765625,7145.9501953125,7210.75,development,0.22939193716928702,high,7306.5775390625,7525.202998046875,7306.5775390625,downtrend,downtrend_high
2016-02-22,7208.85009765625,7252.39990234375,7200.7001953125,7234.5498046875,development,0.2170443226360687,high,7297.18251953125,7517.643994140625,7297.18251953125,downtrend,downtrend_high
2016-02-23,7240.2998046875,7241.7001953125,7090.7001953125,7109.5498046875,development,0.22399842222269475,high,7280.852514648437,7506.168994140625,7280.852514648437,downtrend,downtrend_high
2016-02-24,7075.0,7090.7998046875,7009.75,7018.7001953125,development,0.22690964081250925,high,7259.9000244140625,7494.333994140625,7259.9000244140625,downtrend,downtrend_high
2016-02-25,7029.85009765625,7034.2001953125,6961.39990234375,6970.60009765625,development,0.22732055283704342,high,7237.197534179688,7480.745,7237.197534179688,downtrend,downtrend_high
2016-02-26,7039.2998046875,7052.89990234375,6985.10009765625,7029.75,development,0.2170038672372589,high,7210.507543945312,7467.322001953125,7210.507543945312,downtrend,downtrend_high
2016-02-29,7050.4501953125,7094.60009765625,6825.7998046875,6987.0498046875,development,0.2169570809814536,high,7182.062524414063,7452.045,7182.062524414063,downtrend,downtrend_high
2016-03-01,7038.25,7235.5,7035.10009765625,7222.2998046875,development,0.25111077221694783,high,7170.4000244140625,7439.603994140625,7170.4000244140625,uptrend,uptrend_high
2016-03-02,7321.7001953125,7380.35009765625,7308.14990234375,7368.85009765625,development,0.2588148236183265,high,7170.7525390625,7431.7419921875,7170.7525390625,uptrend,uptrend_high
2016-03-03,7429.5498046875,7483.9501953125,7406.0498046875,7475.60009765625,development,0.2631378470496279,high,7174.332543945313,7424.564990234375,7174.332543945313,uptrend,uptrend_high
2016-03-04,7505.39990234375,7505.89990234375,7444.10009765625,7485.35009765625,development,0.26001614655479627,high,7174.145043945313,7418.549990234375,7174.145043945313,uptrend,uptrend_high
2016-03-08,7486.39990234375,7527.14990234375,7442.14990234375,7485.2998046875,development,0.25494303224736725,high,7179.047534179687,7410.936982421875,7179.047534179687,uptrend,uptrend_high
2016-03-09,7436.10009765625,7539.0,7424.2998046875,7531.7998046875,development,0.25095893776852507,high,7190.727514648437,7404.351982421875,7190.727514648437,uptrend,uptrend_high
2016-03-10,7545.35009765625,7547.10009765625,7447.39990234375,7486.14990234375,development,0.2480298271028308,high,7204.25,7395.571982421875,7204.25,uptrend,uptrend_high
2016-03-11,7484.85009765625,7543.9501953125,7460.60009765625,7510.2001953125,development,0.21046463057793863,high,7230.9425048828125,7387.196982421875,7230.9425048828125,uptrend,uptrend_high
2016-03-14,7542.60009765625,7583.7001953125,7515.0498046875,7538.75,development,0.21014269511771136,high,7258.832495117187,7380.046982421875,7258.832495117187,uptrend,uptrend_high
2016-03-15,7535.85009765625,7545.2001953125,7452.7998046875,7460.60009765625,development,0.1987257037911097,high,7273.714990234375,7370.331982421875,7273.714990234375,uptrend,uptrend_high
2016-03-16,7457.0498046875,7508.0,7405.14990234375,7498.75,development,0.18697169571201358,high,7296.239990234375,7364.480986328125,7296.239990234375,uptrend,uptrend_high
2016-03-17,7557.39990234375,7585.2998046875,7479.39990234375,7512.5498046875,development,0.18592770137519365,high,7316.444970703125,7359.038984375,7316.444970703125,uptrend,uptrend_high
2016-03-18,7534.64990234375,7613.60009765625,7517.89990234375,7604.35009765625,development,0.1862535899678031,high,7337.074975585938,7356.305986328125,7337.074975585938,uptrend,uptrend_high
2016-03-21,7619.2001953125,7713.5498046875,7617.7001953125,7704.25,development,0.1897844219831791,high,7361.749975585937,7359.024990234375,7361.749975585937,uptrend,uptrend_high
2016-03-22,7695.5498046875,7728.2001953125,7643.7998046875,7714.89990234375,development,0.1899175492695736,high,7385.76748046875,7361.295986328125,7385.76748046875,uptrend,uptrend_high
2016-03-23,7717.4501953125,7726.85009765625,7670.60009765625,7716.5,development,0.17430544593426198,medium,7416.114990234375,7364.348984375,7416.114990234375,uptrend,uptrend_medium
2016-03-28,7741.0,7749.39990234375,7587.7001953125,7615.10009765625,development,0.17477632137152008,medium,7445.934985351562,7366.444990234375,7445.934985351562,uptrend,uptrend_medium
2016-03-29,7606.5498046875,7652.89990234375,7582.25,7597.0,development,0.17173685995175159,medium,7477.25498046875,7367.1369921875,7477.25498046875,uptrend,uptrend_medium
2016-03-30,7651.10009765625,7741.9501953125,7643.4501953125,7735.2001953125,development,0.17815976088400662,high,7512.527490234375,7371.105,7512.527490234375,uptrend,uptrend_high
2016-03-31,7727.64990234375,7777.60009765625,7702.0,7738.39990234375,development,0.17432968409296318,medium,7550.094995117188,7377.117001953125,7550.094995117188,uptrend,uptrend_medium
2016-04-01,7718.0498046875,7740.14990234375,7666.10009765625,7713.0498046875,development,0.14023424287301867,low,7574.632495117187,7384.357998046875,7574.632495117187,uptrend,uptrend_low
2016-04-04,7733.14990234375,7764.4501953125,7704.39990234375,7758.7998046875,development,0.1257089989781493,low,7594.12998046875,7390.8319921875,7594.12998046875,uptrend,uptrend_low
2016-04-05,7736.2998046875,7736.2998046875,7588.64990234375,7603.2001953125,development,0.14126215170978193,low,7600.509985351562,7396.71,7600.509985351562,uptrend,uptrend_low
2016-04-06,7636.0498046875,7638.64990234375,7591.75,7614.35009765625,development,0.14126972237082794,low,7606.959985351563,7403.461005859375,7606.959985351563,uptrend,uptrend_low
2016-04-07,7630.39990234375,7630.75,7535.85009765625,7546.4501953125,development,0.14549943278383082,medium,7610.017504882812,7405.941005859375,7610.017504882812,downtrend,downtrend_medium
2016-04-08,7542.35009765625,7569.35009765625,7526.7001953125,7555.2001953125,development,0.14394108520065452,medium,7611.187524414063,7408.32201171875,7611.187524414063,downtrend,downtrend_medium
2016-04-11,7577.7998046875,7678.7998046875,7516.85009765625,7671.39990234375,development,0.15150528767124863,medium,7620.450024414063,7412.995009765625,7620.450024414063,uptrend,uptrend_medium
2016-04-12,7669.25,7717.39990234375,7663.35009765625,7708.9501953125,development,0.1519090524441514,medium,7630.387524414063,7418.681015625,7630.387524414063,uptrend,uptrend_medium
2016-04-13,7777.14990234375,7864.7998046875,7772.2001953125,7850.4501953125,development,0.16337527247012784,medium,7645.9725341796875,7424.4190234375,7645.9725341796875,uptrend,uptrend_medium
2016-04-18,7908.14990234375,7920.60009765625,7842.75,7914.7001953125,development,0.15780933785390824,medium,7668.6775390625,7431.5940234375,7668.6775390625,uptrend,uptrend_medium
2016-04-20,7950.0498046875,7950.39990234375,7877.5498046875,7914.75,development,0.157945782702728,medium,7689.4775390625,7440.77802734375,7689.4775390625,uptrend,uptrend_medium
2016-04-21,7953.64990234375,7978.4501953125,7884.10009765625,7912.0498046875,development,0.15830187891694739,medium,7709.4525390625,7451.78302734375,7709.4525390625,uptrend,uptrend_medium
2016-04-22,7891.7998046875,7923.35009765625,7873.35009765625,7899.2998046875,development,0.15477610133750436,medium,7724.200024414063,7461.6890234375,7724.200024414063,uptrend,uptrend_medium
2016-04-25,7894.7998046875,7911.0,7827.0,7855.0498046875,development,0.15105971273084196,medium,7731.740014648438,7469.008017578125,7731.740014648438,uptrend,uptrend_medium
2016-04-26,7828.14990234375,7974.5,7822.5498046875,7962.64990234375,development,0.1576419459511167,medium,7744.127514648438,7480.516015625,7744.127514648438,uptrend,uptrend_medium
2016-04-27,7942.0,7991.0,7940.5498046875,7979.89990234375,development,0.1575610748037599,medium,7757.297509765625,7494.150009765625,7757.297509765625,uptrend,uptrend_medium
2016-04-28,7967.39990234375,7992.0,7834.4501953125,7847.25,development,0.1623318063621964,medium,7768.905004882812,7506.781005859375,7768.905004882812,uptrend,uptrend_medium
2016-04-29,7844.25,7889.0498046875,7788.7001953125,7849.7998046875,development,0.16174669665336577,medium,7781.544995117188,7524.25,7781.544995117188,uptrend,uptrend_medium
2016-05-02,7822.7001953125,7829.7998046875,7777.2998046875,7805.89990234375,development,0.1512517775719544,medium,7785.07998046875,7540.748994140625,7785.07998046875,uptrend,uptrend_medium
2016-05-03,7824.7998046875,7890.25,7735.14990234375,7747.0,development,0.1539257797922298,medium,7785.509985351562,7552.429990234375,7785.509985351562,downtrend,downtrend_medium
2016-05-04,7724.14990234375,7749.0,7697.25,7706.5498046875,development,0.15464497817396444,medium,7785.184985351562,7565.595986328125,7785.184985351562,downtrend,downtrend_medium
2016-05-05,7731.0,7777.5498046875,7706.85009765625,7735.5,development,0.1537290963779351,medium,7784.019995117187,7578.136982421875,7784.019995117187,downtrend,downtrend_medium
2016-05-06,7717.64990234375,7738.89990234375,7678.35009765625,7733.4501953125,development,0.13451812450995515,low,7790.532495117188,7588.970986328125,7790.532495117188,downtrend,downtrend_low
2016-05-09,7755.25,7873.64990234375,7753.5498046875,7866.0498046875,development,0.14640799079289793,medium,7803.11748046875,7602.076982421875,7803.11748046875,uptrend,uptrend_medium
2016-05-10,7873.5498046875,7896.89990234375,7837.7001953125,7887.7998046875,development,0.1409777396663388,low,7820.1849609375,7615.141982421875,7820.1849609375,uptrend,uptrend_low
2016-05-11,7804.64990234375,7893.10009765625,7780.89990234375,7848.85009765625,development,0.14324751388995652,medium,7834.867456054688,7629.92798828125,7834.867456054688,uptrend,uptrend_medium
2016-05-12,7871.4501953125,7916.0498046875,7849.64990234375,7900.39990234375,development,0.13549249106503028,low,7846.317456054688,7647.561982421875,7846.317456054688,uptrend,uptrend_low
2016-05-13,7881.0,7881.0,7784.2001953125,7814.89990234375,development,0.1416263140028718,medium,7851.61494140625,7664.447978515625,7851.61494140625,downtrend,downtrend_medium
2016-05-16,7831.2001953125,7873.89990234375,7772.14990234375,7860.75,development,0.12720540105344144,low,7852.129931640625,7681.067978515625,7852.129931640625,uptrend,uptrend_low
2016-05-17,7896.85009765625,7940.10009765625,7879.7001953125,7890.75,development,0.12443664273559622,low,7850.932421875,7699.141982421875,7850.932421875,uptrend,uptrend_low
2016-05-18,7846.75,7882.0498046875,7810.75,7870.14990234375,development,0.1247470965871975,low,7848.702416992188,7712.098984375,7848.702416992188,uptrend,uptrend_low
2016-05-19,7875.5,7876.2001953125,7766.7998046875,7783.39990234375,development,0.13047739286934973,low,7842.269921875,7720.38998046875,7842.269921875,downtrend,downtrend_low
2016-05-20,7792.2001953125,7812.39990234375,7735.75,7749.7001953125,development,0.13106058037366164,low,7834.78994140625,7725.871982421875,7834.78994140625,downtrend,downtrend_low
2016-05-23,7813.9501953125,7820.60009765625,7722.2001953125,7731.0498046875,development,0.1300345076989918,low,7828.58994140625,7730.7859765625,7828.58994140625,downtrend,downtrend_low
2016-05-24,7738.0498046875,7761.5498046875,7715.7998046875,7748.85009765625,development,0.1190532560756694,low,7817.899951171875,7736.056982421875,7817.899951171875,downtrend,downtrend_low
2016-05-25,7811.7998046875,7941.2001953125,7809.2998046875,7934.89990234375,development,0.1490418019419623,medium,7815.649951171875,7744.118984375,7815.649951171875,uptrend,uptrend_medium
2016-05-26,7974.4501953125,8083.0,7948.5,8069.64990234375,development,0.14778161827003633,medium,7826.769946289062,7755.788984375,7826.769946289062,uptrend,uptrend_medium
2016-05-27,8081.9501953125,8164.2001953125,8077.0498046875,8156.64990234375,development,0.15135366467022265,medium,7842.112451171875,7768.717978515625,7842.112451171875,uptrend,uptrend_medium
2016-05-30,8166.5,8200.0,8150.7998046875,8178.5,development,0.1487025252193609,medium,7860.742456054688,7781.512978515625,7860.742456054688,uptrend,uptrend_medium
2016-05-31,8209.849609375,8213.599609375,8134.2998046875,8160.10009765625,development,0.14516237298078286,medium,7881.3974609375,7795.502978515625,7881.3974609375,uptrend,uptrend_medium
2016-06-01,8179.2001953125,8215.349609375,8171.0498046875,8179.9501953125,development,0.1421762104060673,medium,7905.06748046875,7809.126982421875,7905.06748046875,uptrend,uptrend_medium
2016-06-02,8156.89990234375,8229.5,8154.75,8218.9501953125,development,0.14229066343868785,medium,7929.239990234375,7823.254990234375,7929.239990234375,uptrend,uptrend_medium
2016-06-03,8246.2001953125,8262.0,8209.849609375,8220.7998046875,development,0.14214872837464282,medium,7953.607470703125,7835.583984375,7953.607470703125,uptrend,uptrend_medium
2016-06-06,8228.75,8234.7001953125,8186.0498046875,8201.0498046875,development,0.1331790240928076,low,7970.357470703125,7845.51998046875,7970.357470703125,uptrend,uptrend_low
2016-06-07,8235.5498046875,8294.9501953125,8216.400390625,8266.4501953125,development,0.1347874536506782,low,7989.289990234375,7856.550986328125,7989.289990234375,uptrend,uptrend_low
2016-06-08,8285.5,8288.900390625,8252.0498046875,8273.0498046875,development,0.13216867448892156,low,8010.499975585937,7867.681982421875,8010.499975585937,uptrend,uptrend_low
2016-06-09,8273.349609375,8273.349609375,8184.60009765625,8203.599609375,development,0.13689989047498416,medium,8025.6599609375,7879.45197265625,8025.6599609375,uptrend,uptrend_medium
2016-06-10,8180.25,8265.599609375,8162.85009765625,8170.0498046875,development,0.13052619335788654,low,8043.417456054687,7890.91296875,8043.417456054687,uptrend,uptrend_low
2016-06-13,8102.25,8125.25,8063.89990234375,8110.60009765625,development,0.1339961495170169,low,8055.9099609375,7898.420966796875,8055.9099609375,uptrend,uptrend_low
2016-06-14,8134.39990234375,8134.9501953125,8069.5,8108.85009765625,development,0.13387563521152085,low,8066.814965820313,7905.829970703125,8066.814965820313,uptrend,uptrend_low
2016-06-15,8139.39990234375,8213.2001953125,8123.14990234375,8206.599609375,development,0.1381060009136971,medium,8083.637451171875,7915.700966796875,8083.637451171875,uptrend,uptrend_medium
2016-06-16,8180.64990234375,8180.64990234375,8074.4501953125,8140.75,development,0.1346858416943601,medium,8101.504956054688,7923.339970703125,8101.504956054688,uptrend,uptrend_medium
2016-06-17,8176.64990234375,8195.25,8135.7998046875,8170.2001953125,development,0.13244806465191888,low,8122.529956054687,7934.679970703125,8122.529956054687,uptrend,uptrend_low
2016-06-20,8115.75,8244.150390625,8107.35009765625,8238.5,development,0.13247941835205126,low,8147.9024658203125,7947.16296875,8147.9024658203125,uptrend,uptrend_low
2016-06-21,8255.400390625,8257.25,8202.150390625,8219.900390625,development,0.13387823746898234,medium,8171.45498046875,7960.63197265625,8171.45498046875,uptrend,uptrend_medium
2016-06-22,8213.650390625,8238.349609375,8153.25,8203.7001953125,development,0.10927480886401894,low,8184.894995117187,7973.60197265625,8184.894995117187,uptrend,uptrend_low
2016-06-23,8201.150390625,8285.599609375,8188.2998046875,8270.4501953125,development,0.09663685270379899,low,8194.935009765624,7985.582978515625,8194.935009765624,uptrend,uptrend_low
2016-06-24,8029.10009765625,8100.7001953125,7927.0498046875,8088.60009765625,development,0.12075374553441172,low,8191.53251953125,7993.1759765625,8191.53251953125,downtrend,downtrend_low
2016-06-27,8039.35009765625,8120.64990234375,8039.35009765625,8094.7001953125,development,0.1202971573863253,low,8187.342529296875,7998.0609765625,8187.342529296875,downtrend,downtrend_low
2016-06-28,8096.0498046875,8146.35009765625,8086.85009765625,8127.85009765625,development,0.12116951445710313,low,8185.730029296875,8002.323974609375,8185.730029296875,downtrend,downtrend_low
2016-06-29,8173.10009765625,8212.400390625,8157.64990234375,8204.0,development,0.1255674623948587,low,8186.93251953125,8008.108974609375,8186.93251953125,uptrend,uptrend_low
2016-06-30,8260.25,8308.150390625,8242.099609375,8287.75,development,0.1296254325387854,low,8190.372509765625,8015.622978515625,8190.372509765625,uptrend,uptrend_low
2016-07-01,8313.0498046875,8356.75,8308.650390625,8328.349609375,development,0.13057662148509042,low,8195.75,8024.203974609375,8195.75,uptrend,uptrend_low
2016-07-04,8376.75,8398.4501953125,8364.7001953125,8370.7001953125,development,0.13093492799130696,medium,8204.23251953125,8034.516982421875,8204.23251953125,uptrend,uptrend_medium
2016-07-05,8379.2998046875,8381.4501953125,8319.9501953125,8335.9501953125,development,0.12950470190865918,low,8207.70751953125,8041.98298828125,8207.70751953125,uptrend,uptrend_low
2016-07-07,8342.0,8361.9501953125,8317.7001953125,8337.900390625,development,0.1295000884066373,low,8210.950048828125,8049.142998046875,8210.950048828125,uptrend,uptrend_low
2016-07-08,8350.0,8353.2998046875,8287.5498046875,8323.2001953125,development,0.12559211057795608,low,8216.930078125,8058.662001953125,8216.930078125,uptrend,uptrend_low
2016-07-11,8413.349609375,8475.25,8407.0498046875,8467.900390625,development,0.13720430246632906,medium,8231.822607421875,8071.024013671875,8231.822607421875,uptrend,uptrend_medium
2016-07-12,8502.599609375,8526.599609375,8479.2001953125,8521.0498046875,development,0.13366533853721463,medium,8252.345092773438,8085.32701171875,8252.345092773438,uptrend,uptrend_medium
2016-07-13,8540.4501953125,8550.25,8493.5498046875,8519.5,development,0.13365624294787773,medium,8272.877587890625,8100.77701171875,8272.877587890625,uptrend,uptrend_medium
2016-07-14,8515.75,8571.400390625,8500.7001953125,8565.0,development,0.12935045012476476,low,8290.797607421875,8117.946015625,8290.797607421875,uptrend,uptrend_low
2016-07-15,8565.4501953125,8594.7998046875,8510.0498046875,8541.400390625,development,0.12512570845450066,low,8310.830126953126,8134.0640234375,8310.830126953126,uptrend,uptrend_low
2016-07-18,8564.0498046875,8587.099609375,8494.349609375,8508.7001953125,development,0.12696998046725175,low,8327.755126953125,8149.5690234375,8327.755126953125,uptrend,uptrend_low
2016-07-19,8514.2998046875,8540.0498046875,8476.7001953125,8528.5498046875,development,0.12478901426729434,low,8342.2576171875,8162.8190234375,8342.2576171875,uptrend,uptrend_low
2016-07-20,8515.4501953125,8569.900390625,8512.5498046875,8565.849609375,development,0.12417515324682564,low,8359.555078125,8176.38001953125,8359.555078125,uptrend,uptrend_low
2016-07-21,8582.7001953125,8585.25,8503.4501953125,8510.099609375,development,0.1271533925104143,low,8374.875048828126,8189.605009765625,8374.875048828126,uptrend,uptrend_low
2016-07-22,8519.650390625,8548.9501953125,8489.7998046875,8541.2001953125,development,0.12520201541951392,low,8388.412548828124,8202.421015625,8388.412548828124,uptrend,uptrend_low
2016-07-25,8519.9501953125,8641.150390625,8517.2001953125,8635.650390625,development,0.09339105079666422,low,8415.765063476563,8218.836025390625,8415.765063476563,uptrend,uptrend_low
2016-07-26,8633.75,8644.900390625,8577.150390625,8590.650390625,development,0.09783709224088905,low,8440.562573242187,8233.434033203124,8440.562573242187,uptrend,uptrend_low
2016-07-27,8599.400390625,8665.0,8572.0498046875,8615.7998046875,development,0.09775078623493623,low,8464.96005859375,8247.935029296876,8464.96005859375,uptrend,uptrend_low
2016-07-28,8636.9501953125,8674.7001953125,8625.25,8666.2998046875,development,0.09545572259796826,low,8488.075048828125,8263.85802734375,8488.075048828125,uptrend,uptrend_low
2016-07-29,8668.2998046875,8670.349609375,8631.150390625,8638.5,development,0.0934324644824243,low,8505.612548828125,8280.960029296875,8505.612548828125,uptrend,uptrend_low
2016-08-01,8654.2998046875,8711.2998046875,8590.5,8636.5498046875,development,0.09316032166644957,low,8521.02255859375,8298.697021484375,8521.02255859375,uptrend,uptrend_low
2016-08-02,8647.4501953125,8687.2001953125,8611.400390625,8622.900390625,development,0.09308042221374244,low,8533.632568359375,8316.534033203125,8533.632568359375,uptrend,uptrend_low
2016-08-03,8635.2001953125,8635.4501953125,8529.599609375,8544.849609375,development,0.09849519426532702,low,8544.0775390625,8332.4540234375,8544.0775390625,uptrend,uptrend_low
2016-08-04,8599.9501953125,8601.400390625,8518.150390625,8551.099609375,development,0.09844250703258386,low,8554.7375,8344.778017578124,8554.7375,downtrend,downtrend_low
2016-08-05,8600.2001953125,8689.400390625,8590.150390625,8683.150390625,development,0.10968793409953713,low,8572.735009765625,8357.04802734375,8572.735009765625,uptrend,uptrend_low
2016-08-08,8712.849609375,8723.5,8697.599609375,8711.349609375,development,0.09398533918665979,low,8584.907470703125,8368.142021484375,8584.907470703125,uptrend,uptrend_low
2016-08-09,8727.7998046875,8728.349609375,8638.2001953125,8678.25,development,0.0939062703841043,low,8592.76748046875,8378.137021484376,8592.76748046875,uptrend,uptrend_low
2016-08-10,8686.7001953125,8690.099609375,8564.599609375,8575.2998046875,development,0.10431911805652978,low,8595.557470703125,8386.441015625,8595.557470703125,downtrend,downtrend_low
2016-08-11,8572.7998046875,8601.150390625,8540.0498046875,8592.150390625,development,0.10285376440959985,low,8596.914990234374,8394.68501953125,8596.914990234374,downtrend,downtrend_low
2016-08-16,8670.25,8682.349609375,8600.4501953125,8642.5498046875,development,0.10413701446038653,low,8601.9724609375,8403.15701171875,8601.9724609375,uptrend,uptrend_low
2016-08-17,8639.7998046875,8667.099609375,8603.599609375,8624.0498046875,development,0.10335244377072646,low,8607.73994140625,8411.22201171875,8607.73994140625,uptrend,uptrend_low
2016-08-18,8648.849609375,8690.7001953125,8645.0498046875,8673.25,development,0.10474558618202462,low,8614.974951171875,8420.666015625,8614.974951171875,uptrend,uptrend_low
2016-08-19,8694.2998046875,8696.599609375,8647.099609375,8666.900390625,development,0.10404104330071254,low,8620.027490234375,8428.67501953125,8620.027490234375,uptrend,uptrend_low
2016-08-22,8667.0,8684.849609375,8614.0,8629.150390625,development,0.10235532734335222,low,8625.980029296876,8435.79703125,8625.980029296876,uptrend,uptrend_low
2016-08-23,8628.349609375,8642.150390625,8580.0,8632.599609375,development,0.10176572547356562,low,8630.55,8444.37703125,8630.55,uptrend,uptrend_low
2016-08-24,8648.5,8661.0498046875,8620.900390625,8650.2998046875,development,0.09417114715179942,low,8631.282470703125,8453.98203125,8631.282470703125,uptrend,uptrend_low
2016-08-25,8668.849609375,8683.0498046875,8583.650390625,8592.2001953125,development,0.09544066714312151,low,8631.3599609375,8463.614033203125,8631.3599609375,downtrend,downtrend_low
2016-08-26,8614.349609375,8622.9501953125,8547.5498046875,8572.5498046875,development,0.09513258291808754,low,8629.1974609375,8472.88802734375,8629.1974609375,downtrend,downtrend_low
2016-08-29,8583.75,8622.0,8543.75,8607.4501953125,development,0.0938142719928391,low,8626.25498046875,8480.9050390625,8626.25498046875,downtrend,downtrend_low
2016-08-30,8646.75,8750.599609375,8642.25,8744.349609375,development,0.10927835265773636,low,8631.5474609375,8492.97703125,8631.5474609375,uptrend,uptrend_low
2016-08-31,8754.0498046875,8819.2001953125,8754.0498046875,8786.2001953125,development,0.11020103576679288,low,8639.02998046875,8505.29703125,8639.02998046875,uptrend,uptrend_low
2016-09-01,8793.599609375,8813.25,8759.9501953125,8774.650390625,development,0.11012624855918604,low,8646.61748046875,8516.0200390625,8646.61748046875,uptrend,uptrend_low
2016-09-02,8796.349609375,8824.099609375,8768.2001953125,8809.650390625,development,0.10406552356086667,low,8659.85751953125,8527.8150390625,8659.85751953125,uptrend,uptrend_low
2016-09-06,8852.7001953125,8950.849609375,8848.4501953125,8943.0,development,0.11459705075405302,low,8679.4525390625,8542.60103515625,8679.4525390625,uptrend,uptrend_low
2016-09-07,8968.7001953125,8968.7001953125,8913.349609375,8917.9501953125,development,0.10464398793632387,low,8691.192529296875,8555.55103515625,8691.192529296875,uptrend,uptrend_low
2016-09-08,8915.5,8960.349609375,8896.0,8952.5,development,0.10481774674022441,low,8703.250048828126,8572.829033203125,8703.250048828126,uptrend,uptrend_low
2016-09-09,8934.2998046875,8939.150390625,8858.7001953125,8866.7001953125,development,0.11047227779624678,low,8712.67255859375,8588.269033203125,8712.67255859375,uptrend,uptrend_low
2016-09-12,8732.9501953125,8746.9501953125,8699.400390625,8715.599609375,development,0.11967583081662282,low,8719.687548828126,8600.0240234375,8719.687548828126,downtrend,downtrend_low
2016-09-14,8710.650390625,8739.849609375,8688.900390625,8726.599609375,development,0.11961408756871025,low,8726.410009765625,8610.476015625,8726.410009765625,uptrend,uptrend_low
2016-09-15,8743.849609375,8751.9501953125,8704.349609375,8742.5498046875,development,0.11819795050808742,low,8731.410009765625,8619.57201171875,8731.410009765625,uptrend,uptrend_low
2016-09-16,8780.849609375,8847.650390625,8750.5,8779.849609375,development,0.11841420596997977,low,8739.2,8628.60201171875,8739.2,uptrend,uptrend_low
2016-09-19,8788.4501953125,8824.2998046875,8774.2001953125,8808.400390625,development,0.11741596867478545,low,8745.95751953125,8637.356015625,8745.95751953125,uptrend,uptrend_low
2016-09-20,8816.099609375,8816.4501953125,8759.2998046875,8775.900390625,development,0.11839288343740789,low,8751.40751953125,8646.15501953125,8751.40751953125,uptrend,uptrend_low
2016-09-21,8790.2998046875,8826.849609375,8757.2998046875,8777.150390625,development,0.11693743747205894,low,8758.80751953125,8654.94001953125,8758.80751953125,uptrend,uptrend_low
2016-09-22,8873.349609375,8893.349609375,8837.7998046875,8867.4501953125,development,0.12157854483764911,low,8770.550048828125,8665.82501953125,8770.550048828125,uptrend,uptrend_low
2016-09-23,8880.75,8885.2001953125,8820.2998046875,8831.5498046875,development,0.12304506156253028,low,8779.612548828125,8673.0980078125,8779.612548828125,uptrend,uptrend_low
2016-09-26,8807.900390625,8809.5498046875,8715.099609375,8723.0498046875,development,0.129153077184856,medium,8786.155029296875,8677.1380078125,8786.155029296875,downtrend,downtrend_medium
2016-09-27,8748.900390625,8768.5,8690.5,8706.400390625,development,0.12904056075886466,medium,8792.84755859375,8680.876015625,8792.84755859375,downtrend,downtrend_medium
2016-09-28,8711.2001953125,8767.0498046875,8703.150390625,8745.150390625,development,0.12917489589274678,medium,8799.732568359375,8684.4790234375,8799.732568359375,downtrend,downtrend_medium
2016-09-29,8792.7001953125,8800.650390625,8558.25,8591.25,development,0.13201454995605527,medium,8792.077587890624,8685.476015625,8792.077587890624,downtrend,downtrend_medium
2016-09-30,8581.5,8637.150390625,8555.2001953125,8611.150390625,development,0.13090256868665148,medium,8783.32509765625,8687.52501953125,8783.32509765625,downtrend,downtrend_medium
2016-10-03,8666.150390625,8745.2001953125,8635.0,8738.099609375,development,0.14226295255150917,medium,8781.49755859375,8691.716015625,8781.49755859375,downtrend,downtrend_medium
2016-10-04,8770.0,8783.650390625,8736.099609375,8769.150390625,development,0.14210247053578778,medium,8779.47255859375,8695.78203125,8779.47255859375,downtrend,downtrend_medium
2016-10-05,8806.349609375,8806.9501953125,8731.400390625,8743.9501953125,development,0.13021835377164517,medium,8769.520068359376,8700.45904296875,8769.520068359376,downtrend,downtrend_medium
2016-10-06,8768.7001953125,8781.150390625,8684.650390625,8709.5498046875,development,0.1304773796405367,medium,8759.100048828124,8703.82603515625,8759.100048828124,downtrend,downtrend_medium
2016-10-07,8721.7001953125,8723.7001953125,8663.7998046875,8697.599609375,development,0.12912024245106604,medium,8746.355029296876,8705.06501953125,8746.355029296876,downtrend,downtrend_medium
2016-10-10,8735.349609375,8745.7998046875,8703.9501953125,8708.7998046875,development,0.1257160792554085,medium,8738.460009765626,8707.4280078125,8738.460009765626,downtrend,downtrend_medium
2016-10-13,8671.5,8681.5498046875,8541.349609375,8573.349609375,development,0.12326401087520257,low,8731.347509765625,8706.57900390625,8731.347509765625,downtrend,downtrend_low
2016-10-14,8594.0,8604.4501953125,8549.7998046875,8583.400390625,development,0.12324456212063956,low,8724.187548828126,8704.921015625,8724.187548828126,downtrend,downtrend_low
2016-10-17,8612.9501953125,8615.400390625,8506.150390625,8520.400390625,development,0.12493830503355369,medium,8713.080078125,8702.5590234375,8713.080078125,downtrend,downtrend_medium
2016-10-18,8556.0498046875,8685.099609375,8555.900390625,8677.900390625,development,0.1422673912213082,medium,8707.9826171875,8703.38603515625,8707.9826171875,downtrend,downtrend_medium
2016-10-19,8697.5,8698.75,8636.7001953125,8659.099609375,development,0.1416478576175541,medium,8700.517578125,8704.11001953125,8700.517578125,downtrend,downtrend_medium
2016-10-20,8693.349609375,8727.0,8678.2998046875,8699.400390625,development,0.14249708030204142,medium,8696.692578125,8707.20103515625,8696.692578125,uptrend,uptrend_medium
2016-10-21,8708.599609375,8709.099609375,8652.0498046875,8693.0498046875,development,0.1424867329831212,medium,8692.487548828125,8710.0400390625,8692.487548828125,uptrend,uptrend_medium
2016-10-24,8709.849609375,8736.9501953125,8684.150390625,8708.9501953125,development,0.13709908075867158,medium,8684.562548828126,8710.55603515625,8684.562548828126,uptrend,uptrend_medium
2016-10-25,8721.7001953125,8722.650390625,8663.4501953125,8691.2998046875,development,0.1366637297686474,medium,8677.550048828125,8710.1550390625,8677.550048828125,uptrend,uptrend_medium
2016-10-26,8657.2998046875,8657.2998046875,8596.599609375,8615.25,development,0.1332443131236458,medium,8672.16005859375,8708.8950390625,8672.16005859375,downtrend,downtrend_medium
2016-10-27,8607.099609375,8624.849609375,8550.25,8615.25,development,0.1331656435730753,medium,8667.6025390625,8709.69404296875,8667.6025390625,downtrend,downtrend_medium
2016-10-28,8625.0,8653.75,8581.75,8638.0,development,0.13242739175509396,medium,8662.24501953125,8710.61103515625,8662.24501953125,downtrend,downtrend_medium
2016-11-01,8653.150390625,8669.599609375,8614.5,8626.25,development,0.11631962340829852,low,8663.99501953125,8710.2850390625,8663.99501953125,downtrend,downtrend_low
2016-11-02,8542.7998046875,8549.5,8504.849609375,8514.0,development,0.1250683648440109,medium,8659.1375,8708.08404296875,8659.1375,downtrend,downtrend_medium
2016-11-03,8499.849609375,8537.650390625,8476.150390625,8484.9501953125,development,0.11151855629141195,low,8646.480029296876,8704.318046875,8646.480029296876,downtrend,downtrend_low
2016-11-04,8503.599609375,8504.0,8400.25,8433.75,development,0.11101024609260145,low,8629.710009765626,8699.6550390625,8629.710009765626,downtrend,downtrend_low
2016-11-07,8535.75,8535.849609375,8481.4501953125,8497.0498046875,development,0.11584215436515673,low,8617.364990234375,8697.01302734375,8617.364990234375,downtrend,downtrend_low
2016-11-08,8540.0,8559.400390625,8480.099609375,8543.5498046875,development,0.11791285758470041,low,8609.064990234376,8695.23203125,8609.064990234376,downtrend,downtrend_low
2016-11-09,8067.5,8476.2001953125,8002.25,8432.0,development,0.1255348860264711,medium,8595.785009765625,8690.86603515625,8595.785009765625,downtrend,downtrend_medium
2016-11-10,8555.599609375,8598.4501953125,8510.7001953125,8525.75,development,0.13307439600060003,medium,8586.63251953125,8689.53703125,8586.63251953125,downtrend,downtrend_medium
2016-11-11,8456.650390625,8460.599609375,8284.9501953125,8296.2998046875,development,0.1539848891141474,high,8572.780029296875,8684.01203125,8572.780029296875,downtrend,downtrend_high
2016-11-15,8284.849609375,8288.5498046875,8093.2001953125,8108.4501953125,development,0.17061213774001394,high,8549.03251953125,8674.03203125,8549.03251953125,downtrend,downtrend_high
2016-11-16,8205.650390625,8210.0498046875,8089.39990234375,8111.60009765625,development,0.17008147620292607,high,8528.592504882812,8661.377041015625,8528.592504882812,downtrend,downtrend_high
2016-11-17,8105.10009765625,8151.25,8060.2998046875,8079.9501953125,development,0.15112830506698952,high,8498.694995117188,8647.252041015625,8498.694995117188,downtrend,downtrend_high
2016-11-18,8097.5498046875,8128.9501953125,8048.2998046875,8074.10009765625,development,0.15138615084816887,high,8469.44501953125,8633.24103515625,8469.44501953125,downtrend,downtrend_high
2016-11-21,8102.10009765625,8102.4501953125,7916.39990234375,7929.10009765625,development,0.1565274589353874,high,8430.930004882812,8615.630029296875,8430.930004882812,downtrend,downtrend_high
2016-11-22,7989.14990234375,8019.0498046875,7938.14990234375,8002.2998046875,development,0.1636097931114775,high,8396.392504882813,8596.816025390624,8396.392504882813,downtrend,downtrend_high
2016-11-23,8051.2001953125,8055.2001953125,7973.10009765625,8033.2998046875,development,0.16474640295674556,high,8362.609985351562,8579.123017578126,8362.609985351562,downtrend,downtrend_high
2016-11-24,8011.7998046875,8024.85009765625,7952.5498046875,7965.5,development,0.16531072858029378,high,8326.319995117188,8559.383017578126,8326.319995117188,downtrend,downtrend_high
2016-11-25,8007.9501953125,8122.25,7976.75,8114.2998046875,development,0.1832195254986787,high,8301.272485351563,8544.335009765626,8301.272485351563,downtrend,downtrend_high
2016-11-28,8080.64990234375,8146.5,8066.5,8126.89990234375,development,0.1836310135651484,high,8276.85498046875,8532.561015625,8276.85498046875,downtrend,downtrend_high
2016-11-29,8131.5498046875,8197.349609375,8128.7001953125,8142.14990234375,development,0.18334779985953098,high,8252.062475585937,8520.872021484374,8252.062475585937,downtrend,downtrend_high
2016-11-30,8172.14990234375,8234.25,8139.25,8224.5,development,0.18905092154680245,high,8231.974975585938,8510.511025390624,8231.974975585938,downtrend,downtrend_high
2016-12-01,8244.0,8250.7998046875,8185.0498046875,8192.900390625,development,0.1849252720636706,high,8215.919995117187,8498.772041015625,8215.919995117187,downtrend,downtrend_high
2016-12-02,8153.5498046875,8159.2998046875,8070.0498046875,8086.7998046875,development,0.1890436830591342,high,8196.012475585938,8484.340029296874,8196.012475585938,downtrend,downtrend_high
2016-12-05,8088.75,8141.89990234375,8056.85009765625,8128.75,development,0.19032149783549904,high,8180.762475585938,8471.397021484376,8180.762475585938,downtrend,downtrend_high
2016-12-06,8153.14990234375,8178.7001953125,8130.85009765625,8143.14990234375,development,0.18768460198459322,high,8163.06748046875,8458.71701171875,8163.06748046875,downtrend,downtrend_high
2016-12-07,8168.39990234375,8190.4501953125,8077.5,8102.0498046875,development,0.18579152863702078,high,8140.99248046875,8443.40900390625,8140.99248046875,downtrend,downtrend_high
2016-12-08,8152.10009765625,8256.25,8151.75,8246.849609375,development,0.19488314702044665,high,8131.7349609375,8431.715,8131.7349609375,uptrend,uptrend_high
2016-12-09,8271.7001953125,8274.9501953125,8241.9501953125,8261.75,development,0.18991942926132294,high,8118.5349609375,8422.48900390625,8118.5349609375,uptrend,uptrend_high
2016-12-12,8230.650390625,8230.650390625,8154.4501953125,8170.7998046875,development,0.16892837334706634,high,8112.2599609375,8411.7769921875,8112.2599609375,uptrend,uptrend_high
2016-12-13,8196.150390625,8228.849609375,8155.7998046875,8221.7998046875,development,0.14914035281197474,medium,8117.92744140625,8401.30998046875,8117.92744140625,uptrend,uptrend_medium
2016-12-14,8229.349609375,8229.400390625,8165.10009765625,8182.4501953125,development,0.15042589151983637,medium,8121.469946289062,8393.133984375,8121.469946289062,uptrend,uptrend_medium
2016-12-15,8128.39990234375,8225.900390625,8121.9501953125,8153.60009765625,development,0.1502865788581112,medium,8125.15244140625,8383.982978515625,8125.15244140625,uptrend,uptrend_medium
2016-12-16,8178.2001953125,8178.7001953125,8127.4501953125,8139.4501953125,development,0.1504383082551934,medium,8128.419946289063,8372.009990234375,8128.419946289063,uptrend,uptrend_medium
2016-12-19,8126.0,8132.5,8094.85009765625,8104.35009765625,development,0.13533637074040916,medium,8137.182446289063,8358.713984375,8137.182446289063,downtrend,downtrend_medium
2016-12-20,8110.60009765625,8124.10009765625,8062.75,8082.39990234375,development,0.13245985219742687,medium,8141.187451171875,8345.482978515625,8141.187451171875,downtrend,downtrend_medium
2016-12-21,8105.85009765625,8112.5498046875,8053.25,8061.2998046875,development,0.13228918163210293,medium,8142.587451171875,8332.517978515625,8142.587451171875,downtrend,downtrend_medium
2016-12-22,8043.85009765625,8046.4501953125,7964.9501953125,7979.10009765625,development,0.1339489223832816,medium,8143.2674560546875,8318.14798828125,8143.2674560546875,downtrend,downtrend_medium
2016-12-23,7972.5,8022.60009765625,7942.0498046875,7985.75,development,0.11475313656464206,low,8136.8399658203125,8303.6869921875,8136.8399658203125,downtrend,downtrend_low
2016-12-26,7965.10009765625,7970.0498046875,7893.7998046875,7908.25,development,0.11861902085053175,low,8125.907470703125,8290.385,8125.907470703125,downtrend,downtrend_low
2016-12-27,7915.0498046875,8044.64990234375,7903.7001953125,8032.85009765625,development,0.1329679055434636,medium,8120.44248046875,8279.373994140626,8120.44248046875,downtrend,downtrend_medium
2016-12-28,8047.5498046875,8100.5498046875,8028.39990234375,8034.85009765625,development,0.12685396700299206,low,8110.959985351563,8269.66298828125,8110.959985351563,downtrend,downtrend_low
2016-12-29,8030.60009765625,8111.10009765625,8020.7998046875,8103.60009765625,development,0.1309148680940196,medium,8106.494970703125,8258.176982421875,8106.494970703125,downtrend,downtrend_medium
2016-12-30,8119.64990234375,8197.0,8114.75,8185.7998046875,development,0.12744095656934543,low,8111.444970703125,8248.710986328126,8111.444970703125,uptrend,uptrend_low
2017-01-02,8210.099609375,8212.0,8133.7998046875,8179.5,development,0.12637086060031166,low,8113.982470703125,8238.312978515625,8113.982470703125,uptrend,uptrend_low
2017-01-03,8196.0498046875,8219.099609375,8148.60009765625,8192.25,development,0.1263411835077378,low,8116.437475585937,8228.296982421874,8116.437475585937,uptrend,uptrend_low
2017-01-04,8202.650390625,8218.5,8180.89990234375,8190.5,development,0.12476758523138433,low,8120.8599853515625,8217.927978515625,8120.8599853515625,uptrend,uptrend_low
2017-01-05,8226.650390625,8282.650390625,8223.7001953125,8273.7998046875,development,0.11304883460335038,low,8122.207495117187,8209.577978515625,8122.207495117187,uptrend,uptrend_low
2017-01-06,8281.849609375,8306.849609375,8233.25,8243.7998046875,development,0.11365965265899204,low,8121.309985351562,8202.148974609376,8121.309985351562,uptrend,uptrend_low
2017-01-09,8259.349609375,8263.0,8227.75,8236.0498046875,development,0.10619895332478065,low,8124.572485351562,8194.564970703124,8124.572485351562,uptrend,uptrend_low
2017-01-10,8262.7001953125,8293.7998046875,8261.0,8288.599609375,development,0.10630092599479969,low,8127.9124755859375,8187.576962890625,8127.9124755859375,uptrend,uptrend_low
2017-01-11,8327.7998046875,8389.0,8322.25,8380.650390625,development,0.11083725862723003,low,8137.822485351562,8182.664970703125,8137.822485351562,uptrend,uptrend_low
2017-01-12,8391.0498046875,8417.2001953125,8382.2998046875,8407.2001953125,development,0.1095750759570071,low,8150.502490234375,8180.528974609375,8150.502490234375,uptrend,uptrend_low
2017-01-13,8457.650390625,8461.0498046875,8373.150390625,8400.349609375,development,0.1092566736713022,low,8163.5474609375,8178.836962890625,8163.5474609375,uptrend,uptrend_low
2017-01-16,8390.9501953125,8426.7001953125,8374.400390625,8412.7998046875,development,0.107009943748608,low,8178.969946289062,8178.417958984375,8178.969946289062,uptrend,uptrend_low
2017-01-17,8415.0498046875,8440.900390625,8378.2998046875,8398.0,development,0.10652074494351142,low,8194.749951171874,8176.436962890625,8194.749951171874,uptrend,uptrend_low
2017-01-18,8403.849609375,8460.2998046875,8397.400390625,8417.0,development,0.10515631831253076,low,8212.5349609375,8173.905966796875,8212.5349609375,uptrend,uptrend_low
2017-01-19,8418.400390625,8445.150390625,8404.0498046875,8435.099609375,development,0.09446883381044208,low,8235.334936523437,8173.967958984375,8235.334936523437,uptrend,uptrend_low
2017-01-20,8404.349609375,8423.650390625,8340.9501953125,8349.349609375,development,0.10498751257729676,low,8253.514916992188,8170.439951171875,8253.514916992188,uptrend,uptrend_low
2017-01-23,8329.599609375,8404.150390625,8327.2001953125,8391.5,development,0.0953235753857811,low,8277.677416992188,8172.343955078125,8277.677416992188,uptrend,uptrend_low
2017-01-24,8407.0498046875,8480.9501953125,8398.150390625,8475.7998046875,development,0.08696794894019676,low,8299.82490234375,8179.690947265625,8299.82490234375,uptrend,uptrend_low
2017-01-25,8499.4501953125,8612.599609375,8493.9501953125,8602.75,development,0.09663667204975393,low,8328.219897460938,8189.5139453125,8328.219897460938,uptrend,uptrend_low
2017-01-27,8610.5,8672.7001953125,8606.900390625,8641.25,development,0.09483881256681892,low,8355.102392578125,8200.73994140625,8355.102392578125,uptrend,uptrend_low
2017-01-30,8635.5498046875,8662.599609375,8617.75,8632.75,development,0.09227679799928358,low,8377.44990234375,8211.912939453125,8377.44990234375,uptrend,uptrend_low
2017-01-31,8629.4501953125,8631.75,8552.400390625,8561.2998046875,development,0.09955678265882126,low,8396.539892578125,8224.55693359375,8396.539892578125,uptrend,uptrend_low
2017-02-01,8570.349609375,8722.400390625,8537.5,8716.400390625,development,0.11419008044899753,low,8422.747412109375,8238.8389453125,8422.747412109375,uptrend,uptrend_low
2017-02-02,8724.75,8757.599609375,8685.7998046875,8734.25,development,0.11359236839538879,low,8449.934912109375,8252.85794921875,8449.934912109375,uptrend,uptrend_low
2017-02-03,8735.150390625,8748.25,8707.75,8740.9501953125,development,0.11085797102130142,low,8473.292431640624,8268.366953125,8473.292431640624,uptrend,uptrend_low
2017-02-06,8785.4501953125,8814.099609375,8770.2001953125,8801.0498046875,development,0.10907107106611082,low,8501.154931640625,8282.101953125,8501.154931640625,uptrend,uptrend_low
2017-02-07,8805.7001953125,8809.2998046875,8741.0498046875,8768.2998046875,development,0.11093516319075632,low,8527.767431640625,8294.929951171875,8527.767431640625,uptrend,uptrend_low
2017-02-08,8774.5498046875,8791.25,8715.0,8769.0498046875,development,0.11076097883949233,low,8551.78994140625,8307.46794921875,8551.78994140625,uptrend,uptrend_low
2017-02-09,8795.5498046875,8821.400390625,8724.099609375,8778.400390625,development,0.1064794732343883,low,8571.67744140625,8318.54595703125,8571.67744140625,uptrend,uptrend_low
2017-02-10,8812.349609375,8822.099609375,8771.2001953125,8793.5498046875,development,0.10645422407908191,low,8590.994921875,8330.5589453125,8590.994921875,uptrend,uptrend_low
2017-02-13,8819.7998046875,8826.900390625,8754.2001953125,8805.0498046875,development,0.10590355010358511,low,8611.229931640624,8344.9239453125,8611.229931640624,uptrend,uptrend_low
2017-02-14,8819.900390625,8820.4501953125,8772.5,8792.2998046875,development,0.10673918137426334,low,8630.204931640625,8358.19494140625,8630.204931640625,uptrend,uptrend_low
2017-02-15,8778.9501953125,8807.900390625,8712.849609375,8724.7001953125,development,0.11164068833156193,low,8646.53994140625,8369.825947265625,8646.53994140625,uptrend,uptrend_low
2017-02-16,8739.0,8783.9501953125,8719.599609375,8778.0,development,0.11262171047782576,low,8664.58994140625,8383.344951171875,8664.58994140625,uptrend,uptrend_low
2017-02-17,8883.7001953125,8896.4501953125,8804.25,8821.7001953125,development,0.11307636669490928,low,8683.919970703126,8394.841962890625,8683.919970703126,uptrend,uptrend_low
2017-02-20,8818.5498046875,8886.25,8809.7998046875,8879.2001953125,development,0.10388027609260432,low,8710.4125,8407.190966796876,8710.4125,uptrend,uptrend_low
2017-02-21,8890.75,8920.7998046875,8860.9501953125,8907.849609375,development,0.10362838415904894,low,8736.22998046875,8421.931962890625,8736.22998046875,uptrend,uptrend_low
2017-02-22,8931.599609375,8960.75,8905.25,8926.900390625,development,0.10025436712243513,low,8758.785009765625,8436.033974609374,8758.785009765625,uptrend,uptrend_low
2017-02-23,8956.400390625,8982.150390625,8927.5498046875,8939.5,development,0.08899938142012231,low,8775.622509765624,8451.174970703125,8775.622509765624,uptrend,uptrend_low
2017-02-27,8943.7001953125,8951.7998046875,8888.650390625,8896.7001953125,development,0.09153260681270795,low,8788.39501953125,8466.03697265625,8788.39501953125,uptrend,uptrend_low
2017-02-28,8898.9501953125,8914.75,8867.599609375,8879.599609375,development,0.09192650785858167,low,8800.7375,8480.8399609375,8800.7375,uptrend,uptrend_low
2017-03-01,8904.400390625,8960.7998046875,8898.599609375,8945.7998046875,development,0.08671607662490208,low,8819.9625,8497.668955078125,8819.9625,uptrend,uptrend_low
2017-03-02,8982.849609375,8992.5,8879.7998046875,8899.75,development,0.06726735357902354,low,8829.12998046875,8514.01595703125,8829.12998046875,uptrend,uptrend_low
2017-03-03,8883.5,8907.099609375,8860.099609375,8897.5498046875,development,0.06730907852346114,low,8837.294970703126,8530.74095703125,8837.294970703126,uptrend,uptrend_low
2017-03-06,8915.099609375,8967.7998046875,8914.0,8963.4501953125,development,0.07110805226459264,low,8848.419970703126,8550.427958984375,8848.419970703126,uptrend,uptrend_low
2017-03-07,8977.75,8977.849609375,8932.7998046875,8946.900390625,development,0.06868246204013287,low,8855.7125,8569.650966796875,8855.7125,uptrend,uptrend_low
2017-03-08,8950.7001953125,8957.0498046875,8891.9501953125,8924.2998046875,development,0.06775668496531481,low,8863.5125,8589.971962890624,8863.5125,uptrend,uptrend_low
2017-03-09,8914.5,8945.7998046875,8899.5,8927.0,development,0.0677268484097912,low,8871.410009765625,8607.8549609375,8871.410009765625,uptrend,uptrend_low
2017-03-10,8953.7001953125,8975.7001953125,8903.9501953125,8934.5498046875,development,0.06772426075264744,low,8879.21748046875,8625.848955078125,8879.21748046875,uptrend,uptrend_low
2017-03-14,9091.650390625,9122.75,9060.5,9087.0,development,0.0888271236725167,low,8893.889990234375,8645.516953125,8893.889990234375,uptrend,uptrend_low
2017-03-15,9086.849609375,9106.5498046875,9075.5,9084.7998046875,development,0.08907806999660205,low,8907.877490234376,8663.496953125,8907.877490234376,uptrend,uptrend_low
2017-03-16,9129.650390625,9158.4501953125,9128.5498046875,9153.7001953125,development,0.09075974552843431,low,8925.947509765625,8682.98095703125,8925.947509765625,uptrend,uptrend_low
2017-03-17,9207.7998046875,9218.400390625,9147.599609375,9160.0498046875,development,0.08343485605068797,low,8947.714990234375,8702.336953125,8947.714990234375,uptrend,uptrend_low
2017-03-20,9166.9501953125,9167.599609375,9116.2998046875,9126.849609375,development,0.08491492654057811,low,8965.157470703125,8721.0639453125,8965.157470703125,uptrend,uptrend_low
2017-03-21,9133.9501953125,9147.75,9087.2001953125,9121.5,development,0.08459167119084993,low,8980.1474609375,8738.01794921875,8980.1474609375,uptrend,uptrend_low
2017-03-22,9047.2001953125,9072.900390625,9019.2998046875,9030.4501953125,development,0.09203849080046131,low,8987.7099609375,8753.75095703125,8987.7099609375,uptrend,uptrend_low
2017-03-23,9048.75,9099.0498046875,9048.599609375,9086.2998046875,development,0.09363206263890227,low,8996.632470703125,8770.75595703125,8996.632470703125,uptrend,uptrend_low
2017-03-24,9104.0,9133.5498046875,9089.400390625,9108.0,development,0.09367619159113068,low,9005.687451171874,8787.14396484375,9005.687451171874,uptrend,uptrend_low
2017-03-27,9093.4501953125,9094.849609375,9024.650390625,9045.2001953125,development,0.09776810744302468,low,9010.9724609375,8800.4349609375,9010.9724609375,uptrend,uptrend_low
2017-03-28,9081.5,9110.400390625,9079.7998046875,9100.7998046875,development,0.09747151138328014,low,9021.17744140625,8814.306953125,9021.17744140625,uptrend,uptrend_low
2017-03-29,9128.7001953125,9153.150390625,9109.099609375,9143.7998046875,development,0.0975462022578221,low,9034.387451171875,8829.17595703125,9034.387451171875,uptrend,uptrend_low
2017-03-30,9142.599609375,9183.150390625,9136.349609375,9173.75,development,0.0952545313516872,low,9045.7849609375,8844.3949609375,9045.7849609375,uptrend,uptrend_low
2017-03-31,9158.900390625,9191.7001953125,9152.099609375,9173.75,development,0.09235895167663992,low,9059.4849609375,8859.9099609375,9059.4849609375,uptrend,uptrend_low
2017-04-03,9220.599609375,9245.349609375,9192.400390625,9237.849609375,development,0.09406349769141628,low,9076.499951171874,8876.326953125,9076.499951171874,uptrend,uptrend_low
2017-04-05,9264.400390625,9273.900390625,9215.400390625,9265.150390625,development,0.09190656834718688,low,9091.5849609375,8892.92796875,9091.5849609375,uptrend,uptrend_low
2017-04-06,9245.7998046875,9267.9501953125,9218.849609375,9261.9501953125,development,0.09129677262125342,low,9107.337451171876,8911.17998046875,9107.337451171876,uptrend,uptrend_low
2017-04-07,9223.7001953125,9250.5,9188.099609375,9198.2998046875,development,0.09521448857215017,low,9121.037451171875,8927.3159765625,9121.037451171875,uptrend,uptrend_low
2017-04-10,9225.599609375,9225.650390625,9174.849609375,9181.4501953125,development,0.09587860000464925,low,9133.7599609375,8941.428984375,9133.7599609375,uptrend,uptrend_low
2017-04-11,9184.5498046875,9242.7001953125,9172.849609375,9237.0,development,0.09723288389017472,low,9148.882470703125,8954.113984375,9148.882470703125,uptrend,uptrend_low
2017-04-12,9242.5,9246.400390625,9161.7998046875,9203.4501953125,development,0.0800498329652188,low,9154.70498046875,8965.35798828125,9154.70498046875,uptrend,uptrend_low
2017-04-13,9202.5,9202.650390625,9144.9501953125,9150.7998046875,development,0.08316048143778416,low,9158.00498046875,8975.718984375,9158.00498046875,downtrend,downtrend_low
2017-04-17,9144.75,9160.0,9120.25,9139.2998046875,development,0.07880258294889526,low,9157.2849609375,8987.278984375,9157.2849609375,downtrend,downtrend_low
2017-04-18,9163.0,9217.900390625,9095.4501953125,9105.150390625,development,0.07979820187518044,low,9154.539990234374,8995.053984375,9154.539990234374,downtrend,downtrend_low
2017-04-19,9112.2001953125,9120.5,9075.150390625,9103.5,development,0.07881905921521665,low,9153.372509765624,9002.438984375,9153.372509765624,downtrend,downtrend_low
2017-04-20,9108.099609375,9143.900390625,9102.650390625,9136.400390625,development,0.07988983246176175,low,9154.117529296875,9010.34798828125,9154.117529296875,downtrend,downtrend_low
2017-04-21,9179.099609375,9183.650390625,9088.75,9119.400390625,development,0.07101319956312258,low,9158.5650390625,9016.715,9158.5650390625,downtrend,downtrend_low
2017-04-24,9135.349609375,9225.400390625,9130.5498046875,9217.9501953125,development,0.07751802595327778,low,9165.14755859375,9025.7080078125,9165.14755859375,uptrend,uptrend_low
2017-04-25,9273.0498046875,9309.2001953125,9250.349609375,9306.599609375,development,0.08357799532949858,low,9175.0775390625,9036.45900390625,9175.0775390625,uptrend,uptrend_low
2017-04-26,9336.2001953125,9367.0,9301.349609375,9351.849609375,development,0.0789681258102399,low,9190.410009765625,9047.92798828125,9190.410009765625,uptrend,uptrend_low
2017-04-27,9359.150390625,9367.150390625,9322.650390625,9342.150390625,development,0.07768554384566853,low,9202.4775390625,9058.9,9202.4775390625,uptrend,uptrend_low
2017-04-28,9340.9501953125,9342.650390625,9282.25,9304.0498046875,development,0.07884555978827,low,9210.4900390625,9068.88,9210.4900390625,uptrend,uptrend_low
2017-05-02,9339.849609375,9352.5498046875,9269.900390625,9313.7998046875,development,0.07834311136651034,low,9217.492529296875,9079.31,9217.492529296875,uptrend,uptrend_low
2017-05-03,9344.7001953125,9346.2998046875,9298.400390625,9311.9501953125,development,0.0783721439567745,low,9224.4025390625,9091.055,9224.4025390625,uptrend,uptrend_low
2017-05-04,9360.9501953125,9365.650390625,9323.25,9359.900390625,development,0.07668847562300633,low,9230.505078125,9102.6930078125,9230.505078125,uptrend,uptrend_low
2017-05-05,9374.5498046875,9377.099609375,9272.0,9285.2998046875,development,0.08198857577465328,low,9231.512548828125,9111.965,9231.512548828125,uptrend,uptrend_low
2017-05-08,9311.4501953125,9338.7001953125,9297.9501953125,9314.0498046875,development,0.08263638098626773,low,9234.117529296875,9120.6619921875,9234.117529296875,uptrend,uptrend_low
2017-05-09,9337.349609375,9338.9501953125,9307.7001953125,9316.849609375,development,0.0781897980471957,low,9240.04501953125,9128.8419921875,9240.04501953125,uptrend,uptrend_low
2017-05-10,9339.650390625,9414.75,9336.0,9407.2998046875,development,0.0838527788731448,low,9251.3375,9138.44998046875,9251.3375,uptrend,uptrend_low
2017-05-11,9448.599609375,9450.650390625,9411.2998046875,9422.400390625,development,0.08192540515194968,low,9260.60751953125,9148.10798828125,9260.60751953125,uptrend,uptrend_low
2017-05-12,9436.650390625,9437.75,9372.5498046875,9400.900390625,development,0.08104682252124491,low,9270.480029296876,9158.1919921875,9270.480029296876,uptrend,uptrend_low
2017-05-15,9433.5498046875,9449.25,9423.099609375,9445.400390625,development,0.07785451820712373,low,9285.21005859375,9169.5080078125,9285.21005859375,uptrend,uptrend_low
2017-05-16,9461.0,9517.2001953125,9456.349609375,9512.25,development,0.07940795530504587,low,9303.857568359375,9180.83701171875,9303.857568359375,uptrend,uptrend_low
2017-05-17,9517.599609375,9532.599609375,9486.099609375,9525.75,development,0.07651230497582805,low,9324.887548828125,9193.35701171875,9324.887548828125,uptrend,uptrend_low
2017-05-18,9453.2001953125,9489.099609375,9418.099609375,9429.4501953125,development,0.08798887472611151,low,9341.18505859375,9203.99501953125,9341.18505859375,uptrend,uptrend_low
2017-05-19,9469.900390625,9505.75,9390.75,9427.900390625,development,0.08796368252979861,low,9355.76005859375,9213.2840234375,9355.76005859375,uptrend,uptrend_low
2017-05-22,9480.25,9498.650390625,9427.900390625,9438.25,development,0.08704822129302264,low,9371.7025390625,9223.111015625,9371.7025390625,uptrend,uptrend_low
2017-05-23,9445.0498046875,9448.0498046875,9370.0,9386.150390625,development,0.08370697767596325,low,9380.112548828125,9232.34802734375,9380.112548828125,uptrend,uptrend_low
2017-05-24,9410.900390625,9431.900390625,9341.650390625,9360.5498046875,development,0.07796352673398582,low,9382.81005859375,9241.0190234375,9382.81005859375,downtrend,downtrend_low
2017-05-25,9384.0498046875,9523.2998046875,9379.2001953125,9509.75,development,0.09468224468360231,low,9390.705078125,9252.52302734375,9390.705078125,uptrend,uptrend_low
2017-05-26,9507.75,9604.900390625,9495.400390625,9595.099609375,development,0.09861755445734367,low,9403.3525390625,9262.68501953125,9403.3525390625,uptrend,uptrend_low
2017-05-29,9560.0498046875,9637.75,9547.7001953125,9604.900390625,development,0.09653034468856929,low,9418.395068359376,9273.08703125,9418.395068359376,uptrend,uptrend_low
2017-05-30,9590.650390625,9635.2998046875,9581.2001953125,9624.5498046875,development,0.09651827028331646,low,9433.932568359374,9282.5040234375,9433.932568359374,uptrend,uptrend_low
2017-05-31,9636.5498046875,9649.599609375,9609.25,9621.25,development,0.09655646362708223,low,9449.39755859375,9291.72802734375,9449.39755859375,uptrend,uptrend_low
2017-06-01,9603.5498046875,9634.650390625,9589.900390625,9616.099609375,development,0.09593252231286543,low,9462.20751953125,9301.51302734375,9462.20751953125,uptrend,uptrend_low
2017-06-02,9657.150390625,9673.5,9637.4501953125,9653.5,development,0.08965143811804707,low,9480.617529296875,9312.15302734375,9480.617529296875,uptrend,uptrend_low
2017-06-05,9656.2998046875,9687.2001953125,9640.7001953125,9675.099609375,development,0.08955902758662755,low,9498.67001953125,9325.046015625,9498.67001953125,uptrend,uptrend_low
2017-06-06,9704.25,9709.2998046875,9630.2001953125,9637.150390625,development,0.09179733854637731,low,9514.68505859375,9336.06302734375,9514.68505859375,uptrend,uptrend_low
2017-06-07,9663.9501953125,9678.5498046875,9630.5498046875,9663.900390625,development,0.08695389600084008,low,9527.515087890624,9347.18103515625,9527.515087890624,uptrend,uptrend_low
2017-06-08,9682.400390625,9688.7001953125,9641.5,9647.25,development,0.08762966192244263,low,9538.757568359375,9359.22203125,9538.757568359375,uptrend,uptrend_low
2017-06-09,9638.5498046875,9676.25,9608.150390625,9668.25,development,0.08670823871595636,low,9552.125048828126,9370.57103515625,9552.125048828126,uptrend,uptrend_low
2017-06-12,9646.7001953125,9647.0498046875,9598.5,9616.400390625,development,0.08896371849621743,low,9560.675048828125,9380.023046875,9560.675048828125,uptrend,uptrend_low
2017-06-13,9615.5498046875,9654.150390625,9595.400390625,9606.900390625,development,0.08611147652177628,low,9565.407568359375,9388.6860546875,9565.407568359375,uptrend,uptrend_low
2017-06-14,9621.5498046875,9627.400390625,9580.4501953125,9618.150390625,development,0.08608118697477184,low,9570.027587890625,9397.5740625,9570.027587890625,uptrend,uptrend_low
2017-06-15,9617.900390625,9621.400390625,9560.7998046875,9578.0498046875,development,0.0786343186138951,low,9577.457568359376,9404.37806640625,9577.457568359376,uptrend,uptrend_low
2017-06-16,9595.4501953125,9615.849609375,9565.5,9588.0498046875,development,0.07855599783393588,low,9585.4650390625,9410.8360546875,9585.4650390625,uptrend,uptrend_low
2017-06-19,9626.400390625,9673.2998046875,9614.900390625,9657.5498046875,development,0.08177707627984777,low,9596.430029296875,9418.748046875,9596.430029296875,uptrend,uptrend_low
2017-06-20,9670.5,9676.5,9643.75,9653.5,development,0.07817448672950435,low,9609.797509765625,9427.85205078125,9609.797509765625,uptrend,uptrend_low
2017-06-21,9648.099609375,9650.4501953125,9608.599609375,9633.599609375,development,0.07774074995847538,low,9623.45,9436.8950390625,9623.45,uptrend,uptrend_low
2017-06-22,9642.650390625,9698.849609375,9617.75,9630.0,development,0.05591793314707166,low,9629.4625,9444.7550390625,9629.4625,uptrend,uptrend_low
2017-06-23,9643.25,9647.650390625,9565.2998046875,9574.9501953125,development,0.05095064796431411,low,9628.455029296874,9452.1850390625,9628.455029296874,downtrend,downtrend_low
2017-06-27,9594.0498046875,9615.400390625,9473.4501953125,9511.400390625,development,0.055741647381635645,low,9623.780029296875,9459.39705078125,9623.780029296875,downtrend,downtrend_low
2017-06-28,9520.2001953125,9522.5,9474.349609375,9491.25,development,0.055193130438020974,low,9617.1150390625,9466.4360546875,9617.1150390625,downtrend,downtrend_low
2017-06-29,9522.9501953125,9575.7998046875,9493.7998046875,9504.099609375,development,0.05566182645331162,low,9611.25751953125,9474.4150390625,9611.25751953125,downtrend,downtrend_low
2017-06-30,9478.5,9535.7998046875,9448.75,9520.900390625,development,0.05629760271244347,low,9606.49755859375,9482.763046875,9606.49755859375,downtrend,downtrend_low
2017-07-03,9587.9501953125,9624.0,9543.5498046875,9615.0,development,0.06571663147152312,low,9604.57255859375,9492.3350390625,9604.57255859375,uptrend,uptrend_low
2017-07-04,9645.900390625,9650.650390625,9595.5,9613.2998046875,development,0.06508878756354601,low,9601.482568359375,9502.21302734375,9601.482568359375,uptrend,uptrend_low
2017-07-05,9619.75,9643.650390625,9607.349609375,9637.599609375,development,0.06436690378127669,low,9601.505029296875,9510.606015625,9601.505029296875,uptrend,uptrend_low
2017-07-06,9653.599609375,9700.7001953125,9639.9501953125,9674.5498046875,development,0.06507566864025048,low,9602.0375,9517.96501953125,9602.0375,uptrend,uptrend_low
2017-07-07,9670.349609375,9684.25,9642.650390625,9665.7998046875,development,0.06484216669482609,low,9602.964990234375,9524.2440234375,9602.964990234375,uptrend,uptrend_low
2017-07-10,9719.2998046875,9782.150390625,9646.4501953125,9771.0498046875,development,0.07509919731718769,low,9608.10498046875,9532.82201171875,9608.10498046875,uptrend,uptrend_low
2017-07-11,9797.4501953125,9830.0498046875,9778.849609375,9786.0498046875,development,0.0718290121796347,low,9616.587451171876,9542.46201171875,9616.587451171876,uptrend,uptrend_low
2017-07-12,9807.2998046875,9824.9501953125,9787.7001953125,9816.099609375,development,0.07187055699146205,low,9627.047412109376,9552.5080078125,9627.047412109376,uptrend,uptrend_low
2017-07-13,9855.7998046875,9897.25,9853.4501953125,9891.7001953125,development,0.07561248939989765,low,9640.72490234375,9564.1030078125,9640.72490234375,uptrend,uptrend_low
2017-07-14,9913.2998046875,9913.2998046875,9845.4501953125,9886.349609375,development,0.07311471962446624,low,9656.139892578125,9574.6319921875,9656.139892578125,uptrend,uptrend_low
2017-07-17,9908.150390625,9928.2001953125,9894.7001953125,9915.9501953125,development,0.07324724008453679,low,9672.534912109375,9587.245,9672.534912109375,uptrend,uptrend_low
2017-07-18,9832.7001953125,9885.349609375,9792.0498046875,9827.150390625,development,0.07928086399093309,low,9681.01494140625,9597.50701171875,9681.01494140625,uptrend,uptrend_low
2017-07-19,9855.9501953125,9905.0498046875,9851.650390625,9899.599609375,development,0.08234866863283985,low,9693.319921875,9609.16201171875,9693.319921875,uptrend,uptrend_low
2017-07-20,9920.2001953125,9922.5498046875,9863.4501953125,9873.2998046875,development,0.0826946163386756,low,9705.304931640625,9618.48201171875,9705.304931640625,uptrend,uptrend_low
2017-07-21,9899.599609375,9924.7001953125,9838.0,9915.25,development,0.0831231791493346,low,9719.567431640626,9628.33900390625,9719.567431640626,uptrend,uptrend_low
2017-07-24,9936.7998046875,9982.0498046875,9919.599609375,9966.400390625,development,0.07953285545096932,low,9739.13994140625,9639.64900390625,9739.13994140625,uptrend,uptrend_low
2017-07-25,10010.5498046875,10011.2998046875,9949.099609375,9964.5498046875,development,0.07327236108047935,low,9761.797412109376,9650.0319921875,9761.797412109376,uptrend,uptrend_low
2017-07-26,9983.650390625,10025.9501953125,9965.9501953125,10020.650390625,development,0.07217300797001665,low,9788.267431640625,9660.2,9788.267431640625,uptrend,uptrend_low
2017-07-27,10063.25,10114.849609375,10005.5,10020.5498046875,development,0.07267787591170546,low,9814.08994140625,9670.09599609375,9814.08994140625,uptrend,uptrend_low
2017-07-28,9996.5498046875,10026.0498046875,9944.5,10014.5,development,0.07354598890687526,low,9838.769921875,9681.7969921875,9838.769921875,uptrend,uptrend_low
2017-07-31,10034.7001953125,10085.900390625,10016.9501953125,10077.099609375,development,0.06976908980935818,low,9861.87490234375,9694.7809765625,9861.87490234375,uptrend,uptrend_low
2017-08-01,10101.0498046875,10128.599609375,10065.75,10114.650390625,development,0.06926135193394357,low,9886.942431640626,9708.308984375,9886.942431640626,uptrend,uptrend_low
2017-08-02,10136.2998046875,10137.849609375,10054.2001953125,10081.5,development,0.07228986403896215,low,9909.137451171875,9722.2159765625,9909.137451171875,uptrend,uptrend_low
2017-08-03,10081.150390625,10081.150390625,9998.25,10013.650390625,development,0.0786892686425367,low,9926.09248046875,9735.27798828125,9926.09248046875,uptrend,uptrend_low
2017-08-04,10008.599609375,10075.25,9988.349609375,10066.400390625,development,0.07899216118551008,low,9946.122509765624,9746.41099609375,9946.122509765624,uptrend,uptrend_low
2017-08-07,10074.7998046875,10088.099609375,10046.349609375,10057.400390625,development,0.07228181432865706,low,9960.4400390625,9755.65701171875,9960.4400390625,uptrend,uptrend_low
2017-08-08,10068.349609375,10083.7998046875,9947.0,9978.5498046875,development,0.07944956107280798,low,9970.0650390625,9763.13,9970.0650390625,uptrend,uptrend_low
2017-08-09,9961.150390625,9969.7998046875,9893.0498046875,9908.0498046875,development,0.08394222169876733,low,9974.662548828124,9768.8,9974.662548828124,downtrend,downtrend_low
2017-08-10,9872.849609375,9892.650390625,9776.2001953125,9820.25,development,0.08561457099733721,low,9971.0900390625,9772.78,9971.0900390625,downtrend,downtrend_low
2017-08-11,9712.150390625,9771.650390625,9685.5498046875,9710.7998046875,development,0.0938130202309923,medium,9962.312548828126,9774.67400390625,9962.312548828126,downtrend,downtrend_medium
2017-08-14,9755.75,9818.2998046875,9752.099609375,9794.150390625,development,0.09883669992486838,medium,9956.22255859375,9777.48701171875,9956.22255859375,downtrend,downtrend_medium
2017-08-16,9825.849609375,9903.9501953125,9773.849609375,9897.2998046875,development,0.1011638694177609,medium,9959.730029296876,9781.931015625,9959.730029296876,downtrend,downtrend_medium
2017-08-17,9945.5498046875,9947.7998046875,9883.75,9904.150390625,development,0.0977571918323293,medium,9959.957568359376,9787.271015625,9959.957568359376,downtrend,downtrend_medium
2017-08-18,9865.9501953125,9865.9501953125,9783.650390625,9837.400390625,development,0.10029300747437127,medium,9958.16259765625,9790.741015625,9958.16259765625,downtrend,downtrend_medium
2017-08-21,9864.25,9884.349609375,9740.099609375,9754.349609375,development,0.1029700198292302,medium,9950.117578125,9792.8830078125,9950.117578125,downtrend,downtrend_medium
2017-08-22,9815.75,9828.4501953125,9752.599609375,9765.5498046875,development,0.1008554005611384,medium,9940.075048828125,9794.82900390625,9940.075048828125,downtrend,downtrend_medium
2017-08-23,9803.0498046875,9857.900390625,9786.75,9852.5,development,0.10681157725465806,medium,9934.47255859375,9799.55099609375,9934.47255859375,downtrend,downtrend_medium
2017-08-24,9881.2001953125,9881.5,9848.849609375,9857.0498046875,development,0.10439769529710265,medium,9926.292529296876,9804.553984375,9926.292529296876,downtrend,downtrend_medium
2017-08-28,9907.150390625,9925.75,9882.0,9912.7998046875,development,0.10687572678251225,medium,9920.905029296875,9810.44697265625,9920.905029296875,downtrend,downtrend_medium
2017-08-29,9886.400390625,9887.349609375,9783.75,9796.0498046875,development,0.1141086289986691,high,9909.98251953125,9814.80697265625,9909.98251953125,downtrend,downtrend_high
2017-08-30,9859.5,9909.4501953125,9850.7998046875,9884.400390625,development,0.1168564819875741,high,9900.34755859375,9820.733984375,9900.34755859375,downtrend,downtrend_high
2017-08-31,9905.7001953125,9925.099609375,9856.9501953125,9917.900390625,development,0.1166839409554743,high,9890.51005859375,9825.94099609375,9890.51005859375,uptrend,uptrend_high
2017-09-01,9937.650390625,9983.4501953125,9909.849609375,9974.400390625,development,0.1186477158874122,high,9885.155078125,9832.35900390625,9885.155078125,uptrend,uptrend_high
2017-09-04,9984.150390625,9988.400390625,9861.0,9912.849609375,development,0.11827471956329826,high,9880.1150390625,9837.94400390625,9880.1150390625,uptrend,uptrend_high
2017-09-05,9933.25,9963.099609375,9901.0498046875,9952.2001953125,development,0.11752547750103755,high,9874.405029296875,9844.3880078125,9874.405029296875,uptrend,uptrend_high
2017-09-06,9899.25,9931.5498046875,9882.5498046875,9916.2001953125,development,0.11802943656189191,high,9867.34501953125,9851.2130078125,9867.34501953125,uptrend,uptrend_high
2017-09-07,9945.849609375,9964.849609375,9917.2001953125,9929.900390625,development,0.11511330504142896,high,9864.912548828124,9859.5830078125,9864.912548828124,uptrend,uptrend_high
2017-09-08,9958.650390625,9963.599609375,9913.2998046875,9934.7998046875,development,0.11224233868268947,medium,9866.250048828126,9868.45400390625,9866.250048828126,uptrend,uptrend_medium
2017-09-11,9971.75,10028.650390625,9968.7998046875,10006.0498046875,development,0.1095495451533211,medium,9875.5400390625,9878.4930078125,9875.5400390625,uptrend,uptrend_medium
2017-09-12,10056.849609375,10097.5498046875,10028.0498046875,10093.0498046875,development,0.10290693783696896,medium,9894.6525390625,9889.93599609375,9894.6525390625,uptrend,uptrend_medium
2017-09-13,10099.25,10131.9501953125,10063.150390625,10079.2998046875,development,0.10043290061674498,medium,9908.910009765625,9899.2219921875,9908.910009765625,uptrend,uptrend_medium
2017-09-14,10107.400390625,10126.5,10070.349609375,10086.599609375,development,0.09453752045121443,medium,9918.375,9908.68798828125,9918.375,uptrend,uptrend_medium
2017-09-15,10062.349609375,10115.150390625,10043.650390625,10085.400390625,development,0.09461232746987756,medium,9927.4375,9917.64400390625,9927.4375,uptrend,uptrend_medium
2017-09-18,10133.099609375,10171.7001953125,10131.2998046875,10153.099609375,development,0.092178816813925,medium,9943.2224609375,9927.215,9943.2224609375,uptrend,uptrend_medium
2017-09-19,10175.599609375,10178.9501953125,10129.9501953125,10147.5498046875,development,0.08473389939428926,low,9962.882470703125,9936.85,9962.882470703125,uptrend,uptrend_low
2017-09-20,10160.9501953125,10171.0498046875,10134.2001953125,10141.150390625,development,0.08520265938178238,low,9981.6625,9944.25201171875,9981.6625,uptrend,uptrend_low
2017-09-21,10139.599609375,10158.900390625,10058.599609375,10121.900390625,development,0.08199741016498067,low,9995.13251953125,9950.9690234375,9995.13251953125,uptrend,uptrend_low
2017-09-22,10094.349609375,10095.0498046875,9952.7998046875,9964.400390625,development,0.1016900323816135,medium,10000.500048828126,9953.9350390625,10000.500048828126,downtrend,downtrend_medium
2017-09-25,9960.099609375,9960.5,9816.0498046875,9872.599609375,development,0.1054376704381099,medium,9998.4900390625,9953.55302734375,9998.4900390625,downtrend,downtrend_medium
2017-09-26,9875.25,9891.349609375,9813.0,9871.5,development,0.09614356856206868,medium,10002.262548828125,9953.25603515625,10002.262548828125,downtrend,downtrend_medium
2017-09-27,9920.599609375,9921.0498046875,9714.400390625,9735.75,development,0.10281725064934481,medium,9994.830029296874,9949.65203125,9994.830029296874,downtrend,downtrend_medium
2017-09-28,9736.400390625,9789.2001953125,9687.5498046875,9768.9501953125,development,0.10282843075880879,medium,9987.38251953125,9948.48802734375,9987.38251953125,downtrend,downtrend_medium
2017-09-29,9814.2998046875,9854.0,9775.349609375,9788.599609375,development,0.10057796185543241,medium,9978.09248046875,9946.26802734375,9978.09248046875,downtrend,downtrend_medium
2017-10-03,9893.2998046875,9895.400390625,9831.0498046875,9859.5,development,0.10254237213811154,medium,9975.425,9945.99203125,9975.425,downtrend,downtrend_medium
2017-10-04,9884.349609375,9938.2998046875,9850.650390625,9914.900390625,development,0.10360415640566314,medium,9973.560009765624,9945.9850390625,9973.560009765624,downtrend,downtrend_medium
2017-10-05,9927.0,9945.9501953125,9881.849609375,9888.7001953125,development,0.10323075521004522,medium,9972.185009765624,9944.43103515625,9972.185009765624,downtrend,downtrend_medium
2017-10-06,9908.150390625,9989.349609375,9906.599609375,9979.7001953125,development,0.1083444236083164,medium,9974.675,9944.73404296875,9974.675,uptrend,uptrend_medium
2017-10-09,9988.2001953125,10015.75,9959.4501953125,9988.75,development,0.10836554630083568,medium,9977.372509765624,9944.09603515625,9977.372509765624,uptrend,uptrend_medium
2017-10-10,10013.7001953125,10034.0,10002.2998046875,10016.9501953125,development,0.10577281264909832,medium,9977.917529296876,9944.02404296875,9977.917529296876,uptrend,uptrend_medium
2017-10-11,10042.599609375,10067.25,9955.7998046875,9984.7998046875,development,0.10125088732124878,medium,9972.505029296875,9943.4300390625,9972.505029296875,uptrend,uptrend_medium
2017-10-12,10011.2001953125,10104.4501953125,9977.099609375,10096.400390625,development,0.10932797351777317,medium,9973.36005859375,9943.8160546875,9973.36005859375,uptrend,uptrend_medium
2017-10-13,10123.7001953125,10191.900390625,10120.099609375,10167.4501953125,development,0.11206271069460438,high,9977.402587890625,9944.87205078125,9977.402587890625,uptrend,uptrend_high
2017-10-16,10207.400390625,10242.9501953125,10175.099609375,10230.849609375,development,0.11390996256658552,high,9984.675048828125,9947.85904296875,9984.675048828125,uptrend,uptrend_high
2017-10-17,10227.650390625,10251.849609375,10212.599609375,10234.4501953125,development,0.11170339284935486,high,9988.742578125,9952.2750390625,9988.742578125,uptrend,uptrend_high
2017-10-18,10209.400390625,10236.4501953125,10175.75,10210.849609375,development,0.11207982843713533,high,9991.907568359375,9955.1640234375,9991.907568359375,uptrend,uptrend_high
2017-10-19,10210.349609375,10211.9501953125,10123.349609375,10146.5498046875,development,0.1145058110940257,high,9992.1775390625,9956.94701171875,9992.1775390625,uptrend,uptrend_high
2017-10-23,10176.650390625,10224.150390625,10124.5,10184.849609375,development,0.1149943027063536,high,9995.325,9961.0730078125,9995.325,uptrend,uptrend_high
2017-10-24,10218.5498046875,10237.75,10182.400390625,10207.7001953125,development,0.09854283820007079,medium,10007.489990234375,9967.066015625,10007.489990234375,uptrend,uptrend_medium
2017-10-25,10321.150390625,10340.5498046875,10240.900390625,10295.349609375,development,0.09367089635256923,medium,10028.627490234376,9976.5680078125,10028.627490234376,uptrend,uptrend_medium
2017-10-26,10291.7998046875,10355.650390625,10271.849609375,10343.7998046875,development,0.09371295726531559,medium,10052.24248046875,9989.2280078125,10052.24248046875,uptrend,uptrend_medium
2017-10-27,10362.2998046875,10366.150390625,10311.2998046875,10323.0498046875,development,0.0741736400754492,low,10081.607470703126,9999.80599609375,10081.607470703126,uptrend,uptrend_low
2017-10-30,10353.849609375,10384.5,10344.2998046875,10363.650390625,development,0.07424047153850635,low,10111.34248046875,10009.1330078125,10111.34248046875,uptrend,uptrend_low
2017-10-31,10364.900390625,10367.7001953125,10323.9501953125,10335.2998046875,development,0.07691696141800124,low,10138.677490234375,10017.75599609375,10138.677490234375,uptrend,uptrend_low
2017-11-01,10390.349609375,10451.650390625,10383.0498046875,10440.5,development,0.07985030205130761,low,10167.727490234374,10029.81798828125,10167.727490234374,uptrend,uptrend_low
2017-11-02,10440.5,10453.0,10412.5498046875,10423.7998046875,development,0.08067190149750907,low,10193.1724609375,10043.2069921875,10193.1724609375,uptrend,uptrend_low
2017-11-03,10461.5498046875,10461.7001953125,10403.599609375,10452.5,development,0.07833372065944734,low,10221.362451171875,10056.94599609375,10221.362451171875,uptrend,uptrend_low
2017-11-06,10431.75,10490.4501953125,10413.75,10451.7998046875,development,0.07511019053107766,low,10244.967431640625,10068.9319921875,10244.967431640625,uptrend,uptrend_low
2017-11-07,10477.150390625,10485.75,10340.7998046875,10350.150390625,development,0.08640443210468549,medium,10263.037451171875,10078.79400390625,10263.037451171875,uptrend,uptrend_medium
2017-11-08,10361.9501953125,10384.25,10285.5,10303.150390625,development,0.08915010592319414,medium,10277.3474609375,10086.601015625,10277.3474609375,uptrend,uptrend_medium
2017-11-09,10358.650390625,10368.4501953125,10266.9501953125,10308.9501953125,development,0.08754041321604314,medium,10293.55498046875,10096.8590234375,10293.55498046875,uptrend,uptrend_medium
2017-11-10,10304.349609375,10344.9501953125,10254.099609375,10321.75,development,0.07991577443390031,low,10304.8224609375,10105.606015625,10304.8224609375,uptrend,uptrend_low
2017-11-13,10322.0,10334.150390625,10216.25,10224.9501953125,development,0.08487427486171305,medium,10307.6974609375,10111.74701171875,10307.6974609375,downtrend,downtrend_medium
2017-11-14,10223.400390625,10248.0,10175.5498046875,10186.599609375,development,0.0829861226524697,low,10305.4849609375,10115.99099609375,10305.4849609375,downtrend,downtrend_low
2017-11-15,10171.9501953125,10175.4501953125,10094.0,10118.0498046875,development,0.08610548034751862,medium,10299.66494140625,10120.095,10299.66494140625,downtrend,downtrend_medium
2017-11-16,10152.900390625,10232.25,10139.2001953125,10214.75,development,0.09293697416768844,medium,10299.8599609375,10125.34599609375,10299.8599609375,downtrend,downtrend_medium
2017-11-17,10324.5498046875,10343.599609375,10268.0498046875,10283.599609375,development,0.09267649541963253,medium,10306.712451171876,10132.693984375,10306.712451171876,downtrend,downtrend_medium
2017-11-20,10287.2001953125,10309.849609375,10261.5,10298.75,development,0.09201732479357679,medium,10312.407470703125,10140.0709765625,10312.407470703125,downtrend,downtrend_medium
2017-11-21,10329.25,10358.7001953125,10315.0498046875,10326.900390625,development,0.09215164928668602,medium,10318.36748046875,10147.91298828125,10318.36748046875,uptrend,uptrend_medium
2017-11-22,10350.7998046875,10368.7001953125,10309.5498046875,10342.2998046875,development,0.08730661668617484,medium,10320.714990234375,10154.63798828125,10320.714990234375,uptrend,uptrend_medium
2017-11-23,10358.4501953125,10374.2998046875,10307.2998046875,10348.75,development,0.08572637671951731,medium,10320.9625,10159.7519921875,10320.9625,uptrend,uptrend_medium
2017-11-24,10366.7998046875,10404.5,10362.25,10389.7001953125,development,0.08645089576559689,medium,10324.29501953125,10165.96,10324.29501953125,uptrend,uptrend_medium
2017-11-27,10361.0498046875,10407.150390625,10340.2001953125,10399.5498046875,development,0.08544709594560257,medium,10326.089990234375,10172.21900390625,10326.089990234375,uptrend,uptrend_medium
2017-11-28,10387.900390625,10409.5498046875,10355.2001953125,10370.25,development,0.08548469983353715,medium,10327.8375,10177.91599609375,10327.8375,uptrend,uptrend_medium
2017-11-29,10376.650390625,10392.9501953125,10345.900390625,10361.2998046875,development,0.07691547489976097,low,10323.877490234376,10182.08,10323.877490234376,uptrend,uptrend_low
2017-11-30,10332.7001953125,10332.7001953125,10211.25,10226.5498046875,development,0.08903502694116074,medium,10314.014990234375,10183.66,10314.014990234375,downtrend,downtrend_medium
2017-12-01,10263.7001953125,10272.7001953125,10108.5498046875,10121.7998046875,development,0.09371360722989462,medium,10297.47998046875,10183.27298828125,10297.47998046875,downtrend,downtrend_medium
2017-12-04,10175.0498046875,10179.2001953125,10095.7001953125,10127.75,development,0.09388339650798593,medium,10281.277490234375,10183.38998046875,10281.277490234375,downtrend,downtrend_medium
2017-12-05,10118.25,10147.9501953125,10069.099609375,10118.25,development,0.08878595077680392,medium,10269.682470703125,10186.46697265625,10269.682470703125,downtrend,downtrend_medium
2017-12-06,10088.7998046875,10104.2001953125,10033.349609375,10044.099609375,development,0.09074123978451121,medium,10256.729931640624,10189.89697265625,10256.729931640624,downtrend,downtrend_medium
2017-12-07,10063.4501953125,10182.650390625,10061.900390625,10166.7001953125,development,0.10248978009722569,high,10249.617431640625,10195.8009765625,10249.617431640625,downtrend,downtrend_high
2017-12-08,10198.4501953125,10270.849609375,10195.25,10265.650390625,development,0.10883123143222033,high,10246.812451171874,10206.398984375,10246.812451171874,uptrend,uptrend_high
2017-12-11,10310.5,10329.2001953125,10282.0498046875,10322.25,development,0.10503640652183689,high,10251.67744140625,10217.46498046875,10251.67744140625,uptrend,uptrend_high
2017-12-12,10324.900390625,10326.099609375,10230.2001953125,10240.150390625,development,0.10829826167520587,high,10254.35498046875,10226.49599609375,10254.35498046875,downtrend,downtrend_high
2017-12-13,10236.599609375,10296.5498046875,10169.849609375,10192.9501953125,development,0.10672726683020364,high,10258.1,10233.165,10258.1,downtrend,downtrend_high
2017-12-14,10229.2998046875,10276.099609375,10141.5498046875,10252.099609375,development,0.10322502663922971,high,10259.96748046875,10239.908984375,10259.96748046875,downtrend,downtrend_high
2017-12-15,10345.650390625,10373.099609375,10319.650390625,10333.25,development,0.10429105776111583,high,10262.45,10248.79998046875,10262.45,uptrend,uptrend_high
2017-12-18,10263.099609375,10443.5498046875,10074.7998046875,10388.75,development,0.10579863220518677,high,10266.95,10256.9809765625,10266.95,uptrend,uptrend_high
2017-12-19,10414.7998046875,10472.2001953125,10406.0,10463.2001953125,development,0.10820691445789143,high,10273.764990234375,10266.46998046875,10273.764990234375,uptrend,uptrend_high
2017-12-20,10494.400390625,10494.4501953125,10437.150390625,10444.2001953125,development,0.10851357033571978,high,10278.860009765625,10275.01498046875,10278.860009765625,uptrend,uptrend_high
2017-12-21,10473.9501953125,10473.9501953125,10426.900390625,10440.2998046875,development,0.10855774298157073,high,10283.4375,10284.12498046875,10283.4375,uptrend,uptrend_high
2017-12-22,10457.2998046875,10501.099609375,10448.25,10493.0,development,0.10909114118304322,high,10288.602490234374,10292.05697265625,10288.602490234374,uptrend,uptrend_high
2017-12-26,10512.2998046875,10545.4501953125,10477.9501953125,10531.5,development,0.10965977337982617,high,10295.2,10299.33796875,10295.2,uptrend,uptrend_high
2017-12-27,10531.0498046875,10552.400390625,10469.25,10490.75,development,0.11016376383692118,high,10301.225,10304.5359765625,10301.225,uptrend,uptrend_high
2017-12-28,10498.2001953125,10534.5498046875,10460.4501953125,10477.900390625,development,0.11023498356855974,high,10307.055029296875,10309.40498046875,10307.055029296875,uptrend,uptrend_high
2017-12-29,10492.349609375,10538.7001953125,10488.650390625,10530.7001953125,development,0.09874470802968816,medium,10322.262548828125,10315.8019921875,10322.262548828125,uptrend,uptrend_medium
2018-01-02,10477.5498046875,10495.2001953125,10404.650390625,10442.2001953125,development,0.09602625131255646,medium,10338.282568359375,10321.715,10338.282568359375,uptrend,uptrend_medium
2018-01-03,10482.650390625,10503.599609375,10429.5498046875,10443.2001953125,development,0.09610931689138981,medium,10354.055078125,10326.88201171875,10354.055078125,uptrend,uptrend_medium
2018-01-04,10469.400390625,10513.0,10441.4501953125,10504.7998046875,development,0.09682104479949764,medium,10373.382568359375,10332.82400390625,10373.382568359375,uptrend,uptrend_medium
2018-01-05,10534.25,10566.099609375,10520.099609375,10558.849609375,development,0.09101248907032314,medium,10399.120068359374,10338.09400390625,10399.120068359374,uptrend,uptrend_medium
2018-01-08,10591.7001953125,10631.2001953125,10588.5498046875,10623.599609375,development,0.08477682259970817,medium,10421.9650390625,10343.69,10421.9650390625,uptrend,uptrend_medium
2018-01-09,10645.099609375,10659.150390625,10603.599609375,10637.0,development,0.0800109807725804,low,10440.53251953125,10349.96900390625,10440.53251953125,uptrend,uptrend_low
2018-01-10,10652.0498046875,10655.5,10592.7001953125,10632.2001953125,development,0.07912625642872918,low,10456.030029296875,10355.34,10456.030029296875,uptrend,uptrend_low
2018-01-11,10637.0498046875,10664.599609375,10612.349609375,10651.2001953125,development,0.0708223815244011,low,10476.58251953125,10361.6580078125,10476.58251953125,uptrend,uptrend_low
2018-01-12,10682.5498046875,10690.400390625,10597.099609375,10681.25,development,0.06642937408977882,low,10500.997509765624,10366.4730078125,10500.997509765624,uptrend,uptrend_low
2018-01-15,10718.5,10782.650390625,10713.7998046875,10741.5498046875,development,0.06632302618914936,low,10525.47001953125,10372.8280078125,10525.47001953125,uptrend,uptrend_low
2018-01-16,10761.5,10762.349609375,10687.849609375,10700.4501953125,development,0.06633401524554733,low,10543.830029296874,10377.78701171875,10543.830029296874,uptrend,uptrend_low
2018-01-17,10702.4501953125,10803.0,10666.75,10788.5498046875,development,0.06912245647432687,low,10563.82001953125,10384.52201171875,10563.82001953125,uptrend,uptrend_low
2018-01-18,10873.400390625,10887.5,10782.400390625,10817.0,development,0.06635905155109664,low,10581.510009765625,10393.85900390625,10581.510009765625,uptrend,uptrend_low
2018-01-19,10829.2001953125,10906.849609375,10793.900390625,10894.7001953125,development,0.06775846202677462,low,10604.035009765625,10405.69,10604.035009765625,uptrend,uptrend_low
2018-01-22,10883.2001953125,10975.099609375,10881.400390625,10966.2001953125,development,0.06883461626655368,low,10630.330029296874,10418.835,10630.330029296874,uptrend,uptrend_low
2018-01-23,10997.400390625,11092.900390625,10994.5498046875,11083.7001953125,development,0.07436714209342128,low,10659.8650390625,10434.07400390625,10659.8650390625,uptrend,uptrend_low
2018-01-24,11069.349609375,11110.099609375,11046.150390625,11086.0,development,0.07481504334031819,low,10687.5900390625,10451.295,10687.5900390625,uptrend,uptrend_low
2018-01-25,11095.599609375,11095.599609375,11009.2001953125,11069.650390625,development,0.07252530383292284,low,10716.53505859375,10468.956015625,10716.53505859375,uptrend,uptrend_low
2018-01-29,11079.349609375,11171.5498046875,11075.9501953125,11130.400390625,development,0.0716167840827244,low,10749.16005859375,10489.20302734375,10749.16005859375,uptrend,uptrend_low
2018-01-30,11120.849609375,11121.099609375,11033.900390625,11049.650390625,development,0.07987321008731474,low,10775.107568359375,10505.90103515625,10775.107568359375,uptrend,uptrend_low
2018-01-31,11018.7998046875,11058.5,10979.2998046875,11027.7001953125,development,0.07110580529247623,low,10804.382568359375,10520.783046875,10804.382568359375,uptrend,uptrend_low
2018-02-01,11044.5498046875,11117.349609375,10878.7998046875,11016.900390625,development,0.07173588161140135,low,10833.067578125,10535.1460546875,10833.067578125,uptrend,uptrend_low
2018-02-02,10938.2001953125,10954.9501953125,10736.099609375,10760.599609375,development,0.11566235744257872,high,10845.857568359375,10543.8200390625,10845.857568359375,downtrend,downtrend_high
2018-02-05,10604.2998046875,10702.75,10586.7998046875,10666.5498046875,development,0.11985280462702803,high,10851.242578125,10550.3050390625,10851.242578125,downtrend,downtrend_high
2018-02-06,10295.150390625,10594.150390625,10276.2998046875,10498.25,development,0.13099742521176197,high,10844.97509765625,10553.2950390625,10844.97509765625,downtrend,downtrend_high
2018-02-07,10607.2001953125,10614.0,10446.400390625,10476.7001953125,development,0.13091421732299052,high,10836.960107421875,10555.0350390625,10836.960107421875,downtrend,downtrend_high
2018-02-08,10518.5,10637.7998046875,10479.5498046875,10576.849609375,development,0.13592000672482724,high,10834.192578125,10558.58103515625,10834.192578125,downtrend,downtrend_high
2018-02-09,10416.5,10480.2001953125,10398.2001953125,10454.9501953125,development,0.1414083730751923,high,10824.380078125,10560.2750390625,10824.380078125,downtrend,downtrend_high
2018-02-12,10518.2001953125,10555.5,10485.400390625,10539.75,development,0.14446401181112845,high,10817.305078125,10563.84404296875,10817.305078125,downtrend,downtrend_high
2018-02-14,10585.75,10590.5498046875,10456.650390625,10500.900390625,development,0.14287898023852255,high,10805.272607421875,10569.3310546875,10805.272607421875,downtrend,downtrend_high
2018-02-15,10537.900390625,10618.099609375,10511.0498046875,10545.5,development,0.14370267128950306,high,10797.52509765625,10577.80505859375,10797.52509765625,downtrend,downtrend_high
2018-02-16,10596.2001953125,10612.900390625,10434.0498046875,10452.2998046875,development,0.14241377897105206,high,10780.71259765625,10584.2960546875,10780.71259765625,downtrend,downtrend_high
2018-02-19,10488.900390625,10489.349609375,10302.75,10378.400390625,development,0.14280234337875053,high,10758.7826171875,10589.4990625,10758.7826171875,downtrend,downtrend_high
2018-02-20,10391.0,10429.349609375,10347.650390625,10360.400390625,development,0.1386196329751901,high,10732.067626953125,10595.825078125,10732.067626953125,downtrend,downtrend_high
2018-02-21,10426.0,10426.099609375,10349.599609375,10397.4501953125,development,0.13642502082103095,high,10703.630126953125,10600.440078125,10703.630126953125,downtrend,downtrend_high
2018-02-22,10354.349609375,10397.5498046875,10340.650390625,10382.7001953125,development,0.12717549320969054,high,10668.580126953126,10602.78107421875,10668.580126953126,downtrend,downtrend_high
2018-02-23,10408.099609375,10499.099609375,10396.650390625,10491.0498046875,development,0.13573715136341394,high,10638.8326171875,10606.1570703125,10638.8326171875,downtrend,downtrend_high
2018-02-26,10526.5498046875,10592.9501953125,10520.2001953125,10582.599609375,development,0.14167769773885644,high,10614.480078125,10613.0060546875,10614.480078125,downtrend,downtrend_high
2018-02-27,10615.2001953125,10631.650390625,10537.25,10554.2998046875,development,0.13872797752341567,high,10585.675048828125,10620.233046875,10585.675048828125,downtrend,downtrend_high
2018-02-28,10488.9501953125,10535.5,10461.5498046875,10492.849609375,development,0.13818493218555744,high,10557.835009765626,10625.048046875,10557.835009765626,downtrend,downtrend_high
2018-03-01,10479.9501953125,10525.5,10447.150390625,10458.349609375,development,0.1381922985552221,high,10529.36748046875,10627.5500390625,10529.36748046875,downtrend,downtrend_high
2018-03-05,10428.2998046875,10428.7001953125,10323.900390625,10358.849609375,development,0.14016254344407944,high,10496.46494140625,10626.95203125,10496.46494140625,downtrend,downtrend_high
2018-03-06,10420.5,10441.349609375,10215.900390625,10249.25,development,0.12193096378089122,high,10470.8974609375,10622.67302734375,10470.8974609375,downtrend,downtrend_high
2018-03-07,10232.9501953125,10243.349609375,10141.5498046875,10154.2001953125,development,0.12231290941652041,high,10445.27998046875,10616.87302734375,10445.27998046875,downtrend,downtrend_high
2018-03-08,10216.25,10270.349609375,10146.400390625,10242.650390625,development,0.11766784737833122,high,10432.5,10612.9200390625,10432.5,downtrend,downtrend_high
2018-03-09,10271.2998046875,10296.7001953125,10211.900390625,10226.849609375,development,0.11763306670438708,high,10420.007470703125,10607.59703125,10420.007470703125,downtrend,downtrend_high
2018-03-12,10301.599609375,10433.650390625,10295.4501953125,10421.400390625,development,0.13289951327730087,high,10412.235009765625,10605.3950390625,10412.235009765625,uptrend,uptrend_high
2018-03-13,10389.5,10478.599609375,10377.849609375,10426.849609375,development,0.12662472620508614,high,10410.82998046875,10604.11703125,10410.82998046875,uptrend,uptrend_high
2018-03-14,10393.0498046875,10420.349609375,10336.2998046875,10410.900390625,development,0.12289815738937003,high,10404.3875,10602.77703125,10404.3875,uptrend,uptrend_high
2018-03-15,10405.4501953125,10420.0,10346.2001953125,10360.150390625,development,0.12336731372064083,high,10397.35,10599.36603515625,10397.35,downtrend,downtrend_high
2018-03-16,10345.150390625,10346.2998046875,10180.25,10195.150390625,development,0.13314998263885744,high,10379.83251953125,10594.4250390625,10379.83251953125,downtrend,downtrend_high
2018-03-19,10215.349609375,10224.5498046875,10075.2998046875,10094.25,development,0.13395833584766453,high,10361.930029296875,10587.44603515625,10361.930029296875,downtrend,downtrend_high
2018-03-20,10051.5498046875,10155.650390625,10049.099609375,10124.349609375,development,0.13337192793169914,high,10349.227490234374,10579.83703125,10349.227490234374,downtrend,downtrend_high
2018-03-21,10181.9501953125,10227.2998046875,10132.9501953125,10155.25,development,0.1341995450116242,high,10338.969970703125,10571.7650390625,10338.969970703125,downtrend,downtrend_high
2018-03-22,10167.5,10207.849609375,10105.400390625,10114.75,development,0.13348841724782004,high,10324.8349609375,10561.588046875,10324.8349609375,downtrend,downtrend_high
2018-03-23,9968.7998046875,10027.7001953125,9951.900390625,9998.0498046875,development,0.13830908824254662,high,10305.60244140625,10548.80904296875,10305.60244140625,downtrend,downtrend_high
2018-03-26,9989.150390625,10143.5,9958.5498046875,10130.650390625,development,0.14195563217925553,high,10287.582470703124,10538.778046875,10287.582470703124,downtrend,downtrend_high
2018-03-27,10188.0,10207.900390625,10139.650390625,10184.150390625,development,0.13909449303428484,high,10267.660009765625,10529.43705078125,10267.660009765625,downtrend,downtrend_high
2018-03-28,10143.599609375,10158.349609375,10096.900390625,10113.7001953125,development,0.14022654010623312,high,10245.630029296875,10518.0860546875,10245.630029296875,downtrend,downtrend_high
2018-04-02,10151.650390625,10220.099609375,10127.75,10211.7998046875,development,0.14547735517831975,high,10231.5775390625,10507.4910546875,10231.5775390625,downtrend,downtrend_high
2018-04-03,10186.849609375,10255.349609375,10171.0498046875,10245.0,development,0.1461523754913007,high,10220.91005859375,10498.38205078125,10220.91005859375,uptrend,uptrend_high
2018-04-04,10274.599609375,10279.849609375,10111.2998046875,10128.400390625,development,0.14773842962734526,high,10209.38759765625,10485.1790625,10209.38759765625,downtrend,downtrend_high
2018-04-05,10228.4501953125,10331.7998046875,10227.4501953125,10325.150390625,development,0.16003715125953186,high,10213.1826171875,10475.3420703125,10213.1826171875,uptrend,uptrend_high
2018-04-06,10322.75,10350.4501953125,10290.849609375,10331.599609375,development,0.15589060340826066,high,10222.052587890625,10464.08005859375,10222.052587890625,uptrend,uptrend_high
2018-04-09,10333.7001953125,10397.7001953125,10328.5,10379.349609375,development,0.15383974246351806,high,10228.887548828125,10452.343046875,10228.887548828125,uptrend,uptrend_high
2018-04-10,10412.900390625,10424.849609375,10381.5,10402.25,development,0.15368792488746066,high,10237.657568359375,10438.71404296875,10237.657568359375,uptrend,uptrend_high
2018-04-11,10428.150390625,10428.150390625,10355.599609375,10417.150390625,development,0.13805711953448135,high,10237.445068359375,10425.33705078125,10237.445068359375,uptrend,uptrend_high
2018-04-12,10410.650390625,10469.900390625,10395.25,10458.650390625,development,0.1387705760638379,high,10239.035107421874,10413.11705078125,10239.035107421874,uptrend,uptrend_high
2018-04-13,10495.2998046875,10519.900390625,10451.4501953125,10480.599609375,development,0.13877240337153307,high,10242.520068359376,10400.12103515625,10242.520068359376,uptrend,uptrend_high
2018-04-16,10398.2998046875,10540.150390625,10396.349609375,10528.349609375,development,0.13808110522876824,high,10250.930029296875,10389.69501953125,10250.930029296875,uptrend,uptrend_high
2018-04-17,10557.2998046875,10560.4501953125,10495.650390625,10548.7001953125,development,0.12305108469031392,high,10268.60751953125,10380.11501953125,10268.60751953125,uptrend,uptrend_high
2018-04-18,10578.900390625,10594.2001953125,10509.7001953125,10526.2001953125,development,0.11621367534055092,high,10290.205029296874,10370.301015625,10290.205029296874,uptrend,uptrend_high
2018-04-19,10563.650390625,10572.2001953125,10546.2001953125,10565.2998046875,development,0.11631457219184244,high,10312.2525390625,10366.39501953125,10312.2525390625,uptrend,uptrend_high
2018-04-20,10560.349609375,10582.349609375,10527.4501953125,10564.0498046875,development,0.11653602162119772,high,10332.692529296875,10364.34501953125,10332.692529296875,uptrend,uptrend_high
2018-04-23,10592.7998046875,10638.349609375,10514.9501953125,10584.7001953125,development,0.11437460287442941,high,10356.1900390625,10366.0740234375,10356.1900390625,uptrend,uptrend_high
2018-04-24,10578.099609375,10636.7998046875,10569.0,10614.349609375,development,0.10202794387136496,medium,10387.005029296875,10368.82701171875,10387.005029296875,uptrend,uptrend_medium
2018-04-25,10612.400390625,10612.599609375,10536.4501953125,10570.5498046875,development,0.09743056610356976,medium,10409.0,10368.701015625,10409.0,uptrend,uptrend_medium
2018-04-26,10586.5,10628.400390625,10559.650390625,10617.7998046875,development,0.09712643475190606,medium,10430.682470703125,10371.9580078125,10430.682470703125,uptrend,uptrend_medium
2018-04-27,10651.650390625,10719.7998046875,10647.5498046875,10692.2998046875,development,0.09243951986487331,medium,10459.612451171875,10375.00900390625,10459.612451171875,uptrend,uptrend_medium
2018-04-30,10705.75,10759.0,10704.599609375,10739.349609375,development,0.08904621459633018,medium,10485.98994140625,10379.77798828125,10485.98994140625,uptrend,uptrend_medium
2018-05-02,10783.849609375,10784.650390625,10689.7998046875,10718.0498046875,development,0.09041707976271404,medium,10509.642431640625,10383.228984375,10509.642431640625,uptrend,uptrend_medium
2018-05-03,10720.150390625,10720.599609375,10647.4501953125,10679.650390625,development,0.07820867270106001,low,10537.204931640625,10387.77599609375,10537.204931640625,uptrend,uptrend_low
2018-05-04,10700.4501953125,10700.4501953125,10601.599609375,10618.25,development,0.05393838056347667,low,10551.859912109376,10392.57298828125,10551.859912109376,uptrend,uptrend_low
2018-05-07,10653.150390625,10725.650390625,10635.650390625,10715.5,development,0.060416297838456645,low,10571.054931640625,10399.67498046875,10571.054931640625,uptrend,uptrend_low
2018-05-08,10757.900390625,10758.5498046875,10689.400390625,10717.7998046875,development,0.059739504269753906,low,10587.97744140625,10406.08197265625,10587.97744140625,uptrend,uptrend_low
2018-05-09,10693.349609375,10766.25,10689.849609375,10741.7001953125,development,0.059742679109775564,low,10604.949951171875,10413.26197265625,10604.949951171875,uptrend,uptrend_low
2018-05-10,10779.650390625,10785.5498046875,10705.0,10716.5498046875,development,0.06137398087898377,low,10619.919921875,10417.77197265625,10619.919921875,uptrend,uptrend_low
2018-05-11,10741.9501953125,10812.0498046875,10724.4501953125,10806.5,development,0.0656590880888371,low,10637.31240234375,10422.24998046875,10637.31240234375,uptrend,uptrend_low
2018-05-14,10815.150390625,10834.849609375,10774.75,10806.599609375,development,0.06588627134504153,low,10653.61240234375,10427.2959765625,10653.61240234375,uptrend,uptrend_low
2018-05-15,10812.599609375,10929.2001953125,10781.400390625,10801.849609375,development,0.06523722107998663,low,10667.28740234375,10433.4759765625,10667.28740234375,uptrend,uptrend_low
2018-05-16,10751.9501953125,10790.4501953125,10699.7001953125,10741.099609375,development,0.06961893395193394,low,10676.907373046875,10439.1309765625,10676.907373046875,uptrend,uptrend_low
2018-05-17,10775.599609375,10777.25,10664.5,10682.7001953125,development,0.0724660641525931,low,10684.732373046874,10445.60798828125,10684.732373046874,downtrend,downtrend_low
2018-05-18,10671.849609375,10674.9501953125,10589.099609375,10596.400390625,development,0.07794672254685706,low,10686.28740234375,10452.55099609375,10686.28740234375,downtrend,downtrend_low
2018-05-21,10616.7001953125,10621.7001953125,10505.7998046875,10516.7001953125,development,0.08258689344678868,low,10683.919921875,10459.80099609375,10683.919921875,downtrend,downtrend_low
2018-05-22,10518.4501953125,10558.599609375,10490.5498046875,10536.7001953125,development,0.08256865070787862,low,10681.519921875,10465.6819921875,10681.519921875,downtrend,downtrend_low
2018-05-23,10521.099609375,10533.5498046875,10417.7998046875,10430.349609375,development,0.08877563615936623,medium,10672.319921875,10469.7519921875,10672.319921875,downtrend,downtrend_medium
2018-05-24,10464.849609375,10535.150390625,10419.7998046875,10513.849609375,development,0.09318877828238482,medium,10669.484912109376,10471.6009765625,10669.484912109376,downtrend,downtrend_medium
2018-05-25,10533.0498046875,10628.0498046875,10524.0,10605.150390625,development,0.09713783900474088,medium,10668.85244140625,10475.1669921875,10668.85244140625,downtrend,downtrend_medium
2018-05-28,10648.349609375,10709.7998046875,10640.5498046875,10688.650390625,development,0.09800752140590756,medium,10668.669970703126,10480.7219921875,10668.669970703126,uptrend,uptrend_medium
2018-05-29,10689.400390625,10717.25,10616.099609375,10633.2998046875,development,0.09820255833306842,medium,10663.36748046875,10486.18498046875,10663.36748046875,downtrend,downtrend_medium
2018-05-30,10579.0,10648.7001953125,10558.4501953125,10614.349609375,development,0.09816424181408077,medium,10658.182470703125,10494.56896484375,10658.182470703125,downtrend,downtrend_medium
2018-05-31,10670.099609375,10763.7998046875,10620.400390625,10736.150390625,development,0.10606108764401925,medium,10661.007470703125,10507.40697265625,10661.007470703125,uptrend,uptrend_medium
2018-06-01,10738.4501953125,10764.75,10681.5,10696.2001953125,development,0.10476705153842832,medium,10664.90498046875,10518.843984375,10664.90498046875,uptrend,uptrend_medium
2018-06-04,10765.9501953125,10770.2998046875,10618.349609375,10628.5,development,0.10195394578592377,medium,10660.55498046875,10528.308984375,10660.55498046875,downtrend,downtrend_medium
2018-06-05,10630.7001953125,10633.150390625,10550.900390625,10593.150390625,development,0.1024497980811447,medium,10654.322509765625,10537.8769921875,10654.322509765625,downtrend,downtrend_medium
2018-06-06,10603.4501953125,10698.349609375,10587.5,10684.650390625,development,0.10718378009671689,high,10651.47001953125,10551.60900390625,10651.47001953125,uptrend,uptrend_high
2018-06-07,10722.599609375,10818.0,10722.599609375,10768.349609375,development,0.11057536830052322,high,10654.060009765624,10564.36298828125,10654.060009765624,uptrend,uptrend_high
2018-06-08,10736.400390625,10779.4501953125,10709.0498046875,10767.650390625,development,0.1063220151785757,medium,10652.117529296875,10576.03298828125,10652.117529296875,uptrend,uptrend_medium
2018-06-11,10781.849609375,10850.5498046875,10777.0498046875,10786.9501953125,development,0.1065475549160574,medium,10651.13505859375,10589.49798828125,10651.13505859375,uptrend,uptrend_medium
2018-06-12,10816.150390625,10856.5498046875,10789.400390625,10842.849609375,development,0.10814535827361246,high,10653.18505859375,10602.118984375,10653.18505859375,uptrend,uptrend_high
2018-06-13,10887.5,10893.25,10842.650390625,10856.7001953125,development,0.10595872281904997,medium,10658.965087890625,10614.35298828125,10658.965087890625,uptrend,uptrend_medium
2018-06-14,10832.900390625,10833.7001953125,10773.5498046875,10808.0498046875,development,0.10529384382561503,medium,10665.232568359375,10627.9459765625,10665.232568359375,uptrend,uptrend_medium
2018-06-15,10808.650390625,10834.0,10755.400390625,10817.7001953125,development,0.10017286259916283,medium,10676.29755859375,10637.79697265625,10676.29755859375,uptrend,uptrend_medium
2018-06-18,10830.2001953125,10830.2001953125,10787.349609375,10799.849609375,development,0.09556960547744352,medium,10690.455029296874,10647.16197265625,10690.455029296874,uptrend,uptrend_medium
2018-06-19,10789.4501953125,10789.4501953125,10701.2001953125,10710.4501953125,development,0.10143603814481153,medium,10699.142529296874,10653.783984375,10699.142529296874,uptrend,uptrend_medium
2018-06-20,10734.650390625,10781.7998046875,10724.0498046875,10772.0498046875,development,0.094118606923758,medium,10716.2275390625,10661.17998046875,10716.2275390625,uptrend,uptrend_medium
2018-06-21,10808.4501953125,10809.599609375,10725.900390625,10741.099609375,development,0.09224751767986042,medium,10727.5900390625,10667.65896484375,10727.5900390625,uptrend,uptrend_medium
2018-06-22,10742.7001953125,10837.0,10710.4501953125,10821.849609375,development,0.0910589250792027,medium,10738.425,10674.92294921875,10738.425,uptrend,uptrend_medium
2018-06-25,10822.900390625,10831.0498046875,10753.0498046875,10762.4501953125,development,0.0900826452559384,medium,10742.114990234375,10680.5599609375,10742.114990234375,uptrend,uptrend_medium
2018-06-26,10742.7001953125,10805.25,10732.5498046875,10769.150390625,development,0.087674053105854,medium,10748.90751953125,10685.3759765625,10748.90751953125,uptrend,uptrend_medium
2018-06-27,10785.5,10785.5,10652.400390625,10671.400390625,development,0.093956006007561,medium,10751.76005859375,10687.82998046875,10751.76005859375,downtrend,downtrend_medium
2018-06-28,10660.7998046875,10674.2001953125,10557.7001953125,10589.099609375,development,0.08815267971534269,medium,10744.40751953125,10689.08796875,10744.40751953125,downtrend,downtrend_medium
2018-06-29,10612.849609375,10723.0498046875,10612.349609375,10714.2998046875,development,0.09777183011013275,medium,10745.3125,10692.06796875,10745.3125,downtrend,downtrend_medium
2018-07-02,10732.349609375,10736.150390625,10604.650390625,10657.2998046875,development,0.09695335803580543,medium,10746.752490234376,10693.93296875,10746.752490234376,downtrend,downtrend_medium
2018-07-03,10668.599609375,10713.2998046875,10630.25,10699.900390625,development,0.0969529610810057,medium,10752.089990234375,10696.23697265625,10752.089990234375,downtrend,downtrend_medium
2018-07-04,10715.0,10777.150390625,10677.75,10769.900390625,development,0.09488901406590092,medium,10756.352490234374,10699.34798828125,10756.352490234374,uptrend,uptrend_medium
2018-07-05,10786.0498046875,10786.0498046875,10726.25,10749.75,development,0.09099823363463298,medium,10755.422509765625,10702.9319921875,10755.422509765625,downtrend,downtrend_medium
2018-07-06,10744.150390625,10816.349609375,10735.0498046875,10772.650390625,development,0.09133314412200269,medium,10755.672509765625,10706.02900390625,10755.672509765625,uptrend,uptrend_medium
2018-07-09,10838.2998046875,10860.349609375,10807.150390625,10852.900390625,development,0.09491097522515987,medium,10758.97001953125,10709.241015625,10758.97001953125,uptrend,uptrend_medium
2018-07-10,10902.75,10956.900390625,10876.650390625,10947.25,development,0.09806200454976312,medium,10764.1900390625,10713.3990234375,10764.1900390625,uptrend,uptrend_medium
2018-07-11,10956.400390625,10976.650390625,10923.0,10948.2998046875,development,0.09802702831315964,medium,10768.77001953125,10718.0040234375,10768.77001953125,uptrend,uptrend_medium
2018-07-12,11006.9501953125,11078.2998046875,10999.650390625,11023.2001953125,development,0.09872728293433841,medium,10779.5275390625,10724.87501953125,10779.5275390625,uptrend,uptrend_medium
2018-07-13,11056.900390625,11071.349609375,10999.75,11018.900390625,development,0.09885145668706427,medium,10789.587548828125,10732.88802734375,10789.587548828125,uptrend,uptrend_medium
2018-07-16,11018.9501953125,11019.5,10926.25,10936.849609375,development,0.10292328438560906,medium,10796.437548828126,10737.31501953125,10796.437548828126,uptrend,uptrend_medium
2018-07-17,10939.650390625,11018.5,10925.599609375,11008.0498046875,development,0.09922864129487206,medium,10811.317529296875,10743.12001953125,10811.317529296875,uptrend,uptrend_medium
2018-07-18,11060.2001953125,11076.2001953125,10956.2998046875,10980.4501953125,development,0.0987431888698562,medium,10821.737548828125,10747.89501953125,10821.737548828125,uptrend,uptrend_medium
2018-07-19,10999.5,11006.5,10935.4501953125,10957.099609375,development,0.09839201396642439,medium,10832.537548828124,10752.706015625,10832.537548828124,uptrend,uptrend_medium
2018-07-20,10963.5,11030.25,10946.2001953125,11010.2001953125,development,0.0964884504091809,medium,10841.955078125,10756.78001953125,10841.955078125,uptrend,uptrend_medium
2018-07-23,11019.849609375,11093.400390625,11010.9501953125,11084.75,development,0.09556375469211052,medium,10858.070068359375,10762.34302734375,10858.070068359375,uptrend,uptrend_medium
2018-07-24,11109.0,11143.400390625,11092.5,11134.2998046875,development,0.09607315565629317,medium,10876.3275390625,10768.99203125,10876.3275390625,uptrend,uptrend_medium
2018-07-25,11148.400390625,11157.150390625,11113.25,11132.0,development,0.08768683904406767,low,10899.35751953125,10776.8100390625,10899.35751953125,uptrend,uptrend_low
2018-07-26,11132.9501953125,11185.849609375,11125.7001953125,11167.2998046875,development,0.07962495547490335,low,10928.267529296874,10786.50203125,10928.267529296874,uptrend,uptrend_low
2018-07-27,11232.75,11283.400390625,11210.25,11278.349609375,development,0.076996802430484,low,10956.47001953125,10800.141015625,10956.47001953125,uptrend,uptrend_low
2018-07-30,11296.650390625,11328.099609375,11261.4501953125,11319.5498046875,development,0.07115261911512,low,10989.58251953125,10816.1980078125,10989.58251953125,uptrend,uptrend_low
2018-07-31,11311.0498046875,11366.0,11267.75,11356.5,development,0.0710677505609586,low,11022.4125,10832.59400390625,11022.4125,uptrend,uptrend_low
2018-08-01,11359.7998046875,11390.5498046875,11313.5498046875,11346.2001953125,development,0.07105096377477269,low,11051.227490234374,10850.911015625,11051.227490234374,uptrend,uptrend_low
2018-08-02,11328.900390625,11328.900390625,11234.9501953125,11244.7001953125,development,0.08075622318208696,low,11075.975,10865.52802734375,11075.975,uptrend,uptrend_low
2018-08-03,11297.7998046875,11368.0,11294.5498046875,11360.7998046875,development,0.08566366453700164,low,11105.382470703125,10880.641015625,11105.382470703125,uptrend,uptrend_low
2018-08-06,11401.5,11427.650390625,11370.599609375,11387.099609375,development,0.08378664625878879,low,11132.092431640625,10894.61,11132.092431640625,uptrend,uptrend_low
2018-08-07,11423.150390625,11428.9501953125,11359.7001953125,11389.4501953125,development,0.08071618008974805,low,11154.20244140625,10909.7330078125,11154.20244140625,uptrend,uptrend_low
2018-08-08,11412.5,11459.9501953125,11379.2998046875,11450.0,development,0.08121337658739386,low,11179.287451171875,10926.446015625,11179.287451171875,uptrend,uptrend_low
2018-08-09,11493.25,11495.2001953125,11454.099609375,11470.7001953125,development,0.07938837894003901,low,11201.662451171875,10941.13701171875,11201.662451171875,uptrend,uptrend_low
2018-08-10,11474.9501953125,11478.75,11419.650390625,11429.5,development,0.08145529406725724,low,11222.192431640626,10955.8030078125,11222.192431640626,uptrend,uptrend_low
2018-08-13,11369.599609375,11406.2998046875,11340.2998046875,11355.75,development,0.08001574532180687,low,11243.137451171875,10970.3480078125,11243.137451171875,uptrend,uptrend_low
2018-08-14,11381.7001953125,11452.4501953125,11370.7998046875,11435.099609375,development,0.08039820787926524,low,11264.48994140625,10987.1869921875,11264.48994140625,uptrend,uptrend_low
2018-08-16,11397.150390625,11449.849609375,11366.25,11385.0498046875,development,0.08202032779871175,low,11284.719921875,11001.19498046875,11284.719921875,uptrend,uptrend_low
2018-08-17,11437.150390625,11486.4501953125,11431.7998046875,11470.75,development,0.08300655322373335,low,11310.40244140625,11015.24298828125,11310.40244140625,uptrend,uptrend_low
2018-08-20,11502.099609375,11565.2998046875,11499.650390625,11551.75,development,0.08426844833357706,low,11337.479931640624,11030.92498046875,11337.479931640624,uptrend,uptrend_low
2018-08-21,11576.2001953125,11581.75,11539.599609375,11570.900390625,development,0.08270457765870724,low,11361.787451171875,11046.603984375,11361.787451171875,uptrend,uptrend_low
2018-08-23,11620.7001953125,11620.7001953125,11546.7001953125,11582.75,development,0.08233243202449651,low,11384.2099609375,11061.4019921875,11384.2099609375,uptrend,uptrend_low
2018-08-24,11566.599609375,11604.599609375,11532.0,11557.099609375,development,0.08334494200215084,low,11405.46494140625,11075.40998046875,11405.46494140625,uptrend,uptrend_low
2018-08-27,11605.849609375,11700.9501953125,11595.599609375,11691.9501953125,development,0.09025061028196035,low,11431.6974609375,11093.08798828125,11431.6974609375,uptrend,uptrend_low
2018-08-28,11731.9501953125,11760.2001953125,11710.5,11738.5,development,0.08594305148951359,low,11454.70498046875,11111.503984375,11454.70498046875,uptrend,uptrend_low
2018-08-29,11744.9501953125,11753.2001953125,11678.849609375,11691.900390625,development,0.08824521588553057,low,11473.322509765625,11129.345,11473.322509765625,uptrend,uptrend_low
2018-08-30,11694.75,11698.7998046875,11639.7001953125,11676.7998046875,development,0.08861007754340203,low,11489.3375,11148.6719921875,11489.3375,uptrend,uptrend_low
2018-08-31,11675.849609375,11727.650390625,11640.099609375,11680.5,development,0.08829222266462772,low,11506.052490234375,11166.84099609375,11506.052490234375,uptrend,uptrend_low
2018-09-03,11751.7998046875,11751.7998046875,11567.400390625,11582.349609375,development,0.08746023572025172,low,11522.9349609375,11183.66599609375,11522.9349609375,uptrend,uptrend_low
2018-09-04,11598.75,11602.5498046875,11496.849609375,11520.2998046875,development,0.08411172643508139,low,11530.9099609375,11197.635,11530.9099609375,downtrend,downtrend_low
2018-09-05,11514.849609375,11542.650390625,11393.849609375,11476.9501953125,development,0.08533216564939541,low,11535.402490234375,11211.925,11535.402490234375,downtrend,downtrend_low
2018-09-06,11514.150390625,11562.25,11436.0498046875,11536.900390625,development,0.08701767489501407,low,11542.775,11227.28,11542.775,downtrend,downtrend_low
2018-09-07,11558.25,11603.0,11484.400390625,11589.099609375,development,0.0864993078791478,low,11549.72998046875,11245.633984375,11549.72998046875,uptrend,uptrend_low
2018-09-10,11570.25,11573.0,11427.2998046875,11438.099609375,development,0.09893272840692624,medium,11548.099951171875,11262.613984375,11548.099951171875,downtrend,downtrend_medium
2018-09-11,11476.849609375,11479.400390625,11274.0,11287.5,development,0.10873630436297038,high,11540.999951171874,11274.07798828125,11540.999951171874,downtrend,downtrend_high
2018-09-12,11340.099609375,11380.75,11250.2001953125,11369.900390625,development,0.10987528113276877,high,11541.707470703124,11288.33,11541.707470703124,downtrend,downtrend_high
2018-09-14,11443.5,11523.25,11430.5498046875,11515.2001953125,development,0.11642891909802273,high,11545.7125,11304.63599609375,11545.7125,downtrend,downtrend_high
2018-09-17,11464.9501953125,11464.9501953125,11366.900390625,11377.75,development,0.12340401070337864,high,11545.347509765625,11316.79298828125,11545.347509765625,downtrend,downtrend_high
2018-09-18,11381.5498046875,11411.4501953125,11268.9501953125,11278.900390625,development,0.12370263493000563,high,11535.755029296875,11327.37599609375,11535.755029296875,downtrend,downtrend_high
2018-09-19,11326.650390625,11332.0498046875,11210.900390625,11234.349609375,development,0.12053928721760056,high,11519.885009765625,11336.60998046875,11519.885009765625,downtrend,downtrend_high
2018-09-21,11271.2998046875,11346.7998046875,10866.4501953125,11143.099609375,development,0.12227352224688472,high,11498.494970703125,11342.41396484375,11498.494970703125,downtrend,downtrend_high
2018-09-24,11164.400390625,11170.150390625,10943.599609375,10967.400390625,development,0.13123139176049778,high,11467.727490234374,11342.81697265625,11467.727490234374,downtrend,downtrend_high
2018-09-25,10969.9501953125,11080.599609375,10882.849609375,11067.4501953125,development,0.1377864078196269,high,11443.24501953125,11345.19998046875,11443.24501953125,downtrend,downtrend_high
2018-09-26,11145.5498046875,11145.5498046875,10993.0498046875,11053.7998046875,development,0.12791178246374565,high,11411.3375,11345.81197265625,11411.3375,downtrend,downtrend_high
2018-09-27,11079.7998046875,11089.4501953125,10953.349609375,10977.5498046875,development,0.1261109606097842,high,11373.289990234374,11344.9849609375,11373.289990234374,downtrend,downtrend_high
2018-09-28,11008.099609375,11034.099609375,10850.2998046875,10930.4501953125,development,0.12613816857511959,high,11335.21748046875,11344.85697265625,11335.21748046875,downtrend,downtrend_high
2018-10-01,10930.900390625,11035.650390625,10821.5498046875,11008.2998046875,development,0.13137013338411233,high,11301.79248046875,11344.86197265625,11301.79248046875,downtrend,downtrend_high
2018-10-03,10982.7001953125,10989.0498046875,10843.75,10858.25,development,0.13607003592480324,high,11260.67998046875,11342.41796875,11260.67998046875,downtrend,downtrend_high
2018-10-04,10754.7001953125,10754.7001953125,10547.25,10599.25,development,0.1532569561881918,high,11211.525,11335.2609765625,11211.525,downtrend,downtrend_high
2018-10-05,10514.099609375,10540.650390625,10261.900390625,10316.4501953125,development,0.17253810568120784,high,11151.33251953125,11321.3859765625,11151.33251953125,downtrend,downtrend_high
2018-10-08,10310.150390625,10398.349609375,10198.400390625,10348.0498046875,development,0.17510392460049595,high,11094.8875,11306.65197265625,11094.8875,downtrend,downtrend_high
2018-10-09,10390.2998046875,10397.599609375,10279.349609375,10301.0498046875,development,0.17084292683518784,high,11033.094970703125,11289.98697265625,11033.094970703125,downtrend,downtrend_high
2018-10-10,10331.849609375,10482.349609375,10318.25,10460.099609375,development,0.18335318843922774,high,10976.644970703124,11276.54896484375,10976.644970703124,downtrend,downtrend_high
2018-10-11,10169.7998046875,10335.9501953125,10138.599609375,10234.650390625,development,0.19062653054305648,high,10916.472509765625,11257.8959765625,10916.472509765625,downtrend,downtrend_high
2018-10-12,10331.5498046875,10492.4501953125,10322.150390625,10472.5,development,0.21356508241238784,high,10875.722509765625,11241.778984375,10875.722509765625,downtrend,downtrend_high
2018-10-15,10524.2001953125,10526.2998046875,10410.150390625,10512.5,development,0.21154507925682195,high,10832.852490234374,11225.63798828125,10832.852490234374,downtrend,downtrend_high
2018-10-16,10550.150390625,10604.900390625,10525.2998046875,10584.75,development,0.2063707292612726,high,10786.32998046875,11210.20298828125,10786.32998046875,downtrend,downtrend_high
2018-10-17,10688.7001953125,10710.150390625,10436.4501953125,10453.0498046875,development,0.20663247888886765,high,10740.094970703125,11192.33998046875,10740.094970703125,downtrend,downtrend_high
2018-10-19,10339.7001953125,10380.099609375,10249.599609375,10303.5498046875,development,0.2092130754224172,high,10691.32744140625,11173.51697265625,10691.32744140625,downtrend,downtrend_high
2018-10-22,10405.849609375,10408.5498046875,10224.0,10245.25,development,0.2092490334326604,high,10641.8724609375,11151.2059765625,10641.8724609375,downtrend,downtrend_high
2018-10-23,10152.599609375,10222.099609375,10102.349609375,10146.7998046875,development,0.20965522759912708,high,10592.057470703125,11126.39998046875,10592.057470703125,downtrend,downtrend_high
2018-10-24,10278.150390625,10290.650390625,10126.7001953125,10224.75,development,0.20959615215617083,high,10554.924951171875,11103.1059765625,10554.924951171875,downtrend,downtrend_high
2018-10-25,10135.0498046875,10166.599609375,10079.2998046875,10124.900390625,development,0.20528819070862891,high,10507.7974609375,11076.603984375,10507.7974609375,downtrend,downtrend_high
2018-10-26,10122.349609375,10128.849609375,10004.5498046875,10030.0,development,0.20567629254468972,high,10456.607470703126,11047.78998046875,10456.607470703126,downtrend,downtrend_high
2018-10-29,10078.099609375,10275.2998046875,10020.349609375,10250.849609375,development,0.22628483203939034,high,10420.2724609375,11024.21697265625,10420.2724609375,downtrend,downtrend_high
2018-10-30,10239.400390625,10285.099609375,10175.349609375,10198.400390625,development,0.22635070664370796,high,10383.669970703126,11001.06998046875,10383.669970703126,downtrend,downtrend_high
2018-10-31,10209.5498046875,10396.0,10105.099609375,10386.599609375,development,0.23665238744850725,high,10352.5849609375,10980.09998046875,10352.5849609375,uptrend,uptrend_high
2018-11-01,10441.7001953125,10441.900390625,10341.900390625,10380.4501953125,development,0.2332367511415064,high,10328.694970703125,10960.00798828125,10328.694970703125,uptrend,uptrend_high
2018-11-02,10462.2998046875,10606.9501953125,10457.7001953125,10553.0,development,0.22745205727362477,high,10326.382470703125,10941.65298828125,10326.382470703125,uptrend,uptrend_high
2018-11-05,10558.75,10558.7998046875,10477.0,10524.0,development,0.20515811039853174,high,10336.7599609375,10921.09798828125,10336.7599609375,uptrend,uptrend_high
2018-11-06,10552.0,10600.25,10491.4501953125,10530.0,development,0.20502859370737458,high,10345.857470703126,10900.27998046875,10345.857470703126,uptrend,uptrend_high
2018-11-07,10614.4501953125,10616.4501953125,10582.2998046875,10598.400390625,development,0.20485009039989766,high,10360.725,10880.59298828125,10360.725,uptrend,uptrend_high
2018-11-09,10614.7001953125,10619.5498046875,10544.849609375,10585.2001953125,development,0.19824913596685326,high,10366.980029296876,10861.155,10366.980029296876,uptrend,uptrend_high
2018-11-12,10607.7998046875,10645.5,10464.0498046875,10482.2001953125,development,0.1846480100604342,high,10379.35751953125,10836.96,10379.35751953125,uptrend,uptrend_high
2018-11-13,10451.900390625,10596.25,10440.5498046875,10582.5,development,0.1687569203896865,high,10384.85751953125,10813.84,10384.85751953125,uptrend,uptrend_high
2018-11-14,10634.900390625,10651.599609375,10532.7001953125,10576.2998046875,development,0.16835796524675284,high,10388.047509765625,10791.52798828125,10388.047509765625,uptrend,uptrend_high
2018-11-15,10580.599609375,10646.5,10557.5,10616.7001953125,development,0.1671349204089417,high,10389.64501953125,10770.32599609375,10389.64501953125,uptrend,uptrend_high
2018-11-16,10644.0,10695.150390625,10631.150390625,10682.2001953125,development,0.16141739781830905,high,10401.1025390625,10750.36,10401.1025390625,uptrend,uptrend_high
2018-11-19,10731.25,10774.7001953125,10688.7998046875,10763.400390625,development,0.1520924314935767,high,10424.095068359375,10733.981015625,10424.095068359375,uptrend,uptrend_high
2018-11-20,10740.099609375,10740.849609375,10640.849609375,10656.2001953125,development,0.15577284921806023,high,10444.642578125,10716.6990234375,10444.642578125,uptrend,uptrend_high
2018-11-21,10670.9501953125,10671.2998046875,10562.349609375,10600.0498046875,development,0.15219849765121563,high,10467.305078125,10699.161015625,10467.305078125,uptrend,uptrend_high
2018-11-22,10612.650390625,10646.25,10512.0,10526.75,development,0.15407255128406278,high,10482.405078125,10678.9580078125,10482.405078125,uptrend,uptrend_high
2018-11-26,10568.2998046875,10637.7998046875,10489.75,10628.599609375,development,0.15063340100901842,high,10507.5900390625,10659.7480078125,10507.5900390625,uptrend,uptrend_high
2018-11-27,10621.4501953125,10695.150390625,10596.349609375,10685.599609375,development,0.1442081838781892,high,10540.37001953125,10644.6980078125,10540.37001953125,uptrend,uptrend_high
2018-11-28,10708.75,10757.7998046875,10699.849609375,10728.849609375,development,0.12609068100961815,high,10564.27001953125,10633.525,10564.27001953125,uptrend,uptrend_high
2018-11-29,10808.7001953125,10883.0498046875,10782.349609375,10858.7001953125,development,0.12744450355203446,high,10597.285009765625,10623.30099609375,10597.285009765625,uptrend,uptrend_high
2018-11-30,10892.099609375,10922.4501953125,10835.099609375,10876.75,development,0.11396516143579583,medium,10621.792529296876,10610.5319921875,10621.792529296876,uptrend,uptrend_medium
2018-12-03,10930.7001953125,10941.2001953125,10845.349609375,10883.75,development,0.1136284904808209,medium,10646.95751953125,10600.6519921875,10646.95751953125,uptrend,uptrend_medium
2018-12-04,10877.099609375,10890.9501953125,10833.349609375,10869.5,development,0.10097094825514866,medium,10662.78251953125,10592.463984375,10662.78251953125,uptrend,uptrend_medium
2018-12-05,10820.4501953125,10821.0498046875,10747.9501953125,10782.900390625,development,0.10548068359604182,medium,10675.7275390625,10583.435,10675.7275390625,uptrend,uptrend_medium
2018-12-06,10718.150390625,10722.650390625,10588.25,10601.150390625,development,0.12353274227839409,medium,10679.28505859375,10572.596015625,10679.28505859375,downtrend,downtrend_medium
2018-12-07,10644.7998046875,10704.5498046875,10599.349609375,10693.7001953125,development,0.12524608889623765,medium,10684.050048828125,10567.12201171875,10684.050048828125,uptrend,uptrend_medium
2018-12-10,10508.7001953125,10558.849609375,10474.9501953125,10488.4501953125,development,0.14340736507768606,high,10679.212548828125,10555.54201171875,10679.212548828125,downtrend,downtrend_high
2018-12-11,10350.0498046875,10567.150390625,10333.849609375,10549.150390625,development,0.14059630942675108,high,10682.56005859375,10545.4490234375,10682.56005859375,downtrend,downtrend_high
2018-12-12,10591.0,10752.2001953125,10560.7998046875,10737.599609375,development,0.1505376574207805,high,10690.3150390625,10540.65001953125,10690.3150390625,uptrend,uptrend_high
2018-12-13,10810.75,10838.599609375,10749.5,10791.5498046875,development,0.15118303040023606,high,10701.0775390625,10537.87201171875,10701.0775390625,uptrend,uptrend_high
2018-12-14,10784.5,10815.75,10752.099609375,10805.4501953125,development,0.15083475435414356,high,10710.5150390625,10533.81501953125,10710.5150390625,uptrend,uptrend_high
2018-12-17,10853.2001953125,10900.349609375,10844.849609375,10888.349609375,development,0.15161994599780435,high,10720.822509765625,10534.41701171875,10720.822509765625,uptrend,uptrend_high
2018-12-18,10850.900390625,10915.400390625,10819.099609375,10908.7001953125,development,0.14966221271618108,high,10728.0875,10540.606015625,10728.0875,uptrend,uptrend_high
2018-12-19,10930.5498046875,10985.150390625,10928.0,10967.2998046875,development,0.1449828011691291,high,10743.64248046875,10553.6230078125,10743.64248046875,uptrend,uptrend_high
2018-12-20,10885.2001953125,10962.5498046875,10880.0498046875,10951.7001953125,development,0.1432403446766881,high,10761.225,10565.696015625,10761.225,uptrend,uptrend_high
2018-12-21,10944.25,10963.650390625,10738.650390625,10754.0,development,0.15689927696017722,high,10772.5875,10574.75501953125,10772.5875,downtrend,downtrend_high
2018-12-24,10780.900390625,10782.2998046875,10649.25,10663.5,development,0.15694955234409957,high,10774.33251953125,10578.82302734375,10774.33251953125,downtrend,downtrend_high
2018-12-26,10635.4501953125,10747.5,10534.5498046875,10729.849609375,development,0.15735278359369223,high,10776.54501953125,10588.72701171875,10776.54501953125,downtrend,downtrend_high
2018-12-27,10817.900390625,10834.2001953125,10764.4501953125,10779.7998046875,development,0.15756178906604376,high,10779.092529296875,10594.8730078125,10779.092529296875,uptrend,uptrend_high
2018-12-28,10820.9501953125,10893.599609375,10817.150390625,10859.900390625,development,0.15373983212426331,high,10779.1525390625,10601.821015625,10779.1525390625,uptrend,uptrend_high
2018-12-31,10913.2001953125,10923.5498046875,10853.2001953125,10862.5498046875,development,0.15362498381738438,high,10778.442529296875,10607.37701171875,10778.442529296875,uptrend,uptrend_high
2019-01-02,10868.849609375,10895.349609375,10735.0498046875,10792.5,development,0.15527223055371242,high,10773.880029296875,10614.166015625,10773.880029296875,uptrend,uptrend_high
2019-01-03,10796.7998046875,10814.0498046875,10661.25,10672.25,development,0.1599102178438542,high,10764.017529296874,10621.54001953125,10764.017529296874,downtrend,downtrend_high
2019-01-04,10699.7001953125,10741.0498046875,10628.650390625,10727.349609375,development,0.15896704520944338,high,10761.239990234375,10631.18201171875,10761.239990234375,downtrend,downtrend_high
2019-01-07,10804.849609375,10835.9501953125,10750.150390625,10771.7998046875,development,0.1468158624792905,high,10769.7724609375,10643.68201171875,10769.7724609375,uptrend,uptrend_high
2019-01-08,10786.25,10818.4501953125,10733.25,10802.150390625,development,0.1440757484552533,high,10775.194970703125,10655.23001953125,10775.194970703125,uptrend,uptrend_high
2019-01-09,10862.400390625,10870.400390625,10749.400390625,10855.150390625,development,0.1243308964156473,medium,10793.52998046875,10669.83501953125,10793.52998046875,uptrend,uptrend_medium
2019-01-10,10859.349609375,10859.349609375,10801.7998046875,10821.599609375,development,0.12450001574791754,medium,10807.15244140625,10685.66701171875,10807.15244140625,uptrend,uptrend_medium
2019-01-11,10834.75,10850.150390625,10739.400390625,10794.9501953125,development,0.10852560873036174,medium,10810.019970703124,10696.5490234375,10810.019970703124,downtrend,downtrend_medium
2019-01-14,10807.0,10808.0,10692.349609375,10737.599609375,development,0.10874573148835055,medium,10807.3224609375,10707.3330078125,10807.3224609375,downtrend,downtrend_medium
2019-01-15,10777.5498046875,10896.9501953125,10777.5498046875,10886.7998046875,development,0.1197301313781038,medium,10811.38994140625,10717.33701171875,10811.38994140625,uptrend,uptrend_medium
2019-01-16,10899.650390625,10928.150390625,10876.900390625,10890.2998046875,development,0.1166130363609203,medium,10811.487451171875,10727.53400390625,10811.487451171875,uptrend,uptrend_medium
2019-01-17,10920.849609375,10930.650390625,10844.650390625,10905.2001953125,development,0.11652206683885277,medium,10811.312451171874,10734.5780078125,10811.312451171874,uptrend,uptrend_medium
2019-01-18,10914.849609375,10928.2001953125,10852.2001953125,10906.9501953125,development,0.11479688838619843,medium,10808.294970703126,10742.23701171875,10808.294970703126,uptrend,uptrend_medium
2019-01-21,10919.349609375,10987.4501953125,10885.75,10961.849609375,development,0.11620178846330541,medium,10808.80244140625,10750.87400390625,10808.80244140625,uptrend,uptrend_medium
2019-01-22,10949.7998046875,10949.7998046875,10864.150390625,10922.75,development,0.0958264937559396,low,10817.23994140625,10757.36099609375,10817.23994140625,uptrend,uptrend_low
2019-01-23,10931.0498046875,10944.7998046875,10811.9501953125,10831.5,development,0.09574849084742112,low,10825.63994140625,10762.2869921875,10825.63994140625,uptrend,uptrend_low
2019-01-24,10844.0498046875,10866.599609375,10798.650390625,10849.7998046875,development,0.09367291010439482,low,10831.637451171875,10769.638984375,10831.637451171875,uptrend,uptrend_low
2019-01-25,10859.75,10931.7001953125,10756.4501953125,10780.5498046875,development,0.09546901661404326,low,10831.674951171875,10773.59998046875,10831.674951171875,downtrend,downtrend_low
2019-01-28,10792.4501953125,10804.4501953125,10630.9501953125,10661.5498046875,development,0.0989039630602494,medium,10821.757421875,10775.30498046875,10821.757421875,downtrend,downtrend_medium
2019-01-29,10653.7001953125,10690.349609375,10583.650390625,10652.2001953125,development,0.09881157561138802,medium,10811.23994140625,10776.01498046875,10811.23994140625,downtrend,downtrend_medium
2019-01-30,10702.25,10710.2001953125,10612.849609375,10651.7998046875,development,0.09668499973826247,low,10804.204931640625,10775.40697265625,10804.204931640625,downtrend,downtrend_low
2019-01-31,10690.5498046875,10838.0498046875,10678.5498046875,10830.9501953125,development,0.10680907282475607,medium,10812.13994140625,10776.75796875,10812.13994140625,uptrend,uptrend_medium
2019-02-01,10851.349609375,10983.4501953125,10813.4501953125,10893.650390625,development,0.10717390014037999,medium,10820.45498046875,10781.50697265625,10820.45498046875,uptrend,uptrend_medium
2019-02-04,10876.75,10927.900390625,10814.150390625,10912.25,development,0.10650995299676212,medium,10827.477490234374,10787.7509765625,10827.477490234374,uptrend,uptrend_medium
2019-02-05,10908.650390625,10956.7001953125,10886.7001953125,10934.349609375,development,0.10633496521673795,medium,10834.087451171876,10795.90296875,10834.087451171876,uptrend,uptrend_medium
2019-02-06,10965.099609375,11072.599609375,10962.7001953125,11062.4501953125,development,0.11253336892579462,medium,10844.45244140625,10804.57998046875,10844.45244140625,uptrend,uptrend_medium
2019-02-07,11070.4501953125,11118.099609375,11043.599609375,11069.400390625,development,0.11152318708728053,medium,10856.84248046875,10812.25599609375,10856.84248046875,uptrend,uptrend_medium
2019-02-08,11023.5,11041.2001953125,10925.4501953125,10943.599609375,development,0.11954266475571959,medium,10864.274951171876,10816.55099609375,10864.274951171876,uptrend,uptrend_medium
2019-02-11,10930.900390625,10930.900390625,10857.099609375,10888.7998046875,development,0.11934340638935412,medium,10871.8349609375,10817.15298828125,10871.8349609375,uptrend,uptrend_medium
2019-02-12,10879.7001953125,10910.900390625,10823.7998046875,10831.400390625,development,0.11034588916360398,medium,10869.064990234376,10816.24599609375,10869.064990234376,downtrend,downtrend_medium
2019-02-14,10786.099609375,10792.7001953125,10718.75,10746.0498046875,development,0.1135926273351608,medium,10861.852490234374,10813.4919921875,10861.852490234374,downtrend,downtrend_medium
2019-02-15,10780.25,10785.75,10620.400390625,10724.400390625,development,0.11343310510443032,medium,10852.8125,10810.59,10852.8125,downtrend,downtrend_medium
2019-02-18,10738.650390625,10759.900390625,10628.400390625,10640.9501953125,development,0.1160045149259939,medium,10839.5125,10807.75099609375,10839.5125,downtrend,downtrend_medium
2019-02-19,10636.7001953125,10722.849609375,10585.650390625,10604.349609375,development,0.11383634693647306,medium,10821.6375,10807.81498046875,10821.6375,downtrend,downtrend_medium
2019-02-20,10655.4501953125,10752.7001953125,10646.400390625,10735.4501953125,development,0.12384873979949963,medium,10812.272509765626,10808.64998046875,10812.272509765626,downtrend,downtrend_medium
2019-02-21,10744.099609375,10808.849609375,10721.5,10789.849609375,development,0.12219433769762576,medium,10810.189990234376,10814.67796875,10810.189990234376,downtrend,downtrend_medium
2019-02-22,10782.7001953125,10801.5498046875,10758.400390625,10791.650390625,development,0.12200731080923924,medium,10807.28251953125,10819.52796875,10807.28251953125,downtrend,downtrend_medium
2019-02-25,10813.25,10887.099609375,10788.0498046875,10880.099609375,development,0.12324189090708651,medium,10812.260009765625,10822.37796875,10812.260009765625,uptrend,uptrend_medium
2019-02-26,10775.2998046875,10888.75,10729.2998046875,10835.2998046875,development,0.11694429919617727,medium,10820.947509765625,10823.25296875,10820.947509765625,uptrend,uptrend_medium
2019-02-27,10881.2001953125,10939.7001953125,10751.2001953125,10806.650390625,development,0.11745438068576833,medium,10828.67001953125,10823.27697265625,10828.67001953125,downtrend,downtrend_medium
2019-02-28,10865.7001953125,10865.7001953125,10784.849609375,10792.5,development,0.11765350164779496,medium,10835.705029296874,10821.35998046875,10835.705029296874,downtrend,downtrend_medium
2019-03-01,10842.650390625,10877.900390625,10823.099609375,10863.5,development,0.10382867718229029,medium,10837.33251953125,10820.4559765625,10837.33251953125,uptrend,uptrend_medium
2019-03-05,10864.849609375,10994.900390625,10817.0,10987.4501953125,development,0.10961845469197147,medium,10842.022509765626,10820.858984375,10842.022509765626,uptrend,uptrend_medium
2019-03-06,11024.849609375,11062.2998046875,10998.849609375,11053.0,development,0.11129503422998327,medium,10849.060009765624,10822.88498046875,10849.060009765624,uptrend,uptrend_medium
2019-03-07,11077.9501953125,11089.0498046875,11027.099609375,11058.2001953125,development,0.11117965560785545,medium,10855.2525390625,10828.968984375,10855.2525390625,uptrend,uptrend_medium
2019-03-08,11038.849609375,11049.0,11008.9501953125,11035.400390625,development,0.10337023333703739,medium,10853.900048828125,10836.4069921875,10853.900048828125,uptrend,uptrend_medium
2019-03-11,11068.75,11180.900390625,11059.849609375,11168.0498046875,development,0.11198837321454283,medium,10858.83251953125,10845.17099609375,10858.83251953125,uptrend,uptrend_medium
2019-03-12,11231.349609375,11320.400390625,11227.0,11301.2001953125,development,0.10984240345998009,medium,10876.712548828125,10855.59900390625,10876.712548828125,uptrend,uptrend_medium
2019-03-13,11326.2001953125,11352.2998046875,11276.599609375,11341.7001953125,development,0.10715562288546575,medium,10899.357568359375,10865.235,10899.357568359375,uptrend,uptrend_medium
2019-03-14,11382.5,11383.4501953125,11313.75,11343.25,development,0.10391789605105169,medium,10924.950048828125,10874.84900390625,10924.950048828125,uptrend,uptrend_medium
2019-03-15,11376.849609375,11487.0,11370.7998046875,11426.849609375,development,0.09797123738118116,low,10958.9900390625,10887.53599609375,10958.9900390625,uptrend,uptrend_low
2019-03-18,11473.849609375,11530.150390625,11412.5,11462.2001953125,development,0.09609836906367793,low,10995.880029296875,10903.335,10995.880029296875,uptrend,uptrend_low
2019-03-19,11500.2998046875,11543.849609375,11451.25,11532.400390625,development,0.08698006584393757,low,11040.4525390625,10919.436015625,11040.4525390625,uptrend,uptrend_low
2019-03-20,11553.349609375,11556.099609375,11503.099609375,11521.0498046875,development,0.08458144439764376,low,11086.287548828124,10934.421015625,11086.287548828124,uptrend,uptrend_low
2019-03-22,11549.2001953125,11572.7998046875,11434.5498046875,11456.900390625,development,0.08548171140962026,low,11122.36005859375,10947.516015625,11122.36005859375,uptrend,uptrend_low
2019-03-25,11395.650390625,11395.650390625,11311.599609375,11354.25,development,0.09548772411234219,low,11150.580078125,10957.4980078125,11150.580078125,uptrend,uptrend_low
2019-03-26,11375.2001953125,11496.75,11352.4501953125,11483.25,development,0.09991687824722956,medium,11185.16005859375,10970.731015625,11185.16005859375,uptrend,uptrend_medium
2019-03-27,11531.4501953125,11546.2001953125,11413.0,11445.0498046875,development,0.10053690825769397,medium,11213.407568359375,10983.7330078125,11213.407568359375,uptrend,uptrend_medium
2019-03-28,11463.650390625,11588.5,11452.4501953125,11570.0,development,0.10146629077883218,medium,11250.142578125,11000.381015625,11250.142578125,uptrend,uptrend_medium
2019-04-01,11665.2001953125,11738.099609375,11644.75,11669.150390625,development,0.10054950508326357,medium,11293.267578125,11016.02802734375,11293.267578125,uptrend,uptrend_medium
2019-04-02,11711.5498046875,11729.349609375,11655.849609375,11713.2001953125,development,0.09868107030974264,medium,11339.302587890625,11032.48603515625,11339.302587890625,uptrend,uptrend_medium
2019-04-03,11735.2998046875,11761.0,11629.150390625,11643.9501953125,development,0.10435108799283276,medium,11378.32509765625,11047.26103515625,11378.32509765625,uptrend,uptrend_medium
2019-04-04,11660.2001953125,11662.5498046875,11559.2001953125,11598.0,development,0.10313339942386243,medium,11408.852587890626,11061.08203125,11408.852587890626,uptrend,uptrend_medium
2019-04-05,11638.400390625,11689.650390625,11609.5,11665.9501953125,development,0.1030894915830702,medium,11439.50009765625,11075.16404296875,11439.50009765625,uptrend,uptrend_medium
2019-04-08,11704.349609375,11710.2998046875,11549.099609375,11604.5,development,0.10670062756576786,medium,11466.815087890625,11088.79904296875,11466.815087890625,uptrend,uptrend_medium
2019-04-09,11612.0498046875,11683.900390625,11569.7001953125,11671.9501953125,development,0.10595719363730571,medium,11498.642578125,11105.608046875,11498.642578125,uptrend,uptrend_medium
2019-04-10,11646.849609375,11680.0498046875,11571.75,11584.2998046875,development,0.10616572968986794,medium,11519.455078125,11120.298046875,11519.455078125,uptrend,uptrend_medium
2019-04-11,11592.5498046875,11606.7001953125,11550.5498046875,11596.7001953125,development,0.09927872325478185,medium,11534.230078125,11136.6210546875,11534.230078125,uptrend,uptrend_medium
2019-04-12,11612.849609375,11657.349609375,11578.7998046875,11643.4501953125,development,0.09942729791206512,medium,11549.317578125,11156.2590625,11549.317578125,uptrend,uptrend_medium
2019-04-15,11667.0,11704.599609375,11648.25,11690.349609375,development,0.09976551257690863,medium,11566.67255859375,11177.02205078125,11566.67255859375,uptrend,uptrend_medium
2019-04-16,11736.2001953125,11810.9501953125,11731.5498046875,11787.150390625,development,0.10052218963701508,medium,11584.68759765625,11199.7290625,11584.68759765625,uptrend,uptrend_medium
2019-04-18,11856.150390625,11856.150390625,11738.5,11752.7998046875,development,0.10157299853155,medium,11599.217578125,11218.1660546875,11599.217578125,uptrend,uptrend_medium
2019-04-22,11727.0498046875,11727.0498046875,11583.9501953125,11594.4501953125,development,0.11240035422455129,medium,11602.320068359375,11232.18205078125,11602.320068359375,downtrend,downtrend_medium
2019-04-23,11612.9501953125,11645.9501953125,11564.7998046875,11575.9501953125,development,0.11251332463172019,medium,11605.065087890625,11245.4560546875,11605.065087890625,downtrend,downtrend_medium
2019-04-24,11601.5,11740.849609375,11578.849609375,11726.150390625,development,0.11884562576412958,medium,11618.527587890625,11261.2920703125,11618.527587890625,uptrend,uptrend_medium
2019-04-25,11735.7001953125,11796.75,11624.2998046875,11641.7998046875,development,0.11699614096071219,medium,11632.905078125,11272.8790625,11632.905078125,uptrend,uptrend_medium
2019-04-26,11683.75,11762.900390625,11661.75,11754.650390625,development,0.11522588584966262,medium,11646.47509765625,11286.5840625,11646.47509765625,uptrend,uptrend_medium
2019-04-30,11748.75,11756.25,11655.900390625,11748.150390625,development,0.11419878019196748,medium,11661.630126953125,11302.675078125,11661.630126953125,uptrend,uptrend_medium
2019-05-02,11725.5498046875,11789.2998046875,11699.5498046875,11724.75,development,0.10889848865005143,medium,11669.367626953124,11319.39408203125,11669.367626953124,uptrend,uptrend_medium
2019-05-03,11722.599609375,11770.900390625,11699.349609375,11712.25,development,0.10494727685987001,medium,11671.522607421875,11337.01107421875,11671.522607421875,uptrend,uptrend_medium
2019-05-06,11605.7998046875,11632.5498046875,11571.349609375,11598.25,development,0.10969939834736221,medium,11665.77509765625,11354.055078125,11665.77509765625,downtrend,downtrend_medium
2019-05-07,11651.5,11657.0498046875,11484.4501953125,11497.900390625,development,0.11191102335860231,medium,11658.472607421874,11369.525078125,11658.472607421874,downtrend,downtrend_medium
2019-05-08,11478.7001953125,11479.099609375,11346.9501953125,11359.4501953125,development,0.11860329635720994,high,11646.5451171875,11383.895078125,11646.5451171875,downtrend,downtrend_high
2019-05-09,11322.400390625,11357.599609375,11255.0498046875,11301.7998046875,development,0.11653445559931233,medium,11628.33759765625,11397.84408203125,11628.33759765625,downtrend,downtrend_medium
2019-05-10,11314.150390625,11345.7998046875,11251.0498046875,11278.900390625,development,0.11573149846167044,medium,11612.0576171875,11408.7130859375,11612.0576171875,downtrend,downtrend_medium
2019-05-13,11258.7001953125,11300.2001953125,11125.599609375,11148.2001953125,development,0.11781869381996127,high,11585.8701171875,11415.88009765625,11585.8701171875,downtrend,downtrend_high
2019-05-14,11151.650390625,11294.75,11108.2998046875,11222.0498046875,development,0.12013606699041106,high,11567.7576171875,11424.4880859375,11567.7576171875,downtrend,downtrend_high
2019-05-15,11271.7001953125,11286.7998046875,11136.9501953125,11157.0,development,0.12061378696608342,high,11545.772607421875,11430.02609375,11545.772607421875,downtrend,downtrend_high
2019-05-16,11180.349609375,11281.5498046875,11143.349609375,11257.099609375,development,0.12503207562211954,high,11526.455078125,11438.46208984375,11526.455078125,downtrend,downtrend_high
2019-05-17,11261.900390625,11426.150390625,11259.849609375,11407.150390625,development,0.1346315318177142,high,11512.2951171875,11450.47208984375,11512.2951171875,downtrend,downtrend_high
2019-05-20,11651.900390625,11845.2001953125,11591.7001953125,11828.25,development,0.18881656458277019,high,11514.35009765625,11471.18708984375,11514.35009765625,uptrend,uptrend_high
2019-05-21,11863.650390625,11883.5498046875,11682.7998046875,11709.099609375,development,0.19208483523819392,high,11512.165087890626,11488.09908203125,11512.165087890626,uptrend,uptrend_high
2019-05-22,11727.9501953125,11784.7998046875,11682.400390625,11737.900390625,development,0.18560832567733204,high,11519.33759765625,11503.1080859375,11519.33759765625,uptrend,uptrend_high
2019-05-23,11901.2998046875,12041.150390625,11614.5,11657.0498046875,development,0.18741056633555522,high,11523.392578125,11515.18908203125,11523.392578125,uptrend,uptrend_high
2019-05-24,11748.0,11859.0,11658.099609375,11844.099609375,development,0.19043297586055288,high,11529.2900390625,11530.9070703125,11529.2900390625,uptrend,uptrend_high
2019-05-27,11855.5,11957.150390625,11812.400390625,11924.75,development,0.18934716759803188,high,11543.437548828126,11548.6940625,11543.437548828126,uptrend,uptrend_high
2019-05-28,11958.349609375,11958.5498046875,11864.900390625,11928.75,development,0.1867198769052022,high,11552.142529296874,11563.90806640625,11552.142529296874,uptrend,uptrend_high
2019-05-29,11905.7998046875,11931.900390625,11836.7998046875,11861.099609375,development,0.1880907241809664,high,11557.789990234374,11575.1060546875,11557.789990234374,uptrend,uptrend_high
2019-05-30,11865.2998046875,11968.5498046875,11859.400390625,11945.900390625,development,0.18925120792769864,high,11568.847509765625,11587.19005859375,11568.847509765625,uptrend,uptrend_high
2019-05-31,11999.7998046875,12039.25,11829.4501953125,11922.7998046875,development,0.1894019321815046,high,11579.375,11598.7810546875,11579.375,uptrend,uptrend_high
2019-06-03,11953.75,12103.0498046875,11920.099609375,12088.5498046875,development,0.1902858211677261,high,11603.889990234375,11612.01505859375,11603.889990234375,uptrend,uptrend_high
2019-06-04,12052.650390625,12095.2001953125,12005.849609375,12021.650390625,development,0.1882514005851546,high,11630.077490234375,11623.2040625,11630.077490234375,uptrend,uptrend_high
2019-06-06,12039.7998046875,12039.7998046875,11830.25,11843.75,development,0.19126650069755682,high,11654.29248046875,11629.4310546875,11654.29248046875,uptrend,uptrend_high
2019-06-07,11865.2001953125,11897.5,11769.5,11870.650390625,development,0.18934986447722463,high,11682.735009765625,11636.42306640625,11682.735009765625,uptrend,uptrend_high
2019-06-10,11934.900390625,11975.0498046875,11871.75,11922.7001953125,development,0.1886722705960767,high,11714.925,11645.7390625,11714.925,uptrend,uptrend_high
2019-06-11,11959.849609375,12000.349609375,11904.349609375,11965.599609375,development,0.18079993902781535,high,11755.794970703126,11657.9660546875,11755.794970703126,uptrend,uptrend_high
2019-06-12,11962.4501953125,11962.4501953125,11866.349609375,11906.2001953125,development,0.18290051803241114,high,11790.002490234376,11666.42505859375,11790.002490234376,uptrend,uptrend_high
2019-06-13,11873.900390625,11931.349609375,11817.0498046875,11914.0498046875,development,0.18018581001720674,high,11827.85498046875,11675.80505859375,11827.85498046875,uptrend,uptrend_high
2019-06-14,11910.099609375,11911.849609375,11797.7001953125,11823.2998046875,development,0.18292020451574975,high,11856.164990234374,11680.8710546875,11856.164990234374,downtrend,downtrend_high
2019-06-17,11844.0,11844.0498046875,11657.75,11672.150390625,development,0.18591285272514815,high,11869.414990234374,11680.9310546875,11869.414990234374,downtrend,downtrend_high
2019-06-18,11677.0498046875,11727.2001953125,11641.150390625,11691.5,development,0.1297540454361915,high,11862.577490234375,11680.49705078125,11862.577490234375,downtrend,downtrend_high
2019-06-19,11744.4501953125,11802.5,11625.099609375,11691.4501953125,development,0.12477903625922283,medium,11861.69501953125,11681.44705078125,11861.69501953125,downtrend,downtrend_medium
2019-06-20,11653.650390625,11843.5,11635.0498046875,11831.75,development,0.13172253944397821,high,11866.3875,11686.12205078125,11866.3875,downtrend,downtrend_high
2019-06-21,11827.599609375,11827.9501953125,11705.099609375,11724.099609375,development,0.13357221144299705,high,11869.739990234375,11687.2850390625,11869.739990234375,downtrend,downtrend_high
2019-06-24,11725.7998046875,11754.0,11670.2001953125,11699.650390625,development,0.12008480287085743,medium,11862.517529296874,11689.188046875,11862.517529296874,downtrend,downtrend_medium
2019-06-25,11681.0,11814.400390625,11651.0,11796.4501953125,development,0.12138640750325948,medium,11856.1025390625,11691.678046875,11856.1025390625,downtrend,downtrend_medium
2019-06-26,11768.150390625,11871.849609375,11757.5498046875,11847.5498046875,development,0.12257987632470166,medium,11852.042529296876,11696.943046875,11852.042529296876,downtrend,downtrend_medium
2019-06-27,11860.849609375,11911.150390625,11821.0498046875,11841.5498046875,development,0.1209456870351981,medium,11851.0650390625,11701.8400390625,11851.0650390625,downtrend,downtrend_medium
2019-06-28,11861.150390625,11871.7001953125,11775.5,11788.849609375,development,0.11877072889933929,medium,11843.2125,11704.74802734375,11843.2125,downtrend,downtrend_medium
2019-07-01,11839.900390625,11884.650390625,11830.7998046875,11865.599609375,development,0.12130116540928343,medium,11840.352490234374,11708.25302734375,11840.352490234374,uptrend,uptrend_medium
2019-07-02,11890.2998046875,11917.4501953125,11814.7001953125,11910.2998046875,development,0.1105152673746402,medium,11831.439990234376,11710.716015625,11831.439990234376,uptrend,uptrend_medium
2019-07-03,11932.150390625,11945.2001953125,11887.0498046875,11916.75,development,0.10909984049753732,medium,11826.194970703125,11713.99501953125,11826.194970703125,uptrend,uptrend_medium
2019-07-04,11928.7998046875,11969.25,11923.650390625,11946.75,development,0.09525959986487523,low,11831.344970703125,11721.041015625,11831.344970703125,uptrend,uptrend_low
2019-07-05,11964.75,11981.75,11797.900390625,11811.150390625,development,0.10370282548440055,medium,11828.369970703125,11725.74501953125,11828.369970703125,downtrend,downtrend_medium
2019-07-08,11770.400390625,11771.900390625,11523.2998046875,11558.599609375,development,0.12635329999698922,medium,11810.16494140625,11722.39400390625,11810.16494140625,downtrend,downtrend_medium
2019-07-09,11531.599609375,11582.5498046875,11461.0,11555.900390625,development,0.1250200516394708,medium,11789.67998046875,11720.676015625,11789.67998046875,downtrend,downtrend_medium
2019-07-10,11536.150390625,11593.7001953125,11475.650390625,11498.900390625,development,0.12500918245966008,medium,11769.314990234376,11715.561015625,11769.314990234376,downtrend,downtrend_medium
2019-07-11,11561.4501953125,11599.0,11519.5,11582.900390625,development,0.1288461728953986,medium,11752.75751953125,11712.256015625,11752.75751953125,downtrend,downtrend_medium
2019-07-12,11601.150390625,11639.5498046875,11538.599609375,11552.5,development,0.12684243834127065,medium,11739.217529296875,11708.811015625,11739.217529296875,downtrend,downtrend_medium
2019-07-15,11614.75,11618.400390625,11532.2998046875,11588.349609375,development,0.11981998511971763,medium,11735.027490234375,11706.3330078125,11735.027490234375,downtrend,downtrend_medium
2019-07-16,11596.650390625,11670.0498046875,11573.9501953125,11662.599609375,development,0.12203225969111968,medium,11733.582470703124,11707.62,11733.582470703124,downtrend,downtrend_medium
2019-07-17,11670.75,11706.650390625,11651.150390625,11687.5,development,0.12228948425053665,medium,11733.3849609375,11711.4119921875,11733.3849609375,downtrend,downtrend_medium
2019-07-18,11675.599609375,11677.150390625,11582.400390625,11596.900390625,development,0.11657196427214546,medium,11721.64248046875,11716.16099609375,11721.64248046875,downtrend,downtrend_medium
2019-07-19,11627.9501953125,11640.349609375,11399.2998046875,11419.25,development,0.12416420709770085,medium,11706.4,11718.51,11706.4,downtrend,downtrend_medium
2019-07-22,11392.849609375,11398.150390625,11301.25,11346.2001953125,development,0.12546826896907673,medium,11688.727490234374,11719.85599609375,11688.727490234374,downtrend,downtrend_medium
2019-07-23,11372.25,11398.150390625,11302.7998046875,11331.0498046875,development,0.12005721918748939,medium,11665.457470703124,11723.51298828125,11665.457470703124,downtrend,downtrend_medium
2019-07-24,11322.4501953125,11359.75,11229.7998046875,11271.2998046875,development,0.11818285662014369,medium,11636.644970703124,11724.49798828125,11636.644970703124,downtrend,downtrend_medium
2019-07-25,11290.400390625,11361.400390625,11239.349609375,11252.150390625,development,0.11799660698202628,medium,11607.175,11726.40099609375,11607.175,downtrend,downtrend_medium
2019-07-26,11247.4501953125,11307.599609375,11210.0498046875,11284.2998046875,development,0.1192579069178743,medium,11581.947509765625,11726.945,11581.947509765625,downtrend,downtrend_medium
2019-07-29,11307.5,11310.9501953125,11152.400390625,11189.2001953125,development,0.11661615474048016,medium,11548.1275390625,11722.58599609375,11548.1275390625,downtrend,downtrend_medium
2019-07-30,11213.7001953125,11267.4501953125,11072.650390625,11085.400390625,development,0.11590796763093598,medium,11506.882568359375,11707.72900390625,11506.882568359375,downtrend,downtrend_medium
2019-07-31,11034.0498046875,11145.2998046875,10999.400390625,11118.0,development,0.11733717839247303,medium,11466.945068359375,11695.90701171875,11466.945068359375,downtrend,downtrend_medium
2019-08-01,11060.2001953125,11076.75,10881.0,10980.0,development,0.11924107435763713,medium,11418.607568359375,11680.74900390625,11418.607568359375,downtrend,downtrend_medium
2019-08-02,10930.2998046875,11080.150390625,10848.9501953125,10997.349609375,development,0.11775757713741952,medium,11377.917529296876,11667.555,11377.917529296876,downtrend,downtrend_medium
2019-08-05,10895.7998046875,10895.7998046875,10782.599609375,10862.599609375,development,0.10293365451578633,low,11343.117529296875,11647.925,11343.117529296875,downtrend,downtrend_low
2019-08-06,10815.400390625,11018.5498046875,10813.7998046875,10948.25,development,0.10972169925859128,medium,11312.735009765625,11628.395,11312.735009765625,downtrend,downtrend_medium
2019-08-07,10958.099609375,10975.650390625,10835.900390625,10855.5,development,0.111394187875226,medium,11280.564990234376,11606.93,11280.564990234376,downtrend,downtrend_medium
2019-08-08,10899.2001953125,11058.0498046875,10842.9501953125,11032.4501953125,development,0.1259036368675829,medium,11253.04248046875,11590.35701171875,11253.04248046875,downtrend,downtrend_medium
2019-08-09,11087.900390625,11181.4501953125,11062.7998046875,11109.650390625,development,0.13023589777259312,high,11230.9,11573.63201171875,11230.9,downtrend,downtrend_high
2019-08-13,11139.400390625,11145.900390625,10901.599609375,10925.849609375,development,0.1385895040852676,high,11197.775,11553.6930078125,11197.775,downtrend,downtrend_high
2019-08-14,11003.25,11078.150390625,10935.599609375,11029.400390625,development,0.14171831656030798,high,11166.1150390625,11532.51001953125,11166.1150390625,downtrend,downtrend_high
2019-08-16,11043.650390625,11068.650390625,10924.2998046875,11047.7998046875,development,0.1415144515498662,high,11134.130029296875,11513.0330078125,11134.130029296875,downtrend,downtrend_high
2019-08-19,11094.7998046875,11146.900390625,11037.849609375,11053.900390625,development,0.1407068375013876,high,11106.980029296876,11497.236015625,11106.980029296876,downtrend,downtrend_high
2019-08-20,11063.900390625,11076.2998046875,10985.2998046875,11017.0,development,0.13224159478717498,medium,11086.867529296875,11480.1630078125,11086.867529296875,downtrend,downtrend_medium
2019-08-21,11018.150390625,11034.2001953125,10906.650390625,10918.7001953125,development,0.13371219708684032,medium,11065.492529296875,11460.0830078125,11065.492529296875,downtrend,downtrend_medium
2019-08-22,10905.2998046875,10908.25,10718.2998046875,10741.349609375,development,0.14304487353551765,high,11036.00751953125,11435.5980078125,11036.00751953125,downtrend,downtrend_high
2019-08-23,10699.599609375,10862.5498046875,10637.150390625,10829.349609375,development,0.14765661840940905,high,11013.910009765625,11414.06099609375,11013.910009765625,downtrend,downtrend_high
2019-08-26,11000.2998046875,11070.2998046875,10756.5498046875,11057.849609375,development,0.1688426810068079,high,11004.194970703125,11396.9369921875,11004.194970703125,uptrend,uptrend_high
2019-08-27,11106.5498046875,11141.75,11049.5,11105.349609375,development,0.1693343051638167,high,10995.2474609375,11382.57798828125,10995.2474609375,uptrend,uptrend_high
2019-08-28,11101.2998046875,11129.650390625,10987.650390625,11046.099609375,development,0.16782252526785416,high,10988.092431640625,11370.05697265625,10988.092431640625,uptrend,uptrend_high
2019-08-29,10996.0498046875,11021.099609375,10922.400390625,10948.2998046875,development,0.1675386143626457,high,10981.23740234375,11355.19296875,10981.23740234375,downtrend,downtrend_high
2019-08-30,10987.7998046875,11042.599609375,10874.7998046875,11023.25,development,0.16918899507331703,high,10976.49990234375,11341.82896484375,10976.49990234375,uptrend,uptrend_high
2019-09-03,10960.9501953125,10967.5,10772.7001953125,10797.900390625,development,0.17889116714905956,high,10967.394921875,11321.15197265625,10967.394921875,downtrend,downtrend_high
2019-09-04,10790.400390625,10858.75,10746.349609375,10844.650390625,development,0.1796360106347356,high,10959.7599609375,11303.56298828125,10959.7599609375,downtrend,downtrend_high
2019-09-05,10860.9501953125,10920.099609375,10816.0,10847.900390625,development,0.1743185903054189,high,10959.025,11286.52798828125,10959.025,downtrend,downtrend_high
2019-09-06,10883.7998046875,10957.0498046875,10867.4501953125,10946.2001953125,development,0.17507389570227744,high,10958.922509765625,11269.52298828125,10958.922509765625,downtrend,downtrend_high
2019-09-09,10936.7001953125,11028.849609375,10889.7998046875,11003.0498046875,development,0.1729604635122914,high,10966.3,11252.63298828125,10966.3,uptrend,uptrend_high
2019-09-11,11028.5,11054.7998046875,11011.650390625,11035.7001953125,development,0.16324492856970832,high,10966.4625,11236.51599609375,10966.4625,uptrend,uptrend_high
2019-09-12,11058.2998046875,11081.75,10964.9501953125,10982.7998046875,development,0.16196414657733552,high,10960.119970703125,11220.395,10960.119970703125,uptrend,uptrend_high
2019-09-13,10986.7998046875,11084.4501953125,10945.75,11075.900390625,development,0.15325828876646427,high,10967.622509765624,11204.601015625,10967.622509765624,uptrend,uptrend_high
2019-09-16,10994.849609375,11052.7001953125,10968.2001953125,11003.5,development,0.15166424575547754,high,10966.327490234375,11186.46501953125,10966.327490234375,uptrend,uptrend_high
2019-09-17,11000.099609375,11000.099609375,10796.5,10817.599609375,development,0.16274462156577116,high,10954.81748046875,11164.48201171875,10954.81748046875,downtrend,downtrend_high
2019-09-18,10872.7998046875,10885.150390625,10804.849609375,10840.650390625,development,0.163040819213254,high,10944.15498046875,11142.36001953125,10944.15498046875,downtrend,downtrend_high
2019-09-19,10845.2001953125,10845.2001953125,10670.25,10704.7998046875,development,0.16803613036710463,high,10928.544970703126,11120.2330078125,10928.544970703126,downtrend,downtrend_high
2019-09-20,10746.7998046875,11381.900390625,10691.0,11274.2001953125,development,0.25382243468679194,high,10946.319970703125,11114.54501953125,10946.319970703125,uptrend,uptrend_high
2019-09-23,11542.7001953125,11694.849609375,11471.349609375,11600.2001953125,development,0.2619163220195507,high,10989.2625,11115.431015625,10989.2625,uptrend,uptrend_high
2019-09-24,11590.7001953125,11655.0498046875,11539.2001953125,11588.2001953125,development,0.2619961260714259,high,11027.205029296874,11117.21701171875,11027.205029296874,uptrend,uptrend_high
2019-09-25,11564.849609375,11564.9501953125,11416.099609375,11440.2001953125,development,0.25942554140253404,high,11046.32255859375,11114.3630078125,11046.32255859375,uptrend,uptrend_high
2019-09-26,11469.849609375,11610.849609375,11466.349609375,11571.2001953125,development,0.26156357663293806,high,11069.615087890625,11114.73701171875,11069.615087890625,uptrend,uptrend_high
2019-09-27,11556.349609375,11593.599609375,11499.75,11512.400390625,development,0.2614683855796509,high,11092.930126953124,11113.21802734375,11092.930126953124,uptrend,uptrend_high
2019-09-30,11491.150390625,11508.25,11390.7998046875,11474.4501953125,development,0.25908672557451534,high,11119.237646484375,11109.4550390625,11119.237646484375,uptrend,uptrend_high
2019-10-01,11515.400390625,11554.2001953125,11247.900390625,11359.900390625,development,0.2621883841810843,high,11136.070166015625,11102.903046875,11136.070166015625,uptrend,uptrend_high
2019-10-03,11322.25,11370.400390625,11257.349609375,11314.0,development,0.2500552049190036,high,11161.875146484375,11097.2450390625,11161.875146484375,uptrend,uptrend_high
2019-10-04,11388.4501953125,11400.2998046875,11158.349609375,11174.75,development,0.2553173695432301,high,11178.380126953125,11092.3550390625,11178.380126953125,downtrend,downtrend_high
2019-10-07,11196.2001953125,11233.849609375,11112.650390625,11126.400390625,development,0.2561616016322277,high,11192.305126953124,11087.95904296875,11192.305126953124,downtrend,downtrend_high
2019-10-09,11152.9501953125,11321.599609375,11090.150390625,11313.2998046875,development,0.2606670045786037,high,11210.660107421874,11087.60404296875,11210.660107421874,uptrend,uptrend_high
2019-10-10,11280.5,11293.349609375,11208.5498046875,11234.5498046875,development,0.26212002047177446,high,11222.235107421875,11086.86904296875,11222.235107421875,uptrend,uptrend_high
2019-10-11,11257.7001953125,11362.900390625,11189.400390625,11305.0498046875,development,0.2626834931354978,high,11235.702587890624,11087.92703125,11235.702587890624,uptrend,uptrend_high
2019-10-14,11335.900390625,11420.4501953125,11290.0498046875,11341.150390625,development,0.2617406810912253,high,11253.6201171875,11089.06404296875,11253.6201171875,uptrend,uptrend_high
2019-10-15,11360.849609375,11462.349609375,11342.099609375,11428.2998046875,development,0.26148483213326473,high,11271.240087890625,11093.84603515625,11271.240087890625,uptrend,uptrend_high
2019-10-16,11464.9501953125,11481.0498046875,11411.099609375,11464.0,development,0.25969426959927894,high,11294.265087890624,11101.41802734375,11294.265087890624,uptrend,uptrend_high
2019-10-17,11466.2998046875,11599.099609375,11439.650390625,11586.349609375,development,0.25113828724569365,high,11332.702587890624,11110.78501953125,11332.702587890624,uptrend,uptrend_high
2019-10-18,11580.2998046875,11684.7001953125,11553.150390625,11661.849609375,development,0.25129084232179894,high,11373.762548828125,11124.42201171875,11373.762548828125,uptrend,uptrend_high
2019-10-22,11657.150390625,11714.349609375,11573.650390625,11588.349609375,development,0.24686375049766057,high,11417.9400390625,11136.24201171875,11417.9400390625,uptrend,uptrend_high
2019-10-23,11596.2001953125,11651.599609375,11554.400390625,11604.099609375,development,0.16515680981918152,high,11434.435009765624,11151.07201171875,11434.435009765624,uptrend,uptrend_high
2019-10-24,11661.650390625,11679.599609375,11534.650390625,11582.599609375,development,0.12970939676107565,medium,11433.55498046875,11163.75900390625,11433.55498046875,uptrend,uptrend_medium
2019-10-25,11646.150390625,11646.900390625,11490.75,11583.900390625,development,0.1296571466409872,medium,11433.339990234375,11178.32701171875,11433.339990234375,uptrend,uptrend_medium
2019-10-29,11643.9501953125,11809.400390625,11627.349609375,11786.849609375,development,0.13453495404776256,medium,11450.6724609375,11193.415,11450.6724609375,uptrend,uptrend_medium
2019-10-30,11883.900390625,11883.9501953125,11784.4501953125,11844.099609375,development,0.13004548811345792,medium,11464.317431640626,11208.103984375,11464.317431640626,uptrend,uptrend_medium
2019-10-31,11890.4501953125,11945.0,11855.099609375,11877.4501953125,development,0.12799289473207304,medium,11482.569921875,11227.13599609375,11482.569921875,uptrend,uptrend_medium
2019-11-01,11886.599609375,11918.2998046875,11843.349609375,11890.599609375,development,0.12670986804222456,medium,11503.377392578124,11244.35998046875,11503.377392578124,uptrend,uptrend_medium
2019-11-04,11928.900390625,11989.150390625,11905.349609375,11941.2998046875,development,0.11897447683894623,medium,11532.44736328125,11262.22998046875,11532.44736328125,uptrend,uptrend_medium
2019-11-05,11974.599609375,11978.9501953125,11861.900390625,11917.2001953125,development,0.11770395560183693,medium,11562.607373046874,11279.4959765625,11562.607373046874,uptrend,uptrend_medium
2019-11-06,11911.5,12002.900390625,11850.25,11966.0498046875,development,0.10366467050064025,low,11602.17236328125,11298.47697265625,11602.17236328125,uptrend,uptrend_low
2019-11-07,12021.099609375,12021.400390625,11946.849609375,12012.0498046875,development,0.09951242680340293,low,11646.454833984375,11320.34396484375,11646.454833984375,uptrend,uptrend_low
2019-11-08,11987.150390625,12034.150390625,11888.75,11908.150390625,development,0.09656928255312544,low,11676.19736328125,11343.67998046875,11676.19736328125,uptrend,uptrend_low
2019-11-11,11879.2001953125,11932.650390625,11853.9501953125,11913.4501953125,development,0.09023194720691795,low,11710.1423828125,11365.3619921875,11710.1423828125,uptrend,uptrend_low
2019-11-13,11908.2998046875,11946.7998046875,11823.2001953125,11840.4501953125,development,0.09480044123512461,low,11736.91240234375,11381.01400390625,11736.91240234375,uptrend,uptrend_low
2019-11-14,11858.75,11895.650390625,11802.650390625,11872.099609375,development,0.09475580641993143,low,11763.45986328125,11396.34900390625,11763.45986328125,uptrend,uptrend_low
2019-11-15,11904.2001953125,11973.650390625,11879.25,11895.4501953125,development,0.09260142639429918,low,11786.8173828125,11413.336015625,11786.8173828125,uptrend,uptrend_low
2019-11-18,11915.150390625,11946.2001953125,11867.599609375,11884.5,development,0.09307435524579184,low,11807.8423828125,11432.06001953125,11807.8423828125,uptrend,uptrend_low
2019-11-19,11919.4501953125,11958.849609375,11881.75,11940.099609375,development,0.08779422395064664,low,11825.5298828125,11450.39701171875,11825.5298828125,uptrend,uptrend_low
2019-11-20,12004.75,12038.599609375,11966.0498046875,11999.099609375,development,0.0867774075858758,low,11842.3923828125,11474.42099609375,11842.3923828125,uptrend,uptrend_low
2019-11-21,12025.650390625,12028.2001953125,11956.900390625,11968.400390625,development,0.08329412842438866,low,11861.394921875,11496.89599609375,11861.394921875,uptrend,uptrend_low
2019-11-22,11967.2998046875,11968.099609375,11883.5,11914.400390625,development,0.08610493661258317,low,11876.9099609375,11518.22599609375,11876.9099609375,uptrend,uptrend_low
2019-11-25,11922.4501953125,12084.5,11919.75,12073.75,development,0.09512263731597974,low,11901.46748046875,11540.7769921875,11901.46748046875,uptrend,uptrend_low
2019-11-26,12110.2001953125,12132.4501953125,12006.349609375,12037.7001953125,development,0.09660354713757922,low,11924.157470703125,11561.47,11924.157470703125,uptrend,uptrend_low
2019-11-27,12068.5,12114.900390625,12055.150390625,12100.7001953125,development,0.07846538673614985,low,11939.85,11582.77,11939.85,uptrend,uptrend_low
2019-11-28,12132.099609375,12158.7998046875,12099.9501953125,12151.150390625,development,0.078091945034529,low,11955.2025390625,11606.13701171875,11955.2025390625,uptrend,uptrend_low
2019-11-29,12146.2001953125,12147.400390625,12017.400390625,12056.0498046875,development,0.08423319573257895,low,11964.13251953125,11625.74,11964.13251953125,uptrend,uptrend_low
2019-12-02,12137.0498046875,12137.150390625,12023.7001953125,12048.2001953125,development,0.08436816594373919,low,11972.012548828125,11646.63400390625,11972.012548828125,uptrend,uptrend_low
2019-12-03,12067.650390625,12068.599609375,11956.400390625,11994.2001953125,development,0.08513787518481224,low,11974.657568359375,11670.166015625,11974.657568359375,uptrend,uptrend_low
2019-12-04,11969.9501953125,12054.7001953125,11935.2998046875,12043.2001953125,development,0.08575019313412573,low,11980.957568359376,11694.21701171875,11980.957568359376,uptrend,uptrend_low
2019-12-05,12071.25,12081.2001953125,11998.75,12018.400390625,development,0.08514412750928842,low,11983.57509765625,11720.4890234375,11983.57509765625,uptrend,uptrend_low
2019-12-06,12047.349609375,12057.0498046875,11888.849609375,11921.5,development,0.08885354160118893,low,11979.047607421875,11733.43501953125,11979.047607421875,downtrend,downtrend_low
2019-12-09,11939.099609375,11981.9501953125,11888.0498046875,11937.5,development,0.08340661877428152,low,11980.515087890624,11740.181015625,11980.515087890624,downtrend,downtrend_low
2019-12-10,11950.5,11953.2001953125,11844.7001953125,11856.7998046875,development,0.08690092843455756,low,11977.682568359374,11745.5530078125,11977.682568359374,downtrend,downtrend_low
2019-12-11,11867.349609375,11923.2001953125,11832.2998046875,11910.150390625,development,0.08550197811818394,low,11981.167578125,11754.95201171875,11981.167578125,downtrend,downtrend_low
2019-12-12,11944.2998046875,12005.5,11934.0,11971.7998046875,development,0.08687132740437868,low,11986.152587890625,11762.96400390625,11986.152587890625,downtrend,downtrend_low
2019-12-13,12026.400390625,12098.849609375,12023.599609375,12086.7001953125,development,0.09268706535914525,low,11995.715087890625,11774.45,11995.715087890625,uptrend,uptrend_low
2019-12-16,12131.349609375,12134.650390625,12046.2998046875,12053.9501953125,development,0.09334632008059351,low,12004.18759765625,11786.04,12004.18759765625,uptrend,uptrend_low
2019-12-17,12082.4501953125,12182.75,12070.349609375,12165.0,development,0.09720169771239304,low,12015.4326171875,11802.1419921875,12015.4326171875,uptrend,uptrend_low
2019-12-18,12197.0,12237.7001953125,12163.4501953125,12221.650390625,development,0.09705193397732058,low,12026.56015625,11820.295,12026.56015625,uptrend,uptrend_low
2019-12-19,12223.400390625,12268.349609375,12191.150390625,12259.7001953125,development,0.09642877827584971,low,12041.125146484375,11841.99400390625,12041.125146484375,uptrend,uptrend_low
2019-12-20,12266.4501953125,12293.900390625,12252.75,12271.7998046875,development,0.09403901480014598,low,12058.9951171875,11864.9019921875,12058.9951171875,uptrend,uptrend_low
2019-12-23,12235.4501953125,12287.150390625,12213.25,12262.75,development,0.08310132951989446,low,12068.4451171875,11883.89099609375,12068.4451171875,uptrend,uptrend_low
2019-12-24,12269.25,12283.7001953125,12202.099609375,12214.5498046875,development,0.08373594517375443,low,12077.28759765625,11903.49099609375,12077.28759765625,uptrend,uptrend_low
2019-12-26,12211.849609375,12221.5498046875,12118.849609375,12126.5498046875,development,0.08648297404242371,low,12078.580078125,11919.92099609375,12078.580078125,uptrend,uptrend_low
2019-12-27,12172.900390625,12258.4501953125,12157.900390625,12245.7998046875,development,0.09215164515359257,low,12083.312548828126,11938.013984375,12083.312548828126,uptrend,uptrend_low
2019-12-30,12274.900390625,12286.4501953125,12213.7998046875,12255.849609375,development,0.08686876108892298,low,12093.3025390625,11954.56498046875,12093.3025390625,uptrend,uptrend_low
2019-12-31,12247.099609375,12247.099609375,12151.7998046875,12168.4501953125,development,0.09127416855360258,low,12099.3150390625,11968.653984375,12099.3150390625,uptrend,uptrend_low
2020-01-01,12202.150390625,12222.2001953125,12165.2998046875,12182.5,oos,0.08935626356768919,low,12108.730029296876,11980.5769921875,12108.730029296876,uptrend,uptrend_low
2020-01-02,12198.5498046875,12289.900390625,12195.25,12282.2001953125,oos,0.09248789168477493,low,12120.680029296875,11992.98400390625,12120.680029296875,uptrend,uptrend_low
2020-01-03,12261.099609375,12265.599609375,12191.349609375,12226.650390625,oos,0.09396990022041178,low,12131.092529296875,12005.75001953125,12131.092529296875,uptrend,uptrend_low
2020-01-06,12170.599609375,12179.099609375,11974.2001953125,11993.0498046875,oos,0.11395337995271189,medium,12134.67001953125,12013.5290234375,12134.67001953125,downtrend,downtrend_medium
2020-01-07,12079.099609375,12152.150390625,12005.349609375,12052.9501953125,oos,0.11511787695010944,medium,12140.442529296875,12022.93603515625,12140.442529296875,downtrend,downtrend_medium
2020-01-08,11939.099609375,12044.9501953125,11929.599609375,12025.349609375,oos,0.11243770153752147,medium,12148.87001953125,12031.76501953125,12148.87001953125,downtrend,downtrend_medium
2020-01-09,12153.150390625,12224.0498046875,12132.5498046875,12215.900390625,oos,0.12409216592335633,medium,12164.15751953125,12040.34603515625,12164.15751953125,uptrend,uptrend_medium
2020-01-10,12271.0,12311.2001953125,12213.2001953125,12256.7998046875,oos,0.12350250694280679,medium,12178.40751953125,12048.6000390625,12178.40751953125,uptrend,uptrend_medium
2020-01-13,12296.7001953125,12337.75,12285.7998046875,12329.5498046875,oos,0.12085799624555162,medium,12190.55,12057.64203125,12190.55,uptrend,uptrend_medium
2020-01-14,12333.099609375,12374.25,12308.7001953125,12362.2998046875,oos,0.12015903062845838,medium,12205.96748046875,12067.07603515625,12205.96748046875,uptrend,uptrend_medium
2020-01-15,12349.400390625,12355.150390625,12278.75,12343.2998046875,oos,0.1167703815918412,medium,12214.882470703125,12075.11603515625,12214.882470703125,uptrend,uptrend_medium
2020-01-16,12347.099609375,12389.0498046875,12315.7998046875,12355.5,oos,0.11586654265717068,medium,12221.574951171875,12083.88203125,12221.574951171875,uptrend,uptrend_medium
2020-01-17,12328.400390625,12385.4501953125,12321.400390625,12352.349609375,oos,0.11550228334765422,medium,12226.207421875,12091.60802734375,12226.207421875,uptrend,uptrend_medium
2020-01-20,12430.5,12430.5,12216.900390625,12224.5498046875,oos,0.12158611434505498,medium,12223.844921875,12095.85802734375,12223.844921875,uptrend,uptrend_medium
2020-01-21,12195.2998046875,12230.0498046875,12162.2998046875,12169.849609375,oos,0.12253943766372644,medium,12219.19990234375,12101.09201171875,12219.19990234375,downtrend,downtrend_medium
2020-01-22,12218.349609375,12225.0498046875,12087.900390625,12106.900390625,oos,0.12309853098441156,medium,12213.817431640626,12104.961015625,12213.817431640626,downtrend,downtrend_medium
2020-01-23,12123.75,12189.0,12094.099609375,12180.349609375,oos,0.12240051551887712,medium,12216.507421875,12111.75900390625,12216.507421875,downtrend,downtrend_medium
2020-01-24,12174.5498046875,12272.150390625,12149.650390625,12248.25,oos,0.118859724023657,medium,12216.629931640626,12119.28201171875,12216.629931640626,uptrend,uptrend_medium
2020-01-27,12197.099609375,12216.599609375,12107.0,12119.0,oos,0.12458299326620365,medium,12209.787451171875,12123.7530078125,12209.787451171875,downtrend,downtrend_medium
2020-01-28,12148.099609375,12163.5498046875,12024.5,12055.7998046875,oos,0.1234169300133287,medium,12204.154931640625,12127.17900390625,12204.154931640625,downtrend,downtrend_medium
2020-01-29,12114.900390625,12169.599609375,12103.7998046875,12129.5,oos,0.12550215131122167,high,12201.504931640626,12130.96701171875,12201.504931640626,downtrend,downtrend_high
2020-01-30,12147.75,12150.2998046875,12010.599609375,12035.7998046875,oos,0.12412369267875237,medium,12189.184912109375,12131.701015625,12189.184912109375,downtrend,downtrend_medium
2020-01-31,12100.400390625,12103.5498046875,11945.849609375,11962.099609375,oos,0.12485687394480817,medium,12175.957373046875,12131.575,12175.957373046875,downtrend,downtrend_medium
2020-02-03,11627.4501953125,11749.849609375,11614.5,11707.900390625,oos,0.12912607105333745,high,12161.69990234375,12127.445,12161.69990234375,downtrend,downtrend_high
2020-02-04,11786.25,11986.150390625,11783.400390625,11979.650390625,oos,0.15438215000555128,high,12158.034912109375,12125.5630078125,12158.034912109375,downtrend,downtrend_high
2020-02-05,12005.849609375,12098.150390625,11953.349609375,12089.150390625,oos,0.1576852590888359,high,12161.224951171875,12126.59201171875,12161.224951171875,downtrend,downtrend_high
2020-02-06,12120.0,12160.599609375,12084.650390625,12137.9501953125,oos,0.14749782605483094,high,12157.32744140625,12127.33701171875,12157.32744140625,downtrend,downtrend_high
2020-02-07,12151.150390625,12154.7001953125,12073.9501953125,12098.349609375,oos,0.1472080179550835,high,12149.404931640625,12126.28099609375,12149.404931640625,downtrend,downtrend_high
2020-02-10,12102.349609375,12103.5498046875,11990.75,12031.5,oos,0.14606660262090984,high,12134.50244140625,12125.79,12134.50244140625,downtrend,downtrend_high
2020-02-11,12108.400390625,12172.2998046875,12099.0,12107.900390625,oos,0.1479307665215289,high,12121.782470703125,12126.98400390625,12121.782470703125,downtrend,downtrend_high
2020-02-12,12151.0,12231.75,12144.2998046875,12201.2001953125,oos,0.15108849480620548,high,12114.677490234375,12131.12400390625,12114.677490234375,uptrend,uptrend_high
2020-02-13,12219.5498046875,12225.650390625,12139.7998046875,12174.650390625,oos,0.15108262965130465,high,12105.635009765625,12133.7530078125,12105.635009765625,uptrend,uptrend_high
2020-02-14,12190.150390625,12246.7001953125,12091.2001953125,12113.4501953125,oos,0.15184630065321367,high,12093.6900390625,12135.65400390625,12093.6900390625,uptrend,uptrend_high
2020-02-17,12131.7998046875,12159.599609375,12037.0,12045.7998046875,oos,0.148842155227188,high,12084.7525390625,12138.14,12084.7525390625,downtrend,downtrend_high
2020-02-18,12028.25,12030.75,11908.0498046875,11992.5,oos,0.14882546615918038,high,12075.88505859375,12139.24,12075.88505859375,downtrend,downtrend_high
2020-02-19,12090.599609375,12134.7001953125,12042.099609375,12125.900390625,oos,0.15348722884586272,high,12076.83505859375,12144.62201171875,12076.83505859375,uptrend,uptrend_high
2020-02-20,12119.0,12152.0,12071.4501953125,12080.849609375,oos,0.15238651000407835,high,12071.86005859375,12148.03599609375,12071.86005859375,uptrend,uptrend_high
2020-02-24,12012.5498046875,12012.5498046875,11813.400390625,11829.400390625,oos,0.16684450251123306,high,12050.917578125,12145.1880078125,12050.917578125,downtrend,downtrend_high
2020-02-25,11877.5,11883.0498046875,11779.900390625,11797.900390625,oos,0.16360234455847467,high,12034.86259765625,12139.41201171875,12034.86259765625,downtrend,downtrend_high
2020-02-26,11738.5498046875,11783.25,11639.599609375,11678.5,oos,0.16607078236853912,high,12015.997607421876,12131.9030078125,12015.997607421876,downtrend,downtrend_high
2020-02-27,11661.25,11663.849609375,11536.7001953125,11633.2998046875,oos,0.16373604577854406,high,11991.18759765625,12121.26900390625,11991.18759765625,downtrend,downtrend_high
2020-02-28,11382.0,11384.7998046875,11175.0498046875,11201.75,oos,0.20521101003327935,high,11949.485107421875,12100.87099609375,11949.485107421875,downtrend,downtrend_high
2020-03-02,11387.349609375,11433.0,11036.25,11132.75,oos,0.2052172015580746,high,11908.017626953126,12078.3319921875,11908.017626953126,downtrend,downtrend_high
2020-03-03,11217.5498046875,11342.25,11152.5498046875,11303.2998046875,oos,0.2043324863523059,high,11887.78759765625,12058.9619921875,11887.78759765625,downtrend,downtrend_high
2020-03-04,11351.349609375,11356.599609375,11082.150390625,11251.0,oos,0.1820373050875628,high,11851.355078125,12038.7269921875,11851.355078125,downtrend,downtrend_high
2020-03-05,11306.0498046875,11389.5,11244.599609375,11269.0,oos,0.17723352762606312,high,11810.34755859375,12019.81599609375,11810.34755859375,downtrend,downtrend_high
2020-03-06,10942.650390625,11035.099609375,10827.400390625,10989.4501953125,oos,0.19018112615039648,high,11752.92255859375,11997.07400390625,11752.92255859375,downtrend,downtrend_high
2020-03-09,10742.0498046875,10751.5498046875,10294.4501953125,10451.4501953125,oos,0.2459782722672362,high,11670.577587890624,11961.18701171875,11670.577587890624,downtrend,downtrend_high
2020-03-11,10334.2998046875,10545.099609375,10334.0,10458.400390625,oos,0.24750509456721886,high,11591.922607421875,11925.23802734375,11591.922607421875,downtrend,downtrend_high
2020-03-12,10039.9501953125,10040.75,9508.0,9590.150390625,oos,0.3613422739610962,high,11466.035107421874,11873.67203125,11466.035107421874,downtrend,downtrend_high
2020-03-13,9107.599609375,10159.400390625,8555.150390625,9955.2001953125,oos,0.39687945900598837,high,11353.735107421875,11829.12603515625,11353.735107421875,downtrend,downtrend_high
2020-03-16,9587.7998046875,9602.2001953125,9165.099609375,9197.400390625,oos,0.45981064795850485,high,11204.872607421876,11767.4300390625,11204.872607421876,downtrend,downtrend_high
2020-03-17,9285.400390625,9403.7998046875,8915.599609375,8967.0498046875,oos,0.46040152516777755,high,11047.552587890625,11702.23802734375,11047.552587890625,downtrend,downtrend_high
2020-03-18,9088.4501953125,9127.5498046875,8407.0498046875,8468.7998046875,oos,0.481256521366523,high,10868.702587890624,11631.75302734375,10868.702587890624,downtrend,downtrend_high
2020-03-19,8063.2998046875,8575.4501953125,7832.5498046875,8263.4501953125,oos,0.4795211395697031,high,10682.25009765625,11555.96302734375,10682.25009765625,downtrend,downtrend_high
2020-03-20,8284.4501953125,8883.0,8178.2001953125,8745.4501953125,oos,0.5426688347986737,high,10513.227587890626,11490.3650390625,10513.227587890626,downtrend,downtrend_high
2020-03-23,7945.7001953125,8159.25,7583.60009765625,7610.25,oos,0.6744764684623091,high,10289.697607421875,11398.25203125,10289.697607421875,downtrend,downtrend_high
2020-03-24,7848.2998046875,8036.9501953125,7511.10009765625,7801.0498046875,oos,0.6948570677983397,high,10088.280078125,11309.13703125,10088.280078125,downtrend,downtrend_high
2020-03-25,7735.14990234375,8376.75,7714.75,8317.849609375,oos,0.7574399606879751,high,9914.2775390625,11228.90302734375,9914.2775390625,downtrend,downtrend_high
2020-03-26,8451.0,8749.0498046875,8304.900390625,8641.4501953125,oos,0.7822492426392307,high,9762.425048828125,11154.48603515625,9762.425048828125,downtrend,downtrend_high
2020-03-27,8949.099609375,9038.900390625,8522.900390625,8660.25,oos,0.7835558918927134,high,9613.77255859375,11080.8250390625,9613.77255859375,downtrend,downtrend_high
2020-03-30,8385.9501953125,8576.0,8244.0,8281.099609375,oos,0.7865843770608835,high,9467.7400390625,10999.33703125,9467.7400390625,downtrend,downtrend_high
2020-03-31,8529.349609375,8678.2998046875,8358.0,8597.75,oos,0.807796270474879,high,9340.9900390625,10924.2450390625,9340.9900390625,downtrend,downtrend_high
2020-04-01,8584.099609375,8588.099609375,8198.349609375,8253.7998046875,oos,0.8072433533381539,high,9188.5150390625,10844.8300390625,9188.5150390625,downtrend,downtrend_high
2020-04-03,8356.5498046875,8356.5498046875,8055.7998046875,8083.7998046875,oos,0.806686491352762,high,9030.155029296875,10763.10904296875,9030.155029296875,downtrend,downtrend_high
2020-04-07,8446.2998046875,8819.400390625,8360.9501953125,8792.2001953125,oos,0.8844139415661033,high,8906.3150390625,10696.8150390625,8906.3150390625,downtrend,downtrend_high
2020-04-08,8688.900390625,9131.7001953125,8653.900390625,8748.75,oos,0.8830603788058695,high,8794.280029296875,10628.183046875,8794.280029296875,downtrend,downtrend_high
2020-04-09,8973.0498046875,9128.349609375,8904.5498046875,9111.900390625,oos,0.8882794964688476,high,8727.3025390625,10565.4560546875,8727.3025390625,uptrend,uptrend_high
2020-04-13,9103.9501953125,9112.0498046875,8912.400390625,8993.849609375,oos,0.8883792135008626,high,8654.075,10502.953046875,8654.075,uptrend,uptrend_high
2020-04-15,9196.400390625,9261.2001953125,8874.099609375,8925.2998046875,oos,0.8407120542166772,high,8620.832470703124,10440.343046875,8620.832470703124,uptrend,uptrend_high
2020-04-16,8851.25,9053.75,8821.900390625,8992.7998046875,oos,0.8282028193653569,high,8572.712451171876,10377.60904296875,8572.712451171876,uptrend,uptrend_high
2020-04-17,9323.4501953125,9324.0,9091.349609375,9266.75,oos,0.7902195788167504,high,8576.179931640625,10322.228046875,8576.179931640625,uptrend,uptrend_high
2020-04-20,9390.2001953125,9390.849609375,9230.7998046875,9261.849609375,oos,0.7840319596101052,high,8590.919921875,10268.223046875,8590.919921875,uptrend,uptrend_high
2020-04-21,9016.9501953125,9044.400390625,8909.400390625,8981.4501953125,oos,0.7639425592875854,high,8616.55244140625,10213.69404296875,8616.55244140625,uptrend,uptrend_high
2020-04-22,9026.75,9209.75,8946.25,9187.2998046875,oos,0.7590857216717478,high,8662.744921875,10157.84703125,8662.744921875,uptrend,uptrend_high
2020-04-23,9232.349609375,9343.599609375,9170.150390625,9313.900390625,oos,0.7347676670700437,high,8691.167431640624,10102.34203125,8691.167431640624,uptrend,uptrend_high
2020-04-24,9163.900390625,9296.900390625,9141.2998046875,9154.400390625,oos,0.5471071158902,high,8768.374951171874,10042.67103515625,8768.374951171874,uptrend,uptrend_high
2020-04-27,9259.7001953125,9377.099609375,9250.349609375,9282.2998046875,oos,0.5444189520921447,high,8842.437451171874,9986.3500390625,8842.437451171874,uptrend,uptrend_high
2020-04-28,9389.7998046875,9404.400390625,9260.0,9380.900390625,oos,0.5013174486174167,high,8895.589990234375,9933.338046875,8895.589990234375,uptrend,uptrend_high
2020-04-29,9408.599609375,9599.849609375,9392.349609375,9553.349609375,oos,0.48886036911920516,high,8941.1849609375,9882.24703125,8941.1849609375,uptrend,uptrend_high
2020-04-30,9753.5,9889.0498046875,9731.5,9859.900390625,oos,0.497637889838441,high,9001.16748046875,9835.42103515625,9001.16748046875,uptrend,uptrend_high
2020-05-04,9533.5,9533.5,9266.9501953125,9293.5,oos,0.518063878558701,high,9051.7875,9777.79802734375,9051.7875,uptrend,uptrend_high
2020-05-05,9429.400390625,9450.900390625,9190.75,9205.599609375,oos,0.5065825706176403,high,9082.17998046875,9719.641015625,9082.17998046875,uptrend,uptrend_high
2020-05-06,9226.7998046875,9346.900390625,9116.5,9270.900390625,oos,0.4792964474944486,high,9133.035009765625,9664.14302734375,9133.035009765625,uptrend,uptrend_high
2020-05-07,9234.0498046875,9277.849609375,9175.900390625,9199.0498046875,oos,0.47186298417489664,high,9188.797509765625,9608.2740234375,9188.797509765625,uptrend,uptrend_high
2020-05-08,9376.9501953125,9382.650390625,9238.2001953125,9251.5,oos,0.3630000418973716,high,9211.7625,9550.786015625,9211.7625,uptrend,uptrend_high
2020-05-11,9348.150390625,9439.900390625,9219.9501953125,9239.2001953125,oos,0.3622038452486902,high,9236.285009765625,9493.95302734375,9236.285009765625,uptrend,uptrend_high
2020-05-12,9168.849609375,9240.849609375,9043.9501953125,9196.5498046875,oos,0.3329529395056498,high,9240.51748046875,9441.296015625,9240.51748046875,downtrend,downtrend_high
2020-05-13,9584.2001953125,9584.5,9351.099609375,9383.5498046875,oos,0.3358349554820799,high,9260.002490234376,9393.00900390625,9260.002490234376,uptrend,uptrend_high
2020-05-14,9213.9501953125,9281.099609375,9119.75,9142.75,oos,0.34878661664264815,high,9270.875,9342.29400390625,9270.875,downtrend,downtrend_high
2020-05-15,9182.400390625,9182.400390625,9050.0,9136.849609375,oos,0.3480906917800165,high,9278.077490234375,9292.365,9278.077490234375,downtrend,downtrend_high
2020-05-18,9158.2998046875,9158.2998046875,8806.75,8823.25,oos,0.35137332263454707,high,9255.902490234375,9244.795,9255.902490234375,downtrend,downtrend_high
2020-05-19,8961.7001953125,9030.349609375,8855.2998046875,8879.099609375,oos,0.35265049554184846,high,9236.764990234375,9199.7219921875,9236.764990234375,downtrend,downtrend_high
2020-05-20,8889.150390625,9093.7998046875,8875.349609375,9066.5498046875,oos,0.3448411886716085,high,9241.019970703124,9154.9869921875,9241.019970703124,downtrend,downtrend_high
2020-05-21,9079.4501953125,9178.5498046875,9056.099609375,9106.25,oos,0.33513945289525787,high,9236.96748046875,9112.0919921875,9236.96748046875,downtrend,downtrend_high
2020-05-22,9067.900390625,9149.599609375,8968.5498046875,9039.25,oos,0.3318038753156263,high,9223.2349609375,9067.4969921875,9223.2349609375,downtrend,downtrend_high
2020-05-26,9099.75,9161.650390625,8996.650390625,9029.0498046875,oos,0.32649135773894744,high,9216.967431640625,9028.288984375,9216.967431640625,downtrend,downtrend_high
2020-05-27,9082.2001953125,9334.0,9004.25,9314.9501953125,oos,0.3425286561258635,high,9218.599951171875,9005.558984375,9218.599951171875,uptrend,uptrend_high
2020-05-28,9364.9501953125,9511.25,9336.5,9490.099609375,oos,0.34696897202484545,high,9224.059912109375,8986.19296875,9224.059912109375,uptrend,uptrend_high
2020-05-29,9422.2001953125,9598.849609375,9376.900390625,9580.2998046875,oos,0.3424057938809211,high,9225.407421875,8985.99595703125,9225.407421875,uptrend,uptrend_high
2020-06-01,9726.849609375,9931.599609375,9706.9501953125,9826.150390625,oos,0.33519299858690976,high,9223.719921875,8983.4149609375,9223.719921875,uptrend,uptrend_high
2020-06-02,9880.849609375,9995.599609375,9824.0498046875,9979.099609375,oos,0.2611159175205491,high,9257.99990234375,8999.0489453125,9257.99990234375,uptrend,uptrend_high
2020-06-03,10108.2998046875,10176.2001953125,10035.5498046875,10061.5498046875,oos,0.25681862930005794,high,9300.797412109376,9020.9389453125,9300.797412109376,uptrend,uptrend_high
2020-06-04,10054.25,10123.849609375,9944.25,10029.099609375,oos,0.25808795298052456,high,9338.707373046875,9052.14494140625,9338.707373046875,uptrend,uptrend_high
2020-06-05,10093.7998046875,10177.7998046875,10040.75,10142.150390625,oos,0.2553573356863348,high,9385.86240234375,9089.7189453125,9385.86240234375,uptrend,uptrend_high
2020-06-08,10326.75,10328.5,10120.25,10167.4501953125,oos,0.2554967022843929,high,9431.659912109375,9118.1589453125,9431.659912109375,uptrend,uptrend_high
2020-06-09,10181.150390625,10291.150390625,10021.4501953125,10046.650390625,oos,0.2615575032476036,high,9472.032421875,9166.886953125,9472.032421875,uptrend,uptrend_high
2020-06-10,10072.599609375,10148.75,10036.849609375,10116.150390625,oos,0.25952312301428676,high,9518.012451171875,9213.18896484375,9518.012451171875,uptrend,uptrend_high
2020-06-11,10094.099609375,10112.0498046875,9885.0498046875,9902.0,oos,0.26845606725788806,high,9543.9349609375,9244.87197265625,9543.9349609375,uptrend,uptrend_high
2020-06-12,9544.9501953125,9996.0498046875,9544.349609375,9972.900390625,oos,0.24665182561387466,high,9585.44248046875,9271.5009765625,9585.44248046875,uptrend,uptrend_high
2020-06-15,9919.349609375,9943.349609375,9726.349609375,9813.7001953125,oos,0.25665547828450697,high,9619.285009765625,9294.56998046875,9619.285009765625,uptrend,uptrend_high
2020-06-16,10014.7998046875,10046.150390625,9728.5,9914.0,oos,0.21433797848268796,medium,9673.822509765625,9327.22798828125,9673.822509765625,uptrend,uptrend_medium
2020-06-17,9876.7001953125,10003.599609375,9833.7998046875,9881.150390625,oos,0.21681903149576395,medium,9723.925048828125,9352.89599609375,9723.925048828125,uptrend,uptrend_medium
2020-06-18,9863.25,10111.2001953125,9845.0498046875,10091.650390625,oos,0.21700377540653665,medium,9775.180078125,9389.6530078125,9775.180078125,uptrend,uptrend_medium
2020-06-19,10119.0,10272.400390625,10072.650390625,10244.400390625,oos,0.21963750930063933,medium,9832.08759765625,9432.86501953125,9832.08759765625,uptrend,uptrend_medium
2020-06-22,10318.75,10393.650390625,10277.599609375,10311.2001953125,oos,0.2138956238594777,medium,9895.685107421876,9463.24501953125,9895.685107421876,uptrend,uptrend_medium
2020-06-23,10347.9501953125,10484.7001953125,10301.75,10471.0,oos,0.21397667820952881,medium,9967.7826171875,9497.69001953125,9967.7826171875,uptrend,uptrend_medium
2020-06-24,10529.25,10553.150390625,10281.9501953125,10305.2998046875,oos,0.20925760970810142,medium,10017.30009765625,9521.5580078125,10017.30009765625,uptrend,uptrend_medium
2020-06-25,10235.5498046875,10361.7998046875,10194.5,10288.900390625,oos,0.20406328998729042,medium,10057.24013671875,9547.4590234375,10057.24013671875,uptrend,uptrend_medium
2020-06-26,10378.900390625,10409.849609375,10311.25,10383.0,oos,0.20394179027779266,medium,10097.375146484375,9576.61302734375,10097.375146484375,uptrend,uptrend_medium
2020-06-29,10311.9501953125,10337.9501953125,10223.599609375,10312.400390625,oos,0.19055431156427335,medium,10121.687646484375,9603.0050390625,10121.687646484375,uptrend,uptrend_medium
2020-06-30,10382.599609375,10401.0498046875,10267.349609375,10302.099609375,oos,0.18444856150303937,medium,10137.837646484375,9623.71203125,10137.837646484375,uptrend,uptrend_medium
2020-07-01,10323.7998046875,10447.0498046875,10299.599609375,10430.0498046875,oos,0.186995684975411,medium,10156.262646484374,9647.07603515625,10156.262646484374,uptrend,uptrend_medium
2020-07-02,10493.0498046875,10598.2001953125,10485.5498046875,10551.7001953125,oos,0.18907590044309808,medium,10182.39267578125,9678.48103515625,10182.39267578125,uptrend,uptrend_medium
2020-07-03,10614.9501953125,10631.2998046875,10562.650390625,10607.349609375,oos,0.186614157675755,medium,10205.65263671875,9706.88203125,10205.65263671875,uptrend,uptrend_medium
2020-07-06,10723.849609375,10811.400390625,10695.099609375,10763.650390625,oos,0.19176144475734117,medium,10235.462646484375,9735.87703125,10235.462646484375,uptrend,uptrend_medium
2020-07-07,10802.849609375,10813.7998046875,10689.7001953125,10799.650390625,oos,0.1836150188121563,medium,10273.112646484375,9768.78203125,10273.112646484375,uptrend,uptrend_medium
2020-07-08,10818.650390625,10847.849609375,10676.5498046875,10705.75,oos,0.18827232774813557,medium,10302.592626953125,9797.25103515625,10302.592626953125,uptrend,uptrend_medium
2020-07-09,10755.5498046875,10836.849609375,10733.0,10813.4501953125,oos,0.1667131149636518,medium,10348.16513671875,9825.90203125,10348.16513671875,uptrend,uptrend_medium
2020-07-10,10764.099609375,10819.400390625,10713.0,10768.0498046875,oos,0.16913535580196035,medium,10387.922607421875,9850.19603515625,10387.922607421875,uptrend,uptrend_medium
2020-07-13,10851.849609375,10894.0498046875,10756.0498046875,10802.7001953125,oos,0.15211045953007446,medium,10437.372607421876,9869.05203125,10437.372607421876,uptrend,uptrend_medium
2020-07-14,10750.849609375,10755.650390625,10562.900390625,10607.349609375,oos,0.17089153421250922,medium,10472.040087890626,9895.3290234375,10472.040087890626,uptrend,uptrend_medium
2020-07-15,10701.0,10827.4501953125,10577.75,10618.2001953125,oos,0.16930425829116824,medium,10508.892578125,9923.58103515625,10508.892578125,uptrend,uptrend_medium
2020-07-16,10706.2001953125,10755.2998046875,10595.2001953125,10739.9501953125,oos,0.15899286778731786,medium,10541.307568359374,9952.96203125,10541.307568359374,uptrend,uptrend_medium
2020-07-17,10752.0,10933.4501953125,10749.650390625,10901.7001953125,oos,0.15891749964057442,medium,10574.17255859375,9987.0150390625,10574.17255859375,uptrend,uptrend_medium
2020-07-20,10999.4501953125,11037.900390625,10953.0,11022.2001953125,oos,0.16098908664030218,medium,10609.72255859375,10022.42904296875,10609.72255859375,uptrend,uptrend_medium
2020-07-21,11126.099609375,11179.5498046875,11113.25,11162.25,oos,0.15848974352507642,medium,10644.28505859375,10060.8900390625,10644.28505859375,uptrend,uptrend_medium
2020-07-22,11231.2001953125,11238.099609375,11056.5498046875,11132.599609375,oos,0.14367095934826066,medium,10685.650048828125,10099.61103515625,10685.650048828125,uptrend,uptrend_medium
2020-07-23,11135.0,11239.7998046875,11103.150390625,11215.4501953125,oos,0.14266018410509654,medium,10731.9775390625,10136.24904296875,10731.9775390625,uptrend,uptrend_medium
2020-07-24,11149.9501953125,11225.400390625,11090.2998046875,11194.150390625,oos,0.14313135023068388,medium,10772.53505859375,10177.27705078125,10772.53505859375,uptrend,uptrend_medium
2020-07-27,11225.0,11225.0,11087.849609375,11131.7998046875,oos,0.1419848112814146,medium,10813.505029296875,10217.1760546875,10813.505029296875,uptrend,uptrend_medium
2020-07-28,11154.099609375,11317.75,11151.400390625,11300.5498046875,oos,0.14616167425737003,medium,10863.4275390625,10266.72205078125,10863.4275390625,uptrend,uptrend_medium
2020-07-29,11276.900390625,11341.400390625,11149.75,11202.849609375,oos,0.15042424766997223,medium,10902.067529296875,10313.19705078125,10902.067529296875,uptrend,uptrend_medium
2020-07-30,11254.2998046875,11299.9501953125,11084.9501953125,11102.150390625,oos,0.1536121093694193,medium,10929.5900390625,10353.9090625,10929.5900390625,uptrend,uptrend_medium
2020-07-31,11139.5,11150.400390625,11026.650390625,11073.4501953125,oos,0.15432253728841466,medium,10952.895068359376,10393.25306640625,10952.895068359376,uptrend,uptrend_medium
2020-08-03,11057.5498046875,11058.0498046875,10882.25,10891.599609375,oos,0.1602651352225333,medium,10959.292529296876,10430.30005859375,10959.292529296876,downtrend,downtrend_medium
2020-08-04,10946.650390625,11112.25,10908.099609375,11095.25,oos,0.17250147713533653,medium,10974.072509765625,10471.6240625,10974.072509765625,uptrend,uptrend_medium
2020-08-05,11155.75,11225.650390625,11064.0498046875,11101.650390625,oos,0.16839065666037495,medium,10993.867529296875,10507.35806640625,10993.867529296875,uptrend,uptrend_medium
2020-08-06,11185.7001953125,11256.7998046875,11127.2998046875,11200.150390625,oos,0.1676759427470704,medium,11013.2025390625,10541.55908203125,11013.2025390625,uptrend,uptrend_medium
2020-08-07,11186.650390625,11231.900390625,11142.0498046875,11214.0498046875,oos,0.16619528140551298,medium,11035.5025390625,10574.23408203125,11035.5025390625,uptrend,uptrend_medium
2020-08-10,11270.25,11337.2998046875,11238.0,11270.150390625,oos,0.16647740286359558,medium,11058.875048828126,10603.11408203125,11058.875048828126,uptrend,uptrend_medium
2020-08-11,11322.25,11373.599609375,11299.150390625,11322.5,oos,0.14836188889091384,medium,11094.632568359375,10629.98208984375,11094.632568359375,uptrend,uptrend_medium
2020-08-12,11289.0,11322.0,11242.650390625,11308.400390625,oos,0.14904233926885574,medium,11129.142578125,10654.9191015625,11129.142578125,uptrend,uptrend_medium
2020-08-13,11334.849609375,11359.2998046875,11269.9501953125,11300.4501953125,oos,0.14632076006410796,medium,11157.167578125,10680.34611328125,11157.167578125,uptrend,uptrend_medium
2020-08-14,11353.2998046875,11366.25,11111.4501953125,11178.400390625,oos,0.14587588275956237,medium,11171.002587890625,10701.07111328125,11171.002587890625,uptrend,uptrend_medium
2020-08-17,11248.900390625,11267.099609375,11144.5,11247.099609375,oos,0.1425228776474871,low,11182.24755859375,10722.6641015625,11182.24755859375,uptrend,uptrend_low
2020-08-18,11259.7998046875,11401.7001953125,11253.150390625,11385.349609375,oos,0.14208053869285756,low,11193.4025390625,10749.4380859375,11193.4025390625,uptrend,uptrend_low
2020-08-19,11452.150390625,11460.349609375,11394.099609375,11408.400390625,oos,0.14144076375870823,low,11207.192578125,10775.2830859375,11207.192578125,uptrend,uptrend_low
2020-08-20,11317.4501953125,11361.4501953125,11289.7998046875,11312.2001953125,oos,0.1434513594008036,medium,11212.030078125,10803.48708984375,11212.030078125,uptrend,uptrend_medium
2020-08-21,11409.650390625,11418.5,11362.2001953125,11371.599609375,oos,0.1441298985600319,medium,11220.9025390625,10831.46107421875,11220.9025390625,uptrend,uptrend_medium
2020-08-24,11412.0,11497.25,11410.650390625,11466.4501953125,oos,0.1444009940465225,medium,11237.63505859375,10864.51607421875,11237.63505859375,uptrend,uptrend_medium
2020-08-25,11513.099609375,11525.900390625,11423.349609375,11472.25,oos,0.13511503229623342,low,11246.220068359375,10895.68107421875,11246.220068359375,uptrend,uptrend_low
2020-08-26,11512.849609375,11561.75,11461.849609375,11549.599609375,oos,0.1318661202410311,low,11263.557568359374,10929.05005859375,11263.557568359374,uptrend,uptrend_low
2020-08-27,11609.2998046875,11617.349609375,11540.599609375,11559.25,oos,0.12592168349789298,low,11286.412548828124,10958.40205078125,11286.412548828124,uptrend,uptrend_low
2020-08-28,11602.9501953125,11686.0498046875,11589.400390625,11647.599609375,oos,0.12616284152922616,low,11315.12001953125,10986.46603515625,11315.12001953125,uptrend,uptrend_low
2020-08-31,11777.5498046875,11794.25,11325.849609375,11387.5,oos,0.13904013617908023,low,11339.9150390625,11007.99203125,11339.9150390625,uptrend,uptrend_low
2020-09-01,11464.2998046875,11553.5498046875,11366.900390625,11470.25,oos,0.1264744783529368,low,11358.6650390625,11027.97703125,11358.6650390625,uptrend,uptrend_low
2020-09-02,11478.5498046875,11554.75,11430.400390625,11535.0,oos,0.12715853783670644,low,11380.33251953125,11052.57103515625,11380.33251953125,uptrend,uptrend_low
2020-09-03,11566.2001953125,11584.9501953125,11507.650390625,11527.4501953125,oos,0.12475075030419774,low,11396.697509765625,11077.34203125,11396.697509765625,uptrend,uptrend_low
2020-09-04,11354.400390625,11452.0498046875,11303.650390625,11333.849609375,oos,0.14061046449990738,low,11402.6875,11096.3590234375,11402.6875,downtrend,downtrend_low
2020-09-07,11359.599609375,11381.150390625,11251.7001953125,11355.0498046875,oos,0.13973738972684724,low,11406.932470703125,11117.21201171875,11406.932470703125,downtrend,downtrend_low
2020-09-08,11378.5498046875,11437.25,11290.4501953125,11317.349609375,oos,0.1393973861613185,low,11406.674951171875,11137.51701171875,11406.674951171875,downtrend,downtrend_low
2020-09-09,11218.599609375,11298.150390625,11185.150390625,11278.0,oos,0.13988901049473632,low,11405.154931640625,11154.476015625,11405.154931640625,downtrend,downtrend_low
2020-09-10,11363.2998046875,11464.0498046875,11327.400390625,11449.25,oos,0.1499803821128394,medium,11412.594921875,11172.42701171875,11412.594921875,uptrend,uptrend_medium
2020-09-11,11447.7998046875,11493.5,11419.900390625,11464.4501953125,oos,0.14369623110555071,medium,11426.897412109374,11189.5690234375,11426.897412109374,uptrend,uptrend_medium
2020-09-14,11540.150390625,11568.900390625,11383.5498046875,11440.0498046875,oos,0.14299786950078147,medium,11436.544921875,11203.09701171875,11436.544921875,uptrend,uptrend_medium
2020-09-15,11487.2001953125,11535.9501953125,11442.25,11521.7998046875,oos,0.13865623071202085,low,11443.367431640625,11217.54,11443.367431640625,uptrend,uptrend_low
2020-09-16,11538.4501953125,11618.099609375,11516.75,11604.5498046875,oos,0.1405388845226095,low,11453.17490234375,11235.51599609375,11453.17490234375,uptrend,uptrend_low
2020-09-17,11539.400390625,11587.2001953125,11498.5,11516.099609375,oos,0.13985368341561558,low,11463.369873046875,11249.568984375,11463.369873046875,uptrend,uptrend_low
2020-09-18,11584.099609375,11584.099609375,11446.099609375,11504.9501953125,oos,0.13904559239590011,low,11470.03740234375,11264.3069921875,11470.03740234375,uptrend,uptrend_low
2020-09-21,11503.7998046875,11535.25,11218.5,11250.5498046875,oos,0.15742168106240628,medium,11459.2423828125,11273.263984375,11459.2423828125,downtrend,downtrend_medium
2020-09-22,11301.75,11302.2001953125,11084.650390625,11153.650390625,oos,0.1596512591603652,medium,11443.31240234375,11284.19,11443.31240234375,downtrend,downtrend_medium
2020-09-23,11258.75,11259.5498046875,11024.400390625,11131.849609375,oos,0.1567565681311094,medium,11422.42490234375,11294.46298828125,11422.42490234375,downtrend,downtrend_medium
2020-09-24,11011.0,11015.2998046875,10790.2001953125,10805.5498046875,oos,0.18417926453700328,medium,11384.739892578125,11295.77498046875,11384.739892578125,downtrend,downtrend_medium
2020-09-25,10910.400390625,11072.599609375,10854.849609375,11050.25,oos,0.20276442731012498,medium,11354.872412109375,11298.7459765625,11354.872412109375,downtrend,downtrend_medium
2020-09-28,11140.849609375,11239.349609375,11099.849609375,11227.5498046875,oos,0.19883205828608208,medium,11346.87490234375,11302.85296875,11346.87490234375,downtrend,downtrend_medium
2020-09-29,11288.599609375,11305.400390625,11181.0,11222.400390625,oos,0.1966404810144089,medium,11334.482421875,11304.0559765625,11334.482421875,downtrend,downtrend_medium
2020-09-30,11244.4501953125,11295.400390625,11184.5498046875,11247.5498046875,oos,0.19547836149408393,medium,11320.109912109376,11306.35498046875,11320.109912109376,downtrend,downtrend_medium
2020-10-01,11364.4501953125,11428.599609375,11347.0498046875,11416.9501953125,oos,0.20382937959140857,medium,11314.584912109374,11310.38498046875,11314.584912109374,uptrend,uptrend_medium
2020-10-05,11487.7998046875,11578.0498046875,11452.2998046875,11503.349609375,oos,0.19604003131618153,medium,11323.059912109375,11316.56896484375,11323.059912109375,uptrend,uptrend_medium
2020-10-06,11603.4501953125,11680.2998046875,11564.2998046875,11662.400390625,oos,0.20141370262984165,medium,11338.42744140625,11327.1809765625,11338.42744140625,uptrend,uptrend_medium
2020-10-07,11679.25,11763.0498046875,11629.349609375,11738.849609375,oos,0.20138613692950022,medium,11359.50244140625,11335.94697265625,11359.50244140625,uptrend,uptrend_medium
2020-10-08,11835.400390625,11905.7001953125,11791.150390625,11834.599609375,oos,0.20149508445217712,medium,11387.332421875,11348.58197265625,11387.332421875,uptrend,uptrend_medium
2020-10-09,11852.0498046875,11938.599609375,11805.2001953125,11914.2001953125,oos,0.19660403113650382,medium,11410.579931640625,11364.82296875,11410.579931640625,uptrend,uptrend_medium
2020-10-12,11973.5498046875,12022.0498046875,11867.2001953125,11930.9501953125,oos,0.19660033087809348,medium,11433.904931640625,11381.97296875,11433.904931640625,uptrend,uptrend_medium
2020-10-13,11934.650390625,11988.2001953125,11888.900390625,11934.5,oos,0.1961012768656964,medium,11458.62744140625,11402.8309765625,11458.62744140625,uptrend,uptrend_medium
2020-10-14,11917.400390625,11997.2001953125,11822.150390625,11971.0498046875,oos,0.19526666916740934,medium,11481.08994140625,11420.34697265625,11481.08994140625,uptrend,uptrend_medium
2020-10-15,12023.4501953125,12025.4501953125,11661.2998046875,11680.349609375,oos,0.21509927567776155,high,11484.879931640626,11431.92095703125,11484.879931640626,uptrend,uptrend_high
2020-10-16,11727.400390625,11789.75,11667.849609375,11762.4501953125,oos,0.2141249036041218,high,11497.1974609375,11443.166953125,11497.1974609375,uptrend,uptrend_high
2020-10-19,11879.2001953125,11898.25,11820.400390625,11873.0498046875,oos,0.21592384765958308,high,11515.60244140625,11456.346953125,11515.60244140625,uptrend,uptrend_high
2020-10-20,11861.0,11949.25,11837.25,11896.7998046875,oos,0.19682726661339847,medium,11547.91494140625,11468.87994140625,11547.91494140625,uptrend,uptrend_medium
2020-10-21,11958.5498046875,12018.650390625,11775.75,11937.650390625,oos,0.19209400913887908,medium,11587.11494140625,11481.18294921875,11587.11494140625,uptrend,uptrend_medium
2020-10-22,11890.0,11939.5498046875,11823.4501953125,11896.4501953125,oos,0.19272725186936812,medium,11625.344970703125,11492.9439453125,11625.344970703125,uptrend,uptrend_medium
2020-10-23,11957.900390625,11974.5498046875,11908.75,11930.349609375,oos,0.14923519917532443,medium,11681.5849609375,11505.54193359375,11681.5849609375,uptrend,uptrend_medium
2020-10-26,11937.400390625,11942.849609375,11711.7001953125,11767.75,oos,0.14790879549373503,medium,11717.4599609375,11517.32892578125,11717.4599609375,uptrend,uptrend_medium
2020-10-27,11807.099609375,11899.0498046875,11723.0,11889.400390625,oos,0.14262392212301309,medium,11750.552490234375,11530.17494140625,11750.552490234375,uptrend,uptrend_medium
2020-10-28,11922.599609375,11929.400390625,11684.849609375,11729.599609375,oos,0.15370075006581754,medium,11775.912451171875,11537.05994140625,11775.912451171875,downtrend,downtrend_medium
2020-10-29,11633.2998046875,11744.150390625,11606.4501953125,11670.7998046875,oos,0.1558527796490122,medium,11797.074951171875,11542.3079296875,11797.074951171875,downtrend,downtrend_medium
2020-10-30,11678.4501953125,11748.9501953125,11535.4501953125,11642.400390625,oos,0.14844650973318846,medium,11808.3474609375,11548.91193359375,11808.3474609375,downtrend,downtrend_medium
2020-11-02,11697.349609375,11725.650390625,11557.400390625,11669.150390625,oos,0.14652981192214007,medium,11816.6375,11554.86294921875,11816.6375,downtrend,downtrend_medium
2020-11-03,11734.4501953125,11836.2001953125,11723.2998046875,11813.5,oos,0.14488897802419015,medium,11824.19248046875,11561.8039453125,11824.19248046875,downtrend,downtrend_medium
2020-11-04,11783.349609375,11929.650390625,11756.400390625,11908.5,oos,0.14578124505721615,medium,11832.675,11570.5289453125,11832.675,uptrend,uptrend_medium
2020-11-05,12062.400390625,12131.099609375,12027.599609375,12120.2998046875,oos,0.15591715875874598,medium,11846.960009765626,11581.94294921875,11846.960009765626,uptrend,uptrend_medium
2020-11-06,12156.650390625,12280.400390625,12131.849609375,12263.5498046875,oos,0.15930537494105979,medium,11864.427490234375,11596.0289453125,11864.427490234375,uptrend,uptrend_medium
2020-11-09,12399.400390625,12474.0498046875,12367.349609375,12461.0498046875,oos,0.16752933005874418,medium,11890.932470703125,11612.29794921875,11890.932470703125,uptrend,uptrend_medium
2020-11-10,12556.400390625,12643.900390625,12475.25,12631.099609375,oos,0.17212608408812666,medium,11925.762451171875,11637.16994140625,11925.762451171875,uptrend,uptrend_medium
2020-11-11,12680.599609375,12769.75,12571.099609375,12749.150390625,oos,0.173644877922579,medium,11964.66748046875,11662.74794921875,11964.66748046875,uptrend,uptrend_medium
2020-11-12,12702.150390625,12741.150390625,12624.849609375,12690.7998046875,oos,0.1437819998337456,medium,12015.189990234376,11685.8639453125,12015.189990234376,uptrend,uptrend_medium
2020-11-13,12659.7001953125,12735.9501953125,12607.7001953125,12719.9501953125,oos,0.14352630865310892,low,12063.064990234376,11709.7139453125,12063.064990234376,uptrend,uptrend_low
2020-11-17,12932.5,12934.0498046875,12797.099609375,12874.2001953125,oos,0.1452122184274621,medium,12113.122509765624,11740.52095703125,12113.122509765624,uptrend,uptrend_medium
2020-11-18,12860.099609375,12948.849609375,12819.349609375,12938.25,oos,0.1450267249220487,medium,12165.19501953125,11772.1849609375,12165.19501953125,uptrend,uptrend_medium
2020-11-19,12839.5,12963.0,12745.75,12771.7001953125,oos,0.1572695138808776,medium,12206.897509765626,11801.27197265625,12206.897509765626,uptrend,uptrend_medium
2020-11-20,12813.400390625,12892.4501953125,12730.25,12859.0498046875,oos,0.15553092406912528,medium,12255.027490234375,11832.89296875,12255.027490234375,uptrend,uptrend_medium
2020-11-23,12960.2998046875,12968.849609375,12825.7001953125,12926.4501953125,oos,0.15553952453762707,medium,12304.83251953125,11862.43697265625,12304.83251953125,uptrend,uptrend_medium
2020-11-24,13002.599609375,13079.099609375,12978.0,13055.150390625,oos,0.1418897991537057,low,12369.2025390625,11894.2509765625,12369.2025390625,uptrend,uptrend_low
2020-11-25,13130.0,13145.849609375,12833.650390625,12858.400390625,oos,0.1575846903692207,medium,12417.6525390625,11922.61798828125,12417.6525390625,uptrend,uptrend_medium
2020-11-26,12906.4501953125,13018.0,12790.400390625,12987.0,oos,0.1446695456311246,low,12480.52255859375,11951.9219921875,12480.52255859375,uptrend,uptrend_low
2020-11-27,13012.0498046875,13035.2998046875,12914.2998046875,12968.9501953125,oos,0.1418397263797076,low,12545.430078125,11979.21,12545.430078125,uptrend,uptrend_low
2020-12-01,13062.2001953125,13128.400390625,12962.7998046875,13109.0498046875,oos,0.14000665551789576,low,12618.762548828125,12011.06900390625,12618.762548828125,uptrend,uptrend_low
2020-12-02,13121.400390625,13128.5,12983.5498046875,13113.75,oos,0.14085102922091472,low,12690.992529296875,12043.245,12690.992529296875,uptrend,uptrend_low
2020-12-03,13215.2998046875,13216.599609375,13107.900390625,13133.900390625,oos,0.13948338443684447,low,12757.012548828125,12080.91201171875,12757.012548828125,uptrend,uptrend_low
2020-12-04,13177.400390625,13280.0498046875,13152.849609375,13258.5498046875,oos,0.13994852629638066,low,12824.5150390625,12123.01,12824.5150390625,uptrend,uptrend_low
2020-12-07,13264.849609375,13366.650390625,13241.9501953125,13355.75,oos,0.13241506069329642,low,12886.287548828124,12167.4880078125,12886.287548828124,uptrend,uptrend_low
2020-12-08,13393.849609375,13435.4501953125,13311.0498046875,13392.9501953125,oos,0.1300136547077263,low,12942.757568359375,12219.236015625,12942.757568359375,uptrend,uptrend_low
2020-12-09,13458.099609375,13548.900390625,13449.599609375,13529.099609375,oos,0.12454463269374504,low,12996.16005859375,12268.8130078125,12996.16005859375,uptrend,uptrend_low
2020-12-10,13488.5,13503.5498046875,13399.2998046875,13478.2998046875,oos,0.12224149198878244,low,13038.520068359376,12313.8280078125,13038.520068359376,uptrend,uptrend_low
2020-12-11,13512.2998046875,13579.349609375,13402.849609375,13513.849609375,oos,0.12012689248233836,low,13076.755029296875,12359.6569921875,13076.755029296875,uptrend,uptrend_low
2020-12-14,13571.4501953125,13597.5,13472.4501953125,13558.150390625,oos,0.116793960253363,low,13120.12255859375,12405.86900390625,13120.12255859375,uptrend,uptrend_low
2020-12-15,13547.2001953125,13589.650390625,13447.0498046875,13567.849609375,oos,0.11711520258027962,low,13162.517529296874,12448.8869921875,13162.517529296874,uptrend,uptrend_low
2020-12-16,13663.099609375,13692.349609375,13606.4501953125,13682.7001953125,oos,0.11412036867728127,low,13202.942529296875,12492.47400390625,13202.942529296875,uptrend,uptrend_low
2020-12-17,13713.5498046875,13773.25,13673.5498046875,13740.7001953125,oos,0.11398761733867331,low,13243.0650390625,12534.04,13243.0650390625,uptrend,uptrend_low
2020-12-18,13764.400390625,13772.849609375,13658.599609375,13760.5498046875,oos,0.0976392938139103,low,13292.50751953125,12574.47400390625,13292.50751953125,uptrend,uptrend_low
2020-12-21,13741.900390625,13777.5,13131.4501953125,13328.400390625,oos,0.15758223783617126,medium,13315.975048828124,12604.35001953125,13315.975048828124,uptrend,uptrend_medium
2020-12-22,13373.650390625,13492.0498046875,13192.900390625,13466.2998046875,oos,0.16006532960730238,medium,13342.967529296875,12635.39201171875,13342.967529296875,uptrend,uptrend_medium
2020-12-23,13473.5,13619.4501953125,13432.2001953125,13601.099609375,oos,0.16010048678669134,medium,13370.264990234375,12668.795,13370.264990234375,uptrend,uptrend_medium
2020-12-24,13672.150390625,13771.75,13626.900390625,13749.25,oos,0.14933357266903519,medium,13414.807470703125,12705.09,13414.807470703125,uptrend,uptrend_medium
2020-12-28,13815.150390625,13885.2998046875,13811.5498046875,13873.2001953125,oos,0.14879523664549615,medium,13459.11748046875,12743.1330078125,13459.11748046875,uptrend,uptrend_medium
2020-12-29,13910.349609375,13967.599609375,13859.900390625,13932.599609375,oos,0.147758241492249,medium,13507.299951171875,12788.1780078125,13507.299951171875,uptrend,uptrend_medium
2020-12-30,13980.900390625,13997.0,13864.9501953125,13981.9501953125,oos,0.1453121859656736,low,13550.944970703125,12832.5680078125,13550.944970703125,uptrend,uptrend_low
2020-12-31,13970.0,14024.849609375,13936.4501953125,13981.75,oos,0.14541721816359954,low,13594.344970703125,12874.74201171875,13594.344970703125,uptrend,uptrend_low
2021-01-01,13996.099609375,14049.849609375,13991.349609375,14018.5,oos,0.14529817423983704,low,13638.574951171875,12917.176015625,13638.574951171875,uptrend,uptrend_low
2021-01-04,14104.349609375,14147.9501953125,13953.75,14132.900390625,oos,0.144622297510367,low,13682.29248046875,12961.081015625,13682.29248046875,uptrend,uptrend_low
2021-01-05,14075.150390625,14215.599609375,14048.150390625,14199.5,oos,0.1439364458860814,low,13724.47998046875,13007.14201171875,13724.47998046875,uptrend,uptrend_low
2021-01-06,14240.9501953125,14244.150390625,14039.900390625,14146.25,oos,0.14598523744338548,low,13762.144970703124,13051.46001953125,13762.144970703124,uptrend,uptrend_low
2021-01-07,14253.75,14256.25,14123.099609375,14137.349609375,oos,0.14375399706376848,low,13792.557470703125,13098.85201171875,13792.557470703125,uptrend,uptrend_low
2021-01-08,14258.400390625,14367.2998046875,14221.650390625,14347.25,oos,0.1485488997369476,medium,13836.00498046875,13148.00900390625,13836.00498046875,uptrend,uptrend_medium
2021-01-11,14474.0498046875,14498.2001953125,14383.099609375,14484.75,oos,0.1502546139823975,medium,13884.55,13203.11201171875,13884.55,uptrend,uptrend_medium
2021-01-12,14473.7998046875,14590.650390625,14432.849609375,14563.4501953125,oos,0.15040362658614354,medium,13934.814990234376,13260.96501953125,13934.814990234376,uptrend,uptrend_medium
2021-01-13,14639.7998046875,14653.349609375,14435.7001953125,14564.849609375,oos,0.1505785382343339,medium,13984.664990234374,13319.41400390625,13984.664990234374,uptrend,uptrend_medium
2021-01-14,14550.0498046875,14617.7998046875,14471.5,14595.599609375,oos,0.14953852401540832,medium,14030.3099609375,13377.94298828125,14030.3099609375,uptrend,uptrend_medium
2021-01-15,14594.349609375,14617.4501953125,14357.849609375,14433.7001953125,oos,0.15789962399764879,medium,14064.9599609375,13430.3469921875,14064.9599609375,uptrend,uptrend_medium
2021-01-18,14453.2998046875,14459.150390625,14222.7998046875,14281.2998046875,oos,0.16458168089229064,medium,14090.9974609375,13477.80298828125,14090.9974609375,uptrend,uptrend_medium
2021-01-19,14371.650390625,14546.0498046875,14350.849609375,14521.150390625,oos,0.11731873368708894,low,14150.6349609375,13525.82,14150.6349609375,uptrend,uptrend_low
2021-01-20,14538.2998046875,14666.4501953125,14517.5498046875,14644.7001953125,oos,0.1162431157862377,low,14209.55498046875,13573.4430078125,14209.55498046875,uptrend,uptrend_low
2021-01-21,14730.9501953125,14753.5498046875,14517.25,14590.349609375,oos,0.11739000014074076,low,14259.01748046875,13616.02900390625,14259.01748046875,uptrend,uptrend_low
2021-01-22,14583.400390625,14619.900390625,14357.75,14371.900390625,oos,0.1310222279600099,low,14290.15,13650.84501953125,14290.15,uptrend,uptrend_low
2021-01-25,14477.7998046875,14491.099609375,14218.599609375,14238.900390625,oos,0.13451203894505295,low,14308.435009765624,13680.64001953125,14308.435009765624,downtrend,downtrend_low
2021-01-27,14237.9501953125,14237.9501953125,13929.2998046875,13967.5,oos,0.1521009727108203,medium,14310.180029296875,13706.1740234375,14310.180029296875,downtrend,downtrend_medium
2021-01-28,13810.400390625,13898.25,13713.25,13817.5498046875,oos,0.1562871322589732,medium,14301.960009765626,13728.126015625,14301.960009765626,downtrend,downtrend_medium
2021-01-29,13946.599609375,13966.849609375,13596.75,13634.599609375,oos,0.16261475600260725,medium,14284.602490234374,13743.33400390625,14284.602490234374,downtrend,downtrend_medium
2021-02-01,13758.599609375,14336.349609375,13661.75,14281.2001953125,oos,0.23724136479847094,high,14297.7375,13770.1930078125,14297.7375,downtrend,downtrend_high
2021-02-02,14481.099609375,14731.7001953125,14469.150390625,14647.849609375,oos,0.2519105595440407,high,14323.4849609375,13807.71599609375,14323.4849609375,uptrend,uptrend_high
2021-02-03,14754.900390625,14868.849609375,14574.150390625,14789.9501953125,oos,0.25326566193106714,high,14353.007470703125,13846.33400390625,14353.007470703125,uptrend,uptrend_high
2021-02-04,14789.0498046875,14913.7001953125,14714.75,14895.650390625,oos,0.2528472976606664,high,14390.477490234374,13885.7180078125,14390.477490234374,uptrend,uptrend_high
2021-02-05,14952.599609375,15014.650390625,14864.75,14924.25,oos,0.2525634474123421,high,14429.822509765625,13923.1,14429.822509765625,uptrend,uptrend_high
2021-02-08,15064.2998046875,15159.900390625,15041.0498046875,15115.7998046875,oos,0.2513918386230519,high,14468.25,13968.24798828125,14468.25,uptrend,uptrend_high
2021-02-09,15164.150390625,15257.099609375,15064.2998046875,15109.2998046875,oos,0.25028146126844436,high,14499.477490234374,14010.693984375,14499.477490234374,uptrend,uptrend_high
2021-02-10,15119.0498046875,15168.25,14977.2001953125,15106.5,oos,0.25012209801156293,high,14526.62998046875,14053.44498046875,14526.62998046875,uptrend,uptrend_high
2021-02-11,15073.25,15188.5,15065.400390625,15173.2998046875,oos,0.2501685169876096,high,14557.052490234375,14094.72998046875,14557.052490234375,uptrend,uptrend_high
2021-02-12,15186.2001953125,15243.5,15081.0,15163.2998046875,oos,0.25036956615636186,high,14585.4375,14135.7209765625,14585.4375,uptrend,uptrend_high
2021-02-15,15270.2998046875,15340.150390625,15243.400390625,15314.7001953125,oos,0.24687607648810048,high,14629.4875,14179.33697265625,14629.4875,uptrend,uptrend_high
2021-02-16,15371.4501953125,15431.75,15242.2001953125,15313.4501953125,oos,0.24195130379992547,high,14681.09501953125,14220.43498046875,14681.09501953125,uptrend,uptrend_high
2021-02-17,15279.900390625,15314.2998046875,15170.75,15208.900390625,oos,0.23938636663771087,high,14715.48251953125,14257.49798828125,14715.48251953125,uptrend,uptrend_high
2021-02-18,15238.7001953125,15250.75,15078.0498046875,15118.9501953125,oos,0.2399971358700399,high,14739.19501953125,14292.01798828125,14739.19501953125,uptrend,uptrend_high
2021-02-19,15074.7998046875,15144.0498046875,14898.2001953125,14981.75,oos,0.24234521480255844,high,14758.7650390625,14321.07099609375,14758.7650390625,uptrend,uptrend_high
2021-02-22,14999.0498046875,15010.099609375,14635.0498046875,14675.7001953125,oos,0.2479529027211474,high,14773.955029296874,14345.01900390625,14773.955029296874,downtrend,downtrend_high
2021-02-23,14782.25,14854.5,14651.849609375,14707.7998046875,oos,0.24488597876160953,high,14797.4,14368.8980078125,14797.4,downtrend,downtrend_high
2021-02-24,14729.150390625,15008.7998046875,14504.5,14982.0,oos,0.23892398161576547,high,14848.125,14397.375,14848.125,uptrend,uptrend_high
2021-02-25,15079.849609375,15176.5,15065.349609375,15097.349609375,oos,0.23312579526823454,high,14912.114990234375,14427.965,14912.114990234375,uptrend,uptrend_high
2021-02-26,14888.599609375,14919.4501953125,14467.75,14529.150390625,oos,0.2708359519521086,high,14956.842529296875,14444.89400390625,14956.842529296875,downtrend,downtrend_high
2021-03-01,14702.5,14806.7998046875,14638.5498046875,14761.5498046875,oos,0.2214262581413124,medium,14980.860009765625,14465.31099609375,14980.860009765625,downtrend,downtrend_medium
2021-03-02,14865.2998046875,14959.099609375,14760.7998046875,14919.099609375,oos,0.20577854774982218,medium,14994.422509765625,14488.4819921875,14994.422509765625,downtrend,downtrend_medium
2021-03-03,15064.400390625,15273.150390625,14995.7998046875,15245.599609375,oos,0.21685869031475272,medium,15017.20498046875,14526.8259765625,15017.20498046875,uptrend,uptrend_medium
2021-03-04,15026.75,15202.349609375,14980.2001953125,15080.75,oos,0.2201204470372182,medium,15026.4599609375,14559.11498046875,15026.4599609375,uptrend,uptrend_medium
2021-03-05,14977.9501953125,15092.349609375,14862.099609375,14938.099609375,oos,0.22297802777475992,medium,15027.15244140625,14585.85498046875,15027.15244140625,downtrend,downtrend_medium
2021-03-08,15002.4501953125,15111.150390625,14919.900390625,14956.2001953125,oos,0.2179624385678235,medium,15019.1724609375,14609.993984375,15019.1724609375,downtrend,downtrend_medium
2021-03-09,15049.900390625,15126.849609375,14925.4501953125,15098.400390625,oos,0.2208047191063531,medium,15018.627490234376,14634.49798828125,15018.627490234376,uptrend,uptrend_medium
2021-03-10,15202.150390625,15218.4501953125,15100.849609375,15174.7998046875,oos,0.2215124258818947,medium,15022.04248046875,14659.3419921875,15022.04248046875,uptrend,uptrend_medium
2021-03-12,15321.150390625,15336.2998046875,14953.599609375,15030.9501953125,oos,0.22358367329505371,medium,15014.925,14680.3219921875,15014.925,uptrend,uptrend_medium
2021-03-15,15048.400390625,15048.400390625,14745.849609375,14929.5,oos,0.2247280798581646,medium,15003.235009765625,14699.2769921875,15003.235009765625,downtrend,downtrend_medium
2021-03-16,14996.099609375,15051.599609375,14890.650390625,14910.4501953125,oos,0.2211664754713037,medium,14983.022509765626,14717.11599609375,14983.022509765626,downtrend,downtrend_medium
2021-03-17,14946.5498046875,14956.5498046875,14696.0498046875,14721.2998046875,oos,0.22478373580629893,high,14953.414990234374,14728.883984375,14953.414990234374,downtrend,downtrend_high
2021-03-18,14855.5,14875.2001953125,14478.599609375,14557.849609375,oos,0.2265388711191288,high,14920.862451171875,14736.0509765625,14920.862451171875,downtrend,downtrend_high
2021-03-19,14471.150390625,14788.25,14350.099609375,14744.0,oos,0.2320092960556343,high,14902.11494140625,14748.0059765625,14902.11494140625,downtrend,downtrend_high
2021-03-22,14736.2998046875,14763.900390625,14597.849609375,14736.400390625,oos,0.23011465264081765,high,14889.8474609375,14759.9869921875,14889.8474609375,downtrend,downtrend_high
2021-03-23,14768.5498046875,14878.599609375,14707.0,14814.75,oos,0.2187424239581799,medium,14896.799951171875,14769.3369921875,14896.799951171875,downtrend,downtrend_medium
2021-03-24,14712.4501953125,14752.349609375,14535.0,14549.400390625,oos,0.22819233127627586,high,14888.87998046875,14770.63,14888.87998046875,downtrend,downtrend_high
2021-03-25,14570.900390625,14575.599609375,14264.400390625,14324.900390625,oos,0.22237329836974898,medium,14856.025,14765.85900390625,14856.025,downtrend,downtrend_medium
2021-03-26,14506.2998046875,14572.900390625,14414.25,14507.2998046875,oos,0.2260172452404427,high,14826.522509765626,14764.7080078125,14826.522509765626,downtrend,downtrend_high
2021-03-30,14628.5,14876.2998046875,14617.599609375,14845.099609375,oos,0.20022121729548237,medium,14842.319970703125,14769.6980078125,14842.319970703125,uptrend,uptrend_medium
2021-03-31,14811.849609375,14813.75,14670.25,14690.7001953125,oos,0.1961482401382647,medium,14838.777490234375,14774.8380078125,14838.777490234375,downtrend,downtrend_medium
2021-04-01,14798.400390625,14883.2001953125,14692.4501953125,14867.349609375,oos,0.19719491840490425,medium,14836.189990234376,14786.55900390625,14836.189990234376,uptrend,uptrend_medium
2021-04-05,14837.7001953125,14849.849609375,14459.5,14637.7998046875,oos,0.18620384329705747,medium,14805.8,14788.8919921875,14805.8,downtrend,downtrend_medium
2021-04-06,14737.0,14779.099609375,14573.900390625,14683.5,oos,0.18398015204418158,medium,14785.9375,14789.66798828125,14785.9375,downtrend,downtrend_medium
2021-04-07,14716.4501953125,14879.7998046875,14649.849609375,14819.0498046875,oos,0.18490621048478495,medium,14779.985009765625,14794.2419921875,14779.985009765625,uptrend,uptrend_medium
2021-04-08,14875.650390625,14984.150390625,14821.099609375,14873.7998046875,oos,0.1853911744515758,medium,14775.864990234375,14804.27998046875,14775.864990234375,uptrend,uptrend_medium
2021-04-09,14882.650390625,14918.4501953125,14785.650390625,14834.849609375,oos,0.18192401256265583,medium,14762.687451171874,14816.19896484375,14762.687451171874,uptrend,uptrend_medium
2021-04-12,14644.650390625,14652.5,14248.7001953125,14310.7998046875,oos,0.2176008454043139,medium,14719.487451171875,14823.0649609375,14719.487451171875,downtrend,downtrend_medium
2021-04-13,14364.900390625,14528.900390625,14274.900390625,14504.7998046875,oos,0.22355615071021168,high,14693.179931640625,14836.8099609375,14693.179931640625,downtrend,downtrend_high
2021-04-15,14522.400390625,14597.5498046875,14353.2001953125,14581.4501953125,oos,0.22402113020983505,high,14675.77744140625,14855.74697265625,14675.77744140625,downtrend,downtrend_high
2021-04-16,14599.599609375,14697.7001953125,14559.0,14617.849609375,oos,0.2243780548978037,high,14661.147412109374,14862.4799609375,14661.147412109374,downtrend,downtrend_high
2021-04-19,14306.599609375,14382.2998046875,14191.400390625,14359.4501953125,oos,0.22851803336303864,high,14643.054931640625,14856.71197265625,14643.054931640625,downtrend,downtrend_high
2021-04-20,14526.7001953125,14526.9501953125,14207.2998046875,14296.400390625,oos,0.22586516061046225,high,14629.982470703126,14846.8409765625,14629.982470703126,downtrend,downtrend_high
2021-04-22,14219.150390625,14424.75,14151.400390625,14406.150390625,oos,0.22248849124217682,high,14613.089990234375,14837.0509765625,14613.089990234375,downtrend,downtrend_high
2021-04-23,14326.349609375,14461.150390625,14273.2998046875,14341.349609375,oos,0.22280706832339695,high,14593.337451171876,14825.39296875,14593.337451171876,downtrend,downtrend_high
2021-04-26,14449.4501953125,14557.5,14421.2998046875,14485.0,oos,0.22525907089844496,high,14576.849951171875,14812.77697265625,14576.849951171875,downtrend,downtrend_high
2021-04-27,14493.7998046875,14667.5498046875,14484.849609375,14653.0498046875,oos,0.2202260366866489,high,14582.032421875,14803.65197265625,14582.032421875,uptrend,uptrend_high
2021-04-28,14710.5,14890.25,14694.9501953125,14864.5498046875,oos,0.21716183385796456,medium,14609.014892578125,14798.81296875,14609.014892578125,uptrend,uptrend_medium
2021-04-29,14979.0,15044.349609375,14814.4501953125,14894.900390625,oos,0.21339788444467747,medium,14628.394921875,14793.24498046875,14628.394921875,uptrend,uptrend_medium
2021-04-30,14747.349609375,14855.4501953125,14601.7001953125,14631.099609375,oos,0.20717630988769595,medium,14617.694921875,14782.6009765625,14617.694921875,uptrend,uptrend_medium
2021-05-03,14481.0498046875,14673.849609375,14416.25,14634.150390625,oos,0.20394724445137113,medium,14614.867431640625,14768.98998046875,14614.867431640625,uptrend,uptrend_medium
2021-05-04,14687.25,14723.400390625,14461.5,14496.5,oos,0.20119903943168854,medium,14596.324951171875,14752.6509765625,14596.324951171875,downtrend,downtrend_medium
2021-05-05,14604.150390625,14637.900390625,14506.599609375,14617.849609375,oos,0.1965228214874111,medium,14595.32744140625,14740.8299609375,14595.32744140625,uptrend,uptrend_medium
2021-05-06,14668.349609375,14743.900390625,14611.5,14724.7998046875,oos,0.19796375267117827,medium,14597.392431640625,14732.946953125,14597.392431640625,uptrend,uptrend_medium
2021-05-07,14816.849609375,14863.0498046875,14765.5,14823.150390625,oos,0.19662480248509284,medium,14597.5974609375,14729.7749609375,14597.5974609375,uptrend,uptrend_medium
2021-05-10,14928.25,14966.900390625,14892.5,14942.349609375,oos,0.19828088138165076,medium,14601.024951171876,14735.10794921875,14601.024951171876,uptrend,uptrend_medium
2021-05-11,14789.7001953125,14900.0,14771.400390625,14850.75,oos,0.19935644796254312,medium,14601.819970703125,14737.966953125,14601.819970703125,uptrend,uptrend_medium
2021-05-12,14823.5498046875,14824.0498046875,14649.7001953125,14696.5,oos,0.15532172018532917,medium,14621.10498046875,14732.256953125,14621.10498046875,uptrend,uptrend_medium
2021-05-14,14749.400390625,14749.650390625,14591.900390625,14677.7998046875,oos,0.1486756453741387,low,14629.75498046875,14723.86595703125,14629.75498046875,uptrend,uptrend_low
2021-05-17,14756.25,14938.0,14725.349609375,14923.150390625,oos,0.15862177287794682,medium,14646.839990234375,14731.74595703125,14646.839990234375,uptrend,uptrend_medium
2021-05-18,15067.2001953125,15137.25,15043.7001953125,15108.099609375,oos,0.163504547540582,medium,14671.352490234374,14738.676953125,14671.352490234374,uptrend,uptrend_medium
2021-05-19,15058.599609375,15133.400390625,15008.849609375,15030.150390625,oos,0.14924342414674396,low,14704.8875,14740.89796875,14704.8875,uptrend,uptrend_low
2021-05-20,15042.599609375,15069.7998046875,14884.900390625,14906.0498046875,oos,0.1521539756585504,medium,14735.369970703125,14734.10697265625,14735.369970703125,uptrend,uptrend_medium
2021-05-21,14987.7998046875,15190.0,14985.849609375,15175.2998046875,oos,0.16136058059473848,medium,14773.82744140625,14735.99796875,14773.82744140625,uptrend,uptrend_medium
2021-05-24,15211.349609375,15256.25,15145.4501953125,15197.7001953125,oos,0.1592283282402782,medium,14816.644970703124,14741.18998046875,14816.644970703124,uptrend,uptrend_medium
2021-05-25,15291.75,15293.849609375,15163.400390625,15208.4501953125,oos,0.15716565287556886,medium,14852.81748046875,14746.23498046875,14852.81748046875,uptrend,uptrend_medium
2021-05-26,15257.0498046875,15319.900390625,15194.9501953125,15301.4501953125,oos,0.1541223654125646,medium,14885.2375,14750.2959765625,14885.2375,uptrend,uptrend_medium
2021-05-27,15323.9501953125,15384.5498046875,15272.5,15337.849609375,oos,0.14722955527974185,low,14908.902490234375,14753.55697265625,14908.902490234375,uptrend,uptrend_low
2021-05-28,15421.2001953125,15469.650390625,15394.75,15435.650390625,oos,0.14819924452205158,low,14935.939990234376,14761.6509765625,14935.939990234376,uptrend,uptrend_low
2021-05-31,15437.75,15606.349609375,15374.0,15582.7998046875,oos,0.13113443228061555,low,14983.525,14774.71697265625,14983.525,uptrend,uptrend_low
2021-06-01,15629.650390625,15660.75,15528.2998046875,15574.849609375,oos,0.1313756225080642,low,15030.5599609375,14788.0049609375,15030.5599609375,uptrend,uptrend_low
2021-06-02,15520.349609375,15597.4501953125,15459.849609375,15576.2001953125,oos,0.1234206894838849,low,15084.544970703126,14805.10296875,15084.544970703126,uptrend,uptrend_low
2021-06-03,15655.5498046875,15705.099609375,15611.0,15690.349609375,oos,0.12294376387012197,low,15138.169970703126,14827.75296875,15138.169970703126,uptrend,uptrend_low
2021-06-04,15712.5,15733.599609375,15622.349609375,15670.25,oos,0.12326069809287298,low,15185.44248046875,14846.27796875,15185.44248046875,uptrend,uptrend_low
2021-06-07,15725.099609375,15773.4501953125,15678.099609375,15751.650390625,oos,0.12280790416088558,low,15231.86748046875,14866.58296875,15231.86748046875,uptrend,uptrend_low
2021-06-08,15773.900390625,15778.7998046875,15680.0,15740.099609375,oos,0.12204479954658373,low,15271.75498046875,14885.0899609375,15271.75498046875,uptrend,uptrend_low
2021-06-09,15766.2998046875,15800.4501953125,15566.900390625,15635.349609375,oos,0.12255764064911288,low,15310.9849609375,14906.8089453125,15310.9849609375,uptrend,uptrend_low
2021-06-10,15692.099609375,15751.25,15648.5,15737.75,oos,0.11312639584238231,low,15363.0474609375,14935.0659375,15363.0474609375,uptrend,uptrend_low
2021-06-11,15796.4501953125,15835.5498046875,15749.7998046875,15799.349609375,oos,0.11174287138710269,low,15419.124951171874,14960.90693359375,15419.124951171874,uptrend,uptrend_low
2021-06-14,15791.400390625,15823.0498046875,15606.5,15811.849609375,oos,0.10093862784694432,low,15463.559912109375,14980.24193359375,15463.559912109375,uptrend,uptrend_low
2021-06-15,15866.9501953125,15901.599609375,15842.400390625,15869.25,oos,0.09462045448873202,low,15501.617431640625,15003.8129296875,15501.617431640625,uptrend,uptrend_low
2021-06-16,15847.5,15880.849609375,15742.599609375,15767.5498046875,oos,0.09605078527681768,low,15538.48740234375,15021.81693359375,15538.48740234375,uptrend,uptrend_low
2021-06-17,15648.2998046875,15769.349609375,15616.75,15691.400390625,oos,0.09167090427283271,low,15577.754931640626,15042.8889453125,15577.754931640626,uptrend,uptrend_low
2021-06-18,15756.5,15761.5,15450.900390625,15683.349609375,oos,0.07159041382809905,low,15603.157421875,15062.8859375,15603.157421875,uptrend,uptrend_low
2021-06-21,15525.849609375,15765.150390625,15505.650390625,15746.5,oos,0.072075484013782,low,15630.597412109375,15081.43494140625,15630.597412109375,uptrend,uptrend_low
2021-06-22,15840.5,15895.75,15752.099609375,15772.75,oos,0.07196557955957705,low,15658.81240234375,15099.4139453125,15658.81240234375,uptrend,uptrend_low
2021-06-23,15862.7998046875,15862.9501953125,15673.9501953125,15686.9501953125,oos,0.07449063580899748,low,15678.08740234375,15116.45595703125,15678.08740234375,uptrend,uptrend_low
2021-06-24,15737.2998046875,15821.400390625,15702.7001953125,15790.4501953125,oos,0.07680413351366704,low,15700.717431640625,15146.04896484375,15700.717431640625,uptrend,uptrend_low
2021-06-25,15839.349609375,15870.7998046875,15772.2998046875,15860.349609375,oos,0.07545078974085566,low,15721.952392578125,15173.1599609375,15721.952392578125,uptrend,uptrend_low
2021-06-28,15915.349609375,15915.650390625,15792.150390625,15814.7001953125,oos,0.07032654538567666,low,15733.547412109376,15197.8249609375,15733.547412109376,uptrend,uptrend_low
2021-06-29,15807.5,15835.900390625,15724.0498046875,15748.4501953125,oos,0.07238207768819001,low,15742.22744140625,15220.43697265625,15742.22744140625,uptrend,uptrend_low
2021-06-30,15776.900390625,15839.099609375,15708.75,15721.5,oos,0.07281946757205482,low,15749.492431640625,15247.67796875,15749.492431640625,downtrend,downtrend_low
2021-07-01,15755.0498046875,15755.5498046875,15667.0498046875,15680.0,oos,0.06886445334824458,low,15748.974951171875,15275.3499609375,15748.974951171875,downtrend,downtrend_low
2021-07-02,15705.849609375,15738.349609375,15635.9501953125,15722.2001953125,oos,0.0693446986478924,low,15751.5724609375,15301.67095703125,15751.5724609375,downtrend,downtrend_low
2021-07-05,15793.400390625,15845.9501953125,15762.0498046875,15834.349609375,oos,0.07151356728072608,low,15755.707421875,15331.53095703125,15755.707421875,uptrend,uptrend_low
2021-07-06,15813.75,15914.2001953125,15801.0,15818.25,oos,0.0715734412502591,low,15759.61494140625,15358.19595703125,15759.61494140625,uptrend,uptrend_low
2021-07-07,15819.599609375,15893.5498046875,15779.7001953125,15879.650390625,oos,0.06774688086430028,low,15771.82998046875,15382.72796875,15771.82998046875,uptrend,uptrend_low
2021-07-08,15855.400390625,15885.75,15682.900390625,15727.900390625,oos,0.07345032574925857,low,15771.3375,15399.99498046875,15771.3375,downtrend,downtrend_low
2021-07-09,15688.25,15730.849609375,15632.75,15689.7998046875,oos,0.07238376081079753,low,15765.860009765625,15415.89296875,15765.860009765625,downtrend,downtrend_low
2021-07-12,15766.7998046875,15789.2001953125,15644.75,15692.599609375,oos,0.07228960646153301,low,15759.897509765626,15437.12296875,15759.897509765626,downtrend,downtrend_low
2021-07-13,15794.0,15820.7998046875,15744.599609375,15812.349609375,oos,0.07649732764613063,low,15757.052490234375,15460.686953125,15757.052490234375,uptrend,uptrend_low
2021-07-14,15808.7001953125,15877.349609375,15764.2001953125,15853.9501953125,oos,0.07338355147992395,low,15761.372509765624,15487.83595703125,15761.372509765624,uptrend,uptrend_low
2021-07-15,15872.150390625,15952.349609375,15855.0,15924.2001953125,oos,0.07217835376209085,low,15773.0125,15513.96296875,15773.0125,uptrend,uptrend_low
2021-07-16,15958.349609375,15962.25,15882.599609375,15923.400390625,oos,0.0720898754609778,low,15785.0150390625,15537.93498046875,15785.0150390625,uptrend,uptrend_low
2021-07-19,15754.5,15836.900390625,15707.5,15752.400390625,oos,0.08165979056587923,low,15785.31005859375,15556.51998046875,15785.31005859375,downtrend,downtrend_low
2021-07-20,15703.9501953125,15728.4501953125,15578.5498046875,15632.099609375,oos,0.08576327887062798,low,15778.2775390625,15570.31498046875,15778.2775390625,downtrend,downtrend_low
2021-07-22,15736.599609375,15834.7998046875,15726.400390625,15824.0498046875,oos,0.09464888178617273,low,15785.13251953125,15589.7809765625,15785.13251953125,uptrend,uptrend_low
2021-07-23,15856.7998046875,15899.7998046875,15768.400390625,15856.0498046875,oos,0.09206665989141462,low,15788.4125,15612.97197265625,15788.4125,uptrend,uptrend_low
2021-07-26,15849.2998046875,15893.349609375,15797.0,15824.4501953125,oos,0.09099308364469091,low,15786.617529296875,15635.90498046875,15786.617529296875,uptrend,uptrend_low
2021-07-27,15860.5,15881.5498046875,15701.0,15746.4501953125,oos,0.09210865155945931,low,15783.205029296874,15652.3709765625,15783.205029296874,downtrend,downtrend_low
2021-07-28,15761.5498046875,15767.5,15513.4501953125,15709.400390625,oos,0.09128085067487002,low,15781.2525390625,15664.3969921875,15781.2525390625,downtrend,downtrend_low
2021-07-29,15762.7001953125,15817.349609375,15737.7998046875,15778.4501953125,oos,0.09242525878104545,low,15784.100048828124,15679.36298828125,15784.100048828124,downtrend,downtrend_low
2021-07-30,15800.599609375,15862.7998046875,15744.849609375,15763.0498046875,oos,0.09193541518338728,low,15788.2525390625,15696.50298828125,15788.2525390625,downtrend,downtrend_low
2021-08-02,15874.900390625,15892.900390625,15834.650390625,15885.150390625,oos,0.0953800223772692,low,15796.400048828125,15710.7,15796.400048828125,uptrend,uptrend_low
2021-08-03,15951.5498046875,16146.900390625,15914.349609375,16130.75,oos,0.10690758878648682,low,15811.220068359375,15729.36099609375,15811.220068359375,uptrend,uptrend_low
2021-08-04,16195.25,16290.2001953125,16176.150390625,16258.7998046875,oos,0.10941959818804303,low,15833.24755859375,15750.36798828125,15833.24755859375,uptrend,uptrend_low
2021-08-05,16288.9501953125,16349.4501953125,16210.2998046875,16294.599609375,oos,0.10907561720335192,low,15853.99501953125,15770.2309765625,15853.99501953125,uptrend,uptrend_low
2021-08-06,16304.400390625,16336.75,16223.2998046875,16238.2001953125,oos,0.10299635833328961,low,15879.510009765625,15788.23798828125,15879.510009765625,uptrend,uptrend_low
2021-08-09,16281.349609375,16320.75,16179.0498046875,16258.25,oos,0.10190596892274195,low,15907.93251953125,15804.68998046875,15907.93251953125,uptrend,uptrend_low
2021-08-10,16274.7998046875,16359.25,16202.25,16280.099609375,oos,0.10174375579195577,low,15937.30751953125,15818.6359765625,15937.30751953125,uptrend,uptrend_low
2021-08-11,16327.2998046875,16338.75,16162.5498046875,16282.25,oos,0.09955980182428334,low,15960.8025390625,15832.783984375,15960.8025390625,uptrend,uptrend_low
2021-08-12,16303.650390625,16375.5,16286.900390625,16364.400390625,oos,0.10029492051284827,low,15986.325048828125,15848.54798828125,15986.325048828125,uptrend,uptrend_low
2021-08-13,16385.69921875,16543.599609375,16376.2998046875,16529.099609375,oos,0.10431346595532474,low,16016.57001953125,15865.32298828125,16016.57001953125,uptrend,uptrend_low
2021-08-16,16518.400390625,16589.400390625,16480.75,16563.05078125,oos,0.10406246415368034,low,16048.5525390625,15883.17900390625,16048.5525390625,uptrend,uptrend_low
2021-08-17,16545.25,16628.55078125,16495.400390625,16614.599609375,oos,0.09256858870908075,low,16091.6625,15900.43798828125,16091.6625,uptrend,uptrend_low
2021-08-18,16691.94921875,16701.849609375,16535.849609375,16568.849609375,oos,0.086789686293239,low,16138.5,15917.01298828125,16138.5,uptrend,uptrend_low
2021-08-20,16382.5,16509.55078125,16376.0498046875,16450.5,oos,0.08641649682146943,low,16169.822509765625,15933.31599609375,16169.822509765625,uptrend,uptrend_low
2021-08-23,16592.25,16592.5,16395.69921875,16496.44921875,oos,0.08646751314874818,low,16201.84248046875,15948.48998046875,16201.84248046875,uptrend,uptrend_low
2021-08-24,16561.400390625,16647.099609375,16495.30078125,16624.599609375,oos,0.08743236015668779,low,16241.849951171875,15964.99498046875,16241.849951171875,uptrend,uptrend_low
2021-08-25,16654.0,16712.44921875,16617.5,16634.650390625,oos,0.083319470359335,low,16286.2599609375,15981.45099609375,16286.2599609375,uptrend,uptrend_low
2021-08-26,16627.94921875,16683.69921875,16603.400390625,16636.900390625,oos,0.08174748139585356,low,16332.6349609375,15996.80400390625,16332.6349609375,uptrend,uptrend_low
2021-08-27,16642.55078125,16722.05078125,16565.599609375,16705.19921875,oos,0.08168282516355933,low,16378.972412109375,16015.5569921875,16378.972412109375,uptrend,uptrend_low
2021-08-30,16775.849609375,16951.5,16764.849609375,16931.05078125,oos,0.08854777346381869,low,16437.3724609375,16040.35,16437.3724609375,uptrend,uptrend_low
2021-08-31,16947.5,17153.5,16915.849609375,17132.19921875,oos,0.09225681607110725,low,16499.72490234375,16069.3269921875,16499.72490234375,uptrend,uptrend_low
2021-09-01,17185.599609375,17225.75,17055.05078125,17076.25,oos,0.08448871364498116,low,16546.99990234375,16095.9219921875,16546.99990234375,uptrend,uptrend_low
2021-09-02,17095.400390625,17245.5,17059.69921875,17234.150390625,oos,0.08565042605853633,low,16595.767431640626,16125.15,16595.767431640626,uptrend,uptrend_low
2021-09-03,17262.44921875,17340.099609375,17212.19921875,17323.599609375,oos,0.08596931401239066,low,16647.217431640624,16157.88298828125,16647.217431640624,uptrend,uptrend_low
2021-09-06,17399.349609375,17429.55078125,17345.55078125,17377.80078125,oos,0.08242808993687466,low,16704.1974609375,16189.63,16704.1974609375,uptrend,uptrend_low
2021-09-07,17401.55078125,17436.5,17287.0,17362.099609375,oos,0.08351869333433705,low,16759.38994140625,16219.665,16759.38994140625,uptrend,uptrend_low
2021-09-08,17375.75,17383.400390625,17254.19921875,17353.5,oos,0.08434199304705582,low,16813.0599609375,16250.44099609375,16813.0599609375,uptrend,uptrend_low
2021-09-09,17312.849609375,17379.650390625,17302.69921875,17369.25,oos,0.08401078546889994,low,16867.4099609375,16282.8569921875,16867.4099609375,uptrend,uptrend_low
2021-09-13,17363.55078125,17378.349609375,17269.150390625,17355.30078125,oos,0.08491302623103496,low,16916.95498046875,16315.5330078125,16916.95498046875,uptrend,uptrend_low
2021-09-14,17420.349609375,17438.55078125,17367.05078125,17380.0,oos,0.08075877539322474,low,16959.5,16349.5330078125,16959.5,uptrend,uptrend_low
2021-09-15,17387.650390625,17532.69921875,17386.900390625,17519.44921875,oos,0.08304432708410543,low,17007.319921875,16385.47798828125,17007.319921875,uptrend,uptrend_low
2021-09-16,17539.19921875,17644.599609375,17510.44921875,17629.5,oos,0.08394749293644092,low,17058.06494140625,16421.38099609375,17058.06494140625,uptrend,uptrend_low
2021-09-17,17709.650390625,17792.94921875,17537.650390625,17585.150390625,oos,0.0837358354092568,low,17108.87998046875,16456.71900390625,17108.87998046875,uptrend,uptrend_low
2021-09-20,17443.849609375,17622.75,17361.80078125,17396.900390625,oos,0.09016333454889125,low,17156.2,16487.06400390625,17156.2,uptrend,uptrend_low
2021-09-21,17450.5,17578.349609375,17326.099609375,17562.0,oos,0.0932227298985712,low,17209.4775390625,16523.74599609375,17209.4775390625,uptrend,uptrend_low
2021-09-22,17580.900390625,17610.44921875,17524.0,17546.650390625,oos,0.09259058791533634,low,17255.580078125,16560.8830078125,17255.580078125,uptrend,uptrend_low
2021-09-23,17670.849609375,17843.900390625,17646.55078125,17822.94921875,oos,0.10301821184159315,low,17314.99501953125,16603.49,17314.99501953125,uptrend,uptrend_low
2021-09-24,17897.44921875,17947.650390625,17819.400390625,17853.19921875,oos,0.1024942950619563,low,17375.8099609375,16644.3069921875,17375.8099609375,uptrend,uptrend_low
2021-09-27,17932.19921875,17943.5,17802.900390625,17855.099609375,oos,0.10318953630084463,low,17433.30498046875,16684.32998046875,17433.30498046875,uptrend,uptrend_low
2021-09-28,17906.44921875,17912.849609375,17576.099609375,17748.599609375,oos,0.10088303912107034,low,17474.182421875,16720.81796875,17474.182421875,uptrend,uptrend_low
2021-09-29,17657.94921875,17781.75,17608.150390625,17711.30078125,oos,0.09548258011468443,low,17503.1375,16756.5759765625,17503.1375,uptrend,uptrend_low
2021-09-30,17718.900390625,17742.150390625,17585.349609375,17618.150390625,oos,0.09710092113059711,low,17530.23251953125,16793.8909765625,17530.23251953125,uptrend,uptrend_low
2021-10-01,17531.900390625,17557.150390625,17452.900390625,17532.05078125,oos,0.0952448112338546,low,17545.1275390625,16831.89,17545.1275390625,downtrend,downtrend_low
2021-10-04,17615.55078125,17750.900390625,17581.349609375,17691.25,oos,0.09852734573911283,low,17563.51005859375,16869.23400390625,17563.51005859375,uptrend,uptrend_low
2021-10-05,17661.349609375,17833.44921875,17640.900390625,17822.30078125,oos,0.1008570397895332,low,17585.73505859375,16908.5590234375,17585.73505859375,uptrend,uptrend_low
2021-10-06,17861.5,17884.599609375,17613.150390625,17646.0,oos,0.10821945661551208,low,17599.930078125,16944.99001953125,17599.930078125,uptrend,uptrend_low
2021-10-07,17810.55078125,17857.55078125,17763.80078125,17790.349609375,oos,0.11114874080762666,low,17621.77255859375,16985.8680078125,17621.77255859375,uptrend,uptrend_low
2021-10-08,17886.849609375,17941.849609375,17840.349609375,17895.19921875,oos,0.11233759186431697,low,17648.07001953125,17029.583984375,17648.07001953125,uptrend,uptrend_low
2021-10-11,17867.55078125,18041.94921875,17839.099609375,17945.94921875,oos,0.1120834006074063,low,17677.60244140625,17072.93396484375,17677.60244140625,uptrend,uptrend_low
2021-10-12,17915.80078125,18008.650390625,17864.94921875,17991.94921875,oos,0.11211932631520766,medium,17708.19990234375,17117.511953125,17708.19990234375,uptrend,uptrend_medium
2021-10-13,18097.849609375,18197.80078125,18050.75,18161.75,oos,0.11327424386890741,medium,17740.31494140625,17163.0439453125,17740.31494140625,uptrend,uptrend_medium
2021-10-14,18272.849609375,18350.75,18248.69921875,18338.55078125,oos,0.11571269127506947,medium,17775.76748046875,17207.1999609375,17775.76748046875,uptrend,uptrend_medium
2021-10-18,18500.099609375,18543.150390625,18445.30078125,18477.05078125,oos,0.11602148802313798,medium,17820.3625,17251.56498046875,17820.3625,uptrend,uptrend_medium
2021-10-19,18602.349609375,18604.44921875,18377.69921875,18418.75,oos,0.10739741808990258,low,17871.45498046875,17294.04798828125,17871.45498046875,uptrend,uptrend_low
2021-10-20,18439.900390625,18458.30078125,18209.349609375,18266.599609375,oos,0.11131793866666825,low,17906.6849609375,17334.6159765625,17906.6849609375,uptrend,uptrend_low
2021-10-21,18382.69921875,18384.19921875,18048.0,18178.099609375,oos,0.1135440641483531,medium,17938.257421875,17373.01296875,17938.257421875,uptrend,uptrend_medium
2021-10-22,18230.69921875,18314.25,18034.349609375,18114.900390625,oos,0.10214416763893547,low,17952.85498046875,17409.708984375,17952.85498046875,uptrend,uptrend_low
2021-10-25,18229.5,18241.400390625,17968.5,18125.400390625,oos,0.10209568539574122,low,17966.4650390625,17446.5719921875,17966.4650390625,uptrend,uptrend_low
2021-10-26,18154.5,18310.44921875,18099.30078125,18268.400390625,oos,0.10511159122415455,low,17987.130078125,17484.6519921875,17987.130078125,uptrend,uptrend_low
2021-10-27,18295.849609375,18342.05078125,18167.900390625,18210.94921875,oos,0.10303051281893393,low,18010.24755859375,17518.288984375,18010.24755859375,uptrend,uptrend_low
2021-10-28,18187.650390625,18190.69921875,17799.44921875,17857.25,oos,0.1263381471924366,medium,18017.54501953125,17544.17296875,18017.54501953125,downtrend,downtrend_medium
2021-10-29,17833.05078125,17915.849609375,17613.099609375,17671.650390625,oos,0.13065119288036514,medium,18020.22001953125,17565.313984375,18020.22001953125,downtrend,downtrend_medium
2021-11-01,17783.150390625,17954.099609375,17697.099609375,17929.650390625,oos,0.13868360092906154,medium,18040.1,17592.53,18040.1,downtrend,downtrend_medium
2021-11-02,17970.900390625,18012.25,17847.599609375,17888.94921875,oos,0.1359086624700725,medium,18049.9849609375,17621.298984375,18049.9849609375,downtrend,downtrend_medium
2021-11-03,17947.94921875,17988.75,17757.94921875,17829.19921875,oos,0.13410121200130867,medium,18050.3298828125,17647.953984375,18050.3298828125,downtrend,downtrend_medium
2021-11-04,17935.05078125,17947.55078125,17900.599609375,17916.80078125,oos,0.12976579050695577,medium,18063.869921875,17673.7980078125,18063.869921875,downtrend,downtrend_medium
2021-11-08,18040.19921875,18087.80078125,17836.099609375,18068.55078125,oos,0.12998816016005482,medium,18077.77998046875,17702.476015625,18077.77998046875,downtrend,downtrend_medium
2021-11-09,18084.349609375,18112.599609375,17983.05078125,18044.25,oos,0.1287657911631365,medium,18085.23251953125,17730.6230078125,18085.23251953125,downtrend,downtrend_medium
2021-11-10,17973.44921875,18061.25,17915.0,18017.19921875,oos,0.12861806032703862,medium,18088.79501953125,17756.8630078125,18088.79501953125,downtrend,downtrend_medium
2021-11-11,17967.44921875,17971.349609375,17798.19921875,17873.599609375,oos,0.13148571023739858,medium,18082.8775390625,17775.713984375,18082.8775390625,downtrend,downtrend_medium
2021-11-12,17977.599609375,18123.0,17905.900390625,18102.75,oos,0.1353007498374967,medium,18079.9275390625,17795.125,18079.9275390625,uptrend,uptrend_medium
2021-11-15,18140.94921875,18210.150390625,18071.30078125,18109.44921875,oos,0.13023525568382088,medium,18068.4724609375,17815.788984375,18068.4724609375,uptrend,uptrend_medium
2021-11-16,18127.05078125,18132.650390625,17958.80078125,17999.19921875,oos,0.12789493254034906,medium,18044.5798828125,17831.0899609375,18044.5798828125,downtrend,downtrend_medium
2021-11-17,17939.349609375,18022.650390625,17879.25,17898.650390625,oos,0.1286569419419266,medium,18018.57490234375,17842.5909765625,18018.57490234375,downtrend,downtrend_medium
2021-11-18,17890.55078125,17945.599609375,17688.5,17764.80078125,oos,0.12813246734771486,medium,17993.4849609375,17850.3309765625,17993.4849609375,downtrend,downtrend_medium
2021-11-22,17796.25,17805.25,17280.44921875,17416.55078125,oos,0.14327016066322984,medium,17955.40751953125,17851.42,17955.40751953125,downtrend,downtrend_medium
2021-11-23,17281.75,17553.69921875,17216.099609375,17503.349609375,oos,0.1453237189806448,medium,17924.82998046875,17854.4169921875,17924.82998046875,downtrend,downtrend_medium
2021-11-24,17550.05078125,17600.599609375,17354.0,17415.05078125,oos,0.14553719461786,medium,17889.3125,17855.3330078125,17889.3125,downtrend,downtrend_medium
2021-11-25,17417.30078125,17564.349609375,17351.69921875,17536.25,oos,0.14473790045675378,medium,17852.70498046875,17858.9519921875,17852.70498046875,downtrend,downtrend_medium
2021-11-26,17338.75,17355.400390625,16985.69921875,17026.44921875,oos,0.17379150387713108,high,17793.47998046875,17851.8809765625,17793.47998046875,downtrend,downtrend_high
2021-11-29,17055.80078125,17160.69921875,16782.400390625,17053.94921875,oos,0.1636544807854947,high,17753.31494140625,17842.5709765625,17753.31494140625,downtrend,downtrend_high
2021-11-30,17051.150390625,17324.650390625,16931.400390625,16983.19921875,oos,0.16101185198536866,high,17718.8923828125,17829.6449609375,17718.8923828125,downtrend,downtrend_high
2021-12-01,17104.400390625,17213.05078125,17064.25,17166.900390625,oos,0.15635162077889114,high,17680.7548828125,17821.2799609375,17680.7548828125,downtrend,downtrend_high
2021-12-02,17183.19921875,17420.349609375,17149.30078125,17401.650390625,oos,0.16609547070405337,high,17656.38994140625,17821.3749609375,17656.38994140625,downtrend,downtrend_high
2021-12-03,17424.900390625,17489.80078125,17180.80078125,17196.69921875,oos,0.17010343400958147,high,17624.76494140625,17814.0689453125,17624.76494140625,downtrend,downtrend_high
2021-12-06,17209.05078125,17216.75,16891.69921875,16912.25,oos,0.1759060955901948,high,17574.53740234375,17801.3809375,17574.53740234375,downtrend,downtrend_high
2021-12-07,17044.099609375,17251.650390625,16987.75,17176.69921875,oos,0.18367589304490498,high,17529.94482421875,17788.4559375,17529.94482421875,downtrend,downtrend_high
2021-12-08,17315.25,17484.599609375,17308.94921875,17469.75,oos,0.19634587953994614,high,17501.21982421875,17780.786953125,17501.21982421875,downtrend,downtrend_high
2021-12-09,17524.400390625,17543.25,17379.599609375,17516.849609375,oos,0.1969223228131173,high,17476.20234375,17774.021953125,17476.20234375,uptrend,uptrend_high
2021-12-10,17476.05078125,17534.349609375,17405.25,17511.30078125,oos,0.19536925800985203,high,17458.08740234375,17769.2759765625,17458.08740234375,uptrend,uptrend_high
2021-12-13,17619.099609375,17639.5,17355.94921875,17368.25,oos,0.18987492714427437,high,17421.36240234375,17762.4149609375,17421.36240234375,downtrend,downtrend_high
2021-12-14,17283.19921875,17376.19921875,17225.80078125,17324.900390625,oos,0.18967276098137895,high,17382.1349609375,17756.5499609375,17382.1349609375,downtrend,downtrend_high
2021-12-15,17323.650390625,17351.19921875,17192.19921875,17221.400390625,oos,0.18964177025925183,high,17343.24501953125,17750.336953125,17343.24501953125,downtrend,downtrend_high
2021-12-16,17373.0,17379.349609375,17184.94921875,17248.400390625,oos,0.18961679911026233,high,17310.73251953125,17741.4799609375,17310.73251953125,downtrend,downtrend_high
2021-12-17,17276.0,17298.150390625,16966.44921875,16985.19921875,oos,0.1946625015858804,high,17271.75244140625,17724.7379296875,17271.75244140625,downtrend,downtrend_high
2021-12-20,16824.25,16840.099609375,16410.19921875,16614.19921875,oos,0.19746438277641162,high,17231.63486328125,17704.1019140625,17231.63486328125,downtrend,downtrend_high
2021-12-21,16773.150390625,16936.400390625,16688.25,16770.849609375,oos,0.20024428055079269,high,17195.00986328125,17683.7119140625,17195.00986328125,downtrend,downtrend_high
2021-12-22,16865.55078125,16971.0,16819.5,16955.44921875,oos,0.20511735056512695,high,17172.02978515625,17664.9169140625,17172.02978515625,downtrend,downtrend_high
2021-12-23,17066.80078125,17118.650390625,17015.55078125,17072.599609375,oos,0.2050907851285957,high,17148.847265625,17647.449921875,17148.847265625,downtrend,downtrend_high
2021-12-24,17149.5,17155.599609375,16909.599609375,17003.75,oos,0.1774522343646839,high,17147.7123046875,17627.6859375,17147.7123046875,downtrend,downtrend_high
2021-12-27,16937.75,17112.05078125,16833.19921875,17086.25,oos,0.1782150220379583,high,17149.32734375,17606.1759375,17149.32734375,downtrend,downtrend_high
2021-12-28,17177.599609375,17250.25,17161.150390625,17233.25,oos,0.17987193299999235,high,17161.8298828125,17584.069921875,17161.8298828125,uptrend,uptrend_high
2021-12-29,17220.099609375,17285.94921875,17176.650390625,17213.599609375,oos,0.17599949872455894,medium,17164.16484375,17558.8008984375,17164.16484375,uptrend,uptrend_medium
2021-12-30,17201.44921875,17264.05078125,17146.349609375,17203.94921875,oos,0.16863827462013006,medium,17154.27978515625,17534.5048828125,17154.27978515625,uptrend,uptrend_medium
2021-12-31,17244.5,17400.80078125,17238.5,17354.05078125,oos,0.16616662389517586,medium,17162.14736328125,17516.25390625,17162.14736328125,uptrend,uptrend_medium
2022-01-03,17387.150390625,17646.650390625,17383.30078125,17625.69921875,oos,0.16159026452735187,medium,17197.81982421875,17505.2058984375,17197.81982421875,uptrend,uptrend_medium
2022-01-04,17681.400390625,17827.599609375,17593.55078125,17805.25,oos,0.1566247080581319,medium,17229.24736328125,17499.012890625,17229.24736328125,uptrend,uptrend_medium
2022-01-05,17820.099609375,17944.69921875,17748.849609375,17925.25,oos,0.1473350889095775,medium,17252.02236328125,17495.0098828125,17252.02236328125,uptrend,uptrend_medium
2022-01-06,17768.5,17797.94921875,17655.55078125,17745.900390625,oos,0.15257692671795367,medium,17263.47490234375,17484.5598828125,17263.47490234375,uptrend,uptrend_medium
2022-01-07,17797.599609375,17905.0,17704.55078125,17812.69921875,oos,0.1529057362580903,medium,17278.54482421875,17476.5948828125,17278.54482421875,uptrend,uptrend_medium
2022-01-10,17913.30078125,18017.44921875,17879.150390625,18003.30078125,oos,0.1527354992356977,medium,17310.29736328125,17479.5158984375,17310.29736328125,uptrend,uptrend_medium
2022-01-11,17997.75,18081.25,17964.400390625,18055.75,oos,0.1519028304858348,medium,17346.83984375,17487.197890625,17346.83984375,uptrend,uptrend_medium
2022-01-12,18170.400390625,18227.94921875,18128.80078125,18212.349609375,oos,0.15045276457768678,medium,17396.3873046875,17492.851875,17396.3873046875,uptrend,uptrend_medium
2022-01-13,18257.0,18272.25,18163.80078125,18257.80078125,oos,0.15038440361640315,medium,17446.85732421875,17500.22890625,17446.85732421875,uptrend,uptrend_medium
2022-01-14,18185.0,18286.94921875,18119.650390625,18255.75,oos,0.13495828342149913,medium,17510.38486328125,17508.759921875,17510.38486328125,uptrend,uptrend_medium
2022-01-17,18235.650390625,18321.55078125,18228.75,18308.099609375,oos,0.09591141604624623,low,17595.0798828125,17516.5858984375,17595.0798828125,uptrend,uptrend_low
2022-01-18,18337.19921875,18350.94921875,18085.900390625,18113.05078125,oos,0.10890027145339565,medium,17662.18994140625,17517.4758984375,17662.18994140625,uptrend,uptrend_medium
2022-01-19,18129.19921875,18129.19921875,17884.900390625,17938.400390625,oos,0.11544504718281971,medium,17711.3375,17515.35890625,17711.3375,uptrend,uptrend_medium
2022-01-20,17921.0,17943.69921875,17648.44921875,17757.0,oos,0.12306075814784788,medium,17745.55751953125,17510.154921875,17745.55751953125,uptrend,uptrend_medium
2022-01-21,17613.69921875,17707.599609375,17485.849609375,17617.150390625,oos,0.12627184439839062,medium,17776.2275390625,17505.0259375,17776.2275390625,downtrend,downtrend_medium
2022-01-24,17575.150390625,17599.400390625,16997.849609375,17149.099609375,oos,0.16075669407277893,medium,17779.37001953125,17485.9529296875,17779.37001953125,downtrend,downtrend_medium
2022-01-25,17001.55078125,17309.150390625,16836.80078125,17277.94921875,oos,0.16004895841965894,medium,17781.60498046875,17469.3229296875,17781.60498046875,downtrend,downtrend_medium
2022-01-27,17062.0,17182.5,16866.75,17110.150390625,oos,0.1638326690219324,medium,17776.43251953125,17451.541953125,17776.43251953125,downtrend,downtrend_medium
2022-01-28,17208.30078125,17373.5,17077.099609375,17101.94921875,oos,0.1638308818017884,medium,17771.33251953125,17435.6079296875,17771.33251953125,downtrend,downtrend_medium
2022-01-31,17301.05078125,17410.0,17264.150390625,17339.849609375,oos,0.16856311381827357,medium,17770.6224609375,17427.10890625,17770.6224609375,downtrend,downtrend_medium
2022-02-01,17529.44921875,17622.400390625,17244.55078125,17576.849609375,oos,0.1662512821109739,medium,17768.17998046875,17430.3148828125,17768.17998046875,downtrend,downtrend_medium
2022-02-02,17706.19921875,17794.599609375,17674.80078125,17780.0,oos,0.16744185717568386,medium,17766.91748046875,17435.847890625,17766.91748046875,uptrend,uptrend_medium
2022-02-03,17767.75,17781.150390625,17511.150390625,17560.19921875,oos,0.17091009640394553,medium,17748.66494140625,17438.750859375,17748.66494140625,downtrend,downtrend_medium
2022-02-04,17590.19921875,17617.80078125,17462.55078125,17516.30078125,oos,0.16769539333514077,medium,17737.1849609375,17438.351875,17737.1849609375,downtrend,downtrend_medium
2022-02-07,17456.30078125,17536.75,17119.400390625,17213.599609375,oos,0.17682567447676667,high,17707.22998046875,17442.0948828125,17707.22998046875,downtrend,downtrend_high
2022-02-08,17279.849609375,17306.44921875,17043.650390625,17266.75,oos,0.17176602859047205,medium,17670.40244140625,17446.3508984375,17670.40244140625,downtrend,downtrend_medium
2022-02-09,17370.099609375,17477.150390625,17339.0,17463.80078125,oos,0.17756191140247365,high,17640.80498046875,17455.9629296875,17640.80498046875,downtrend,downtrend_high
2022-02-10,17554.099609375,17639.44921875,17427.150390625,17605.849609375,oos,0.17715776916565618,high,17610.47998046875,17464.7419140625,17610.47998046875,downtrend,downtrend_high
2022-02-11,17451.0,17454.75,17303.0,17374.75,oos,0.1809672304963202,high,17566.32744140625,17464.20390625,17566.32744140625,downtrend,downtrend_high
2022-02-14,17076.150390625,17099.5,16809.650390625,16842.80078125,oos,0.2064246336477438,high,17495.67998046875,17457.1259375,17495.67998046875,downtrend,downtrend_high
2022-02-15,16933.25,17375.0,16839.25,17352.44921875,oos,0.23876854740181408,high,17447.8974609375,17465.929921875,17447.8974609375,downtrend,downtrend_high
2022-02-16,17408.44921875,17490.599609375,17257.69921875,17322.19921875,oos,0.23685432513320973,high,17408.3548828125,17468.839921875,17408.3548828125,downtrend,downtrend_high
2022-02-17,17396.55078125,17442.900390625,17235.849609375,17304.599609375,oos,0.235196023820541,high,17376.66484375,17465.5369140625,17376.66484375,downtrend,downtrend_high
2022-02-18,17236.05078125,17380.80078125,17219.19921875,17276.30078125,oos,0.23308638053334577,high,17352.6298828125,17460.7259375,17352.6298828125,downtrend,downtrend_high
2022-02-21,17192.25,17351.05078125,17070.69921875,17206.650390625,oos,0.2320381803759513,high,17332.1048828125,17454.6329296875,17332.1048828125,downtrend,downtrend_high
2022-02-22,16847.94921875,17148.55078125,16843.80078125,17092.19921875,oos,0.21300774139094295,high,17329.25986328125,17449.1119140625,17329.25986328125,downtrend,downtrend_high
2022-02-23,17194.5,17220.69921875,17027.849609375,17063.25,oos,0.21115327884427898,high,17318.52490234375,17443.87890625,17318.52490234375,downtrend,downtrend_high
2022-02-24,16548.900390625,16705.25,16203.25,16247.9501953125,oos,0.2685284882828768,high,17275.414892578126,17424.40990234375,17275.414892578126,downtrend,downtrend_high
2022-02-25,16515.650390625,16748.80078125,16478.30078125,16658.400390625,oos,0.28600362610651386,high,17253.237451171874,17412.60990234375,17253.237451171874,downtrend,downtrend_high
2022-02-28,16481.599609375,16815.900390625,16356.2998046875,16793.900390625,oos,0.28268284887749495,high,17225.939990234376,17408.78392578125,17225.939990234376,downtrend,downtrend_high
2022-03-02,16593.099609375,16678.5,16478.650390625,16605.94921875,oos,0.27880031440049324,high,17177.394970703124,17408.61892578125,17177.394970703124,downtrend,downtrend_high
2022-03-03,16723.19921875,16768.94921875,16442.94921875,16498.05078125,oos,0.27388624334786293,high,17113.297509765624,17403.16294921875,17113.297509765624,downtrend,downtrend_high
2022-03-04,16339.4501953125,16456.0,16133.7998046875,16245.349609375,oos,0.27533814457702366,high,17047.555029296876,17388.96095703125,17047.555029296876,downtrend,downtrend_high
2022-03-07,15867.9501953125,15944.599609375,15711.4501953125,15863.150390625,oos,0.28406050518769205,high,16964.897509765626,17364.77197265625,16964.897509765626,downtrend,downtrend_high
2022-03-08,15747.75,16028.75,15671.4501953125,16013.4501953125,oos,0.28433391137986985,high,16904.8900390625,17344.9659765625,16904.8900390625,downtrend,downtrend_high
2022-03-09,16078.0,16418.05078125,15990.0,16345.349609375,oos,0.29635502086254445,high,16858.82001953125,17330.14796875,16858.82001953125,downtrend,downtrend_high
2022-03-10,16757.099609375,16757.30078125,16447.900390625,16594.900390625,oos,0.2990712128232305,high,16815.375,17317.3809765625,16815.375,downtrend,downtrend_high
2022-03-11,16528.80078125,16694.400390625,16470.900390625,16630.44921875,oos,0.29702711494248063,high,16766.60498046875,17305.71796875,16766.60498046875,downtrend,downtrend_high
2022-03-14,16633.69921875,16887.94921875,16606.5,16871.30078125,oos,0.3002958712763842,high,16741.43251953125,17299.065,16741.43251953125,uptrend,uptrend_high
2022-03-15,16900.650390625,16927.75,16555.0,16663.0,oos,0.2831513039778131,high,16732.44248046875,17285.243984375,16732.44248046875,downtrend,downtrend_high
2022-03-16,16876.650390625,16987.900390625,16837.849609375,16975.349609375,oos,0.26923196610413036,high,16713.5875,17272.2369921875,16713.5875,uptrend,uptrend_high
2022-03-17,17202.900390625,17344.599609375,17175.75,17287.05078125,oos,0.27777914475088183,high,16711.830078125,17261.8730078125,16711.830078125,uptrend,uptrend_high
2022-03-21,17329.5,17353.349609375,17096.400390625,17117.599609375,oos,0.2799666192939384,high,16702.480078125,17245.72,16702.480078125,uptrend,uptrend_high
2022-03-22,17120.400390625,17334.400390625,17006.30078125,17315.5,oos,0.2830919108005854,high,16704.4400390625,17237.1119921875,16704.4400390625,uptrend,uptrend_high
2022-03-23,17405.05078125,17442.400390625,17199.599609375,17245.650390625,oos,0.28309238981218887,high,16706.3900390625,17225.771015625,16706.3900390625,uptrend,uptrend_high
2022-03-24,17094.94921875,17291.75,17091.150390625,17222.75,oos,0.2819956666272209,high,16712.917578125,17210.16,16712.917578125,uptrend,uptrend_high
2022-03-25,17289.0,17294.900390625,17076.55078125,17153.0,oos,0.28236609187980405,high,16717.405078125,17192.105,16717.405078125,uptrend,uptrend_high
2022-03-28,17181.849609375,17235.099609375,17003.900390625,17222.0,oos,0.2175231251391866,high,16766.107568359374,17172.2980078125,16766.107568359374,uptrend,uptrend_high
2022-03-29,17297.19921875,17343.650390625,17235.69921875,17325.30078125,oos,0.2015407726264815,high,16799.452587890624,17153.6480078125,16799.452587890624,uptrend,uptrend_high
2022-03-30,17468.150390625,17522.5,17387.19921875,17498.25,oos,0.20238695631128367,high,16834.670068359374,17138.4980078125,16834.670068359374,uptrend,uptrend_high
2022-03-31,17519.19921875,17559.80078125,17435.19921875,17464.75,oos,0.1968901299869208,high,16877.610107421875,17121.631015625,16877.610107421875,uptrend,uptrend_high
2022-04-01,17436.900390625,17703.69921875,17422.69921875,17670.44921875,oos,0.19637963815822618,high,16936.230029296876,17112.778984375,16936.230029296876,uptrend,uptrend_high
2022-04-04,17809.099609375,18114.650390625,17791.400390625,18053.400390625,oos,0.19321005193135551,high,17026.632568359375,17115.078984375,17026.632568359375,uptrend,uptrend_high
2022-04-05,18080.599609375,18095.44921875,17921.55078125,17957.400390625,oos,0.16599621524054142,medium,17131.345068359376,17119.0869921875,17131.345068359376,uptrend,uptrend_medium
2022-04-06,17842.75,17901.0,17779.849609375,17807.650390625,oos,0.17331858916859683,medium,17221.055078125,17122.8969921875,17221.055078125,uptrend,uptrend_medium
2022-04-07,17723.30078125,17787.5,17623.69921875,17639.55078125,oos,0.17095474401109578,medium,17285.76513671875,17132.706015625,17285.76513671875,uptrend,uptrend_medium
2022-04-08,17698.150390625,17842.75,17600.55078125,17784.349609375,oos,0.16649223641779626,medium,17345.23759765625,17142.8340234375,17345.23759765625,uptrend,uptrend_medium
2022-04-11,17740.900390625,17779.05078125,17650.94921875,17674.94921875,oos,0.16996851691191425,medium,17397.46259765625,17154.13,17397.46259765625,uptrend,uptrend_medium
2022-04-12,17584.849609375,17595.30078125,17442.349609375,17530.30078125,oos,0.1688834034426736,medium,17430.41259765625,17162.69703125,17430.41259765625,uptrend,uptrend_medium
2022-04-13,17599.900390625,17663.650390625,17457.400390625,17475.650390625,oos,0.16152302122465637,medium,17471.0451171875,17165.413046875,17471.0451171875,uptrend,uptrend_medium
2022-04-18,17183.44921875,17237.75,17067.849609375,17173.650390625,oos,0.16387255118480765,medium,17480.96015625,17157.3490625,17480.96015625,downtrend,downtrend_medium
2022-04-19,17258.94921875,17275.650390625,16824.69921875,16958.650390625,oos,0.15603151255928818,medium,17464.54013671875,17140.9220703125,17464.54013671875,downtrend,downtrend_medium
2022-04-20,17045.25,17186.900390625,16978.94921875,17136.55078125,oos,0.15731895615545677,medium,17465.4876953125,17132.4491015625,17465.4876953125,downtrend,downtrend_medium
2022-04-21,17234.599609375,17414.69921875,17215.5,17392.599609375,oos,0.16099941498902234,medium,17469.34267578125,17129.975078125,17469.34267578125,downtrend,downtrend_medium
2022-04-22,17242.75,17315.30078125,17149.19921875,17171.94921875,oos,0.16688968363308201,medium,17465.6576171875,17129.1420703125,17465.6576171875,downtrend,downtrend_medium
2022-04-25,17009.05078125,17054.30078125,16888.69921875,16953.94921875,oos,0.1727191248660566,high,17452.217578125,17122.8860546875,17452.217578125,downtrend,downtrend_high
2022-04-26,17121.30078125,17223.849609375,17064.44921875,17200.80078125,oos,0.1804351729715807,high,17454.6076171875,17117.6260546875,17454.6076171875,downtrend,downtrend_high
2022-04-27,17073.349609375,17110.69921875,16958.44921875,17038.400390625,oos,0.18296415580602363,high,17445.42763671875,17106.2770703125,17445.42763671875,downtrend,downtrend_high
2022-04-28,17189.5,17322.5,17071.05078125,17245.05078125,oos,0.18708735519379224,high,17441.41513671875,17103.6830859375,17441.41513671875,downtrend,downtrend_high
2022-04-29,17329.25,17377.650390625,17053.25,17102.55078125,oos,0.1851604371766869,high,17421.63017578125,17108.8780859375,17421.63017578125,downtrend,downtrend_high
2022-05-02,16924.44921875,17092.25,16917.25,17069.099609375,oos,0.1851629768922373,high,17401.84765625,17103.21109375,17401.84765625,downtrend,downtrend_high
2022-05-04,17096.599609375,17132.849609375,16623.94921875,16677.599609375,oos,0.19398078060030208,high,17352.20517578125,17090.3191015625,17352.20517578125,downtrend,downtrend_high
2022-05-05,16854.75,16945.69921875,16651.849609375,16682.650390625,oos,0.1717592265747847,high,17283.66767578125,17077.8801171875,17283.66767578125,downtrend,downtrend_high
2022-05-06,16415.55078125,16484.19921875,16340.900390625,16411.25,oos,0.17728068245766357,high,17206.36015625,17060.5791015625,17206.36015625,downtrend,downtrend_high
2022-05-09,16227.7001953125,16403.69921875,16142.099609375,16301.849609375,oos,0.1768907204545245,high,17131.0701171875,17042.4830859375,17131.0701171875,downtrend,downtrend_high
2022-05-10,16248.900390625,16404.55078125,16197.2998046875,16240.0498046875,oos,0.17586792252442712,high,17061.095068359376,17025.44009765625,17061.095068359376,downtrend,downtrend_high
2022-05-11,16270.0498046875,16318.75,15992.599609375,16167.099609375,oos,0.16978374578953664,high,16980.232568359374,17007.51708984375,16980.232568359374,downtrend,downtrend_high
2022-05-12,16021.099609375,16041.9501953125,15735.75,15808.0,oos,0.1808155960397229,high,16886.885107421876,16998.7180859375,16886.885107421876,downtrend,downtrend_high
2022-05-13,15977.0,16083.599609375,15740.849609375,15782.150390625,oos,0.1810225401861515,high,16799.477587890626,16981.1930859375,16799.477587890626,downtrend,downtrend_high
2022-05-16,15845.099609375,15977.9501953125,15739.650390625,15842.2998046875,oos,0.18371867091411623,high,16717.81005859375,16962.16107421875,16717.81005859375,downtrend,downtrend_high
2022-05-17,15912.599609375,16284.25,15900.7998046875,16259.2998046875,oos,0.208103717934518,high,16672.092529296875,16955.2280859375,16672.092529296875,downtrend,downtrend_high
2022-05-18,16318.150390625,16399.80078125,16211.2001953125,16240.2998046875,oos,0.2048391291474837,high,16636.175,16950.07306640625,16636.175,downtrend,downtrend_high
2022-05-19,15917.400390625,15984.75,15775.2001953125,15809.400390625,oos,0.21652291706842217,high,16569.81748046875,16941.35408203125,16569.81748046875,downtrend,downtrend_high
2022-05-20,16043.7998046875,16283.0498046875,16003.849609375,16266.150390625,oos,0.23731493079264665,high,16513.49501953125,16949.41408203125,16513.49501953125,downtrend,downtrend_high
2022-05-23,16290.9501953125,16414.69921875,16185.75,16214.7001953125,oos,0.23467820997604041,high,16465.632568359375,16953.43908203125,16465.632568359375,downtrend,downtrend_high
2022-05-24,16225.5498046875,16262.7998046875,16078.599609375,16125.150390625,oos,0.2320169582726816,high,16424.192626953125,16949.03509765625,16424.192626953125,downtrend,downtrend_high
2022-05-25,16196.349609375,16223.349609375,16006.9501953125,16025.7998046875,oos,0.22342508250153864,high,16365.442578125,16937.6530859375,16365.442578125,downtrend,downtrend_high
2022-05-26,16105.0,16204.4501953125,15903.7001953125,16170.150390625,oos,0.22642700253517906,high,16322.030078125,16928.447109375,16322.030078125,downtrend,downtrend_high
2022-05-27,16296.599609375,16370.599609375,16221.9501953125,16352.4501953125,oos,0.22571309625629798,high,16277.400048828125,16918.07009765625,16277.400048828125,uptrend,uptrend_high
2022-05-30,16527.900390625,16695.5,16506.150390625,16661.400390625,oos,0.2369150096416381,high,16255.342529296875,16918.03810546875,16255.342529296875,uptrend,uptrend_high
2022-05-31,16578.44921875,16690.75,16521.900390625,16584.55078125,oos,0.2372148743230976,high,16231.115087890625,16910.22212890625,16231.115087890625,uptrend,uptrend_high
2022-06-01,16594.400390625,16649.19921875,16438.849609375,16522.75,oos,0.22341054869569407,high,16223.372607421876,16894.93611328125,16223.372607421876,uptrend,uptrend_high
2022-06-02,16481.650390625,16646.400390625,16443.05078125,16628.0,oos,0.22468817429638704,high,16220.640087890624,16885.14412109375,16220.640087890624,uptrend,uptrend_high
2022-06-03,16761.650390625,16793.849609375,16567.900390625,16584.30078125,oos,0.21672047796003951,high,16229.292626953125,16870.52013671875,16229.292626953125,uptrend,uptrend_high
2022-06-06,16530.69921875,16610.94921875,16444.55078125,16569.55078125,oos,0.21511119118446378,high,16242.677685546874,16856.99814453125,16242.677685546874,uptrend,uptrend_high
2022-06-07,16469.599609375,16487.25,16347.099609375,16416.349609375,oos,0.2175472184523559,high,16251.49267578125,16840.87013671875,16251.49267578125,uptrend,uptrend_high
2022-06-08,16474.94921875,16514.30078125,16293.349609375,16356.25,oos,0.21730763112140275,high,16260.9501953125,16824.93513671875,16260.9501953125,uptrend,uptrend_high
2022-06-09,16263.849609375,16492.80078125,16243.849609375,16478.099609375,oos,0.200758914143283,high,16294.45517578125,16810.05712890625,16294.45517578125,uptrend,uptrend_high
2022-06-10,16283.9501953125,16324.7001953125,16172.599609375,16201.7998046875,oos,0.21144809987747776,high,16315.437646484375,16787.587109375,16315.437646484375,downtrend,downtrend_high
2022-06-13,15877.5498046875,15886.150390625,15684.0,15774.400390625,oos,0.23294131773575508,high,16312.04267578125,16753.1101171875,16312.04267578125,downtrend,downtrend_high
2022-06-14,15674.25,15858.0,15659.4501953125,15732.099609375,oos,0.21100534734432844,high,16285.682666015626,16718.457109375,16285.682666015626,downtrend,downtrend_high
2022-06-15,15729.25,15783.650390625,15678.900390625,15692.150390625,oos,0.2110274830299918,high,16258.2751953125,16678.8911328125,16258.2751953125,downtrend,downtrend_high
2022-06-16,15832.25,15863.150390625,15335.099609375,15360.599609375,oos,0.20329987604907182,high,16235.83515625,16625.0351171875,16235.83515625,downtrend,downtrend_high
2022-06-17,15272.650390625,15400.400390625,15183.400390625,15293.5,oos,0.16905289114731367,medium,16187.20263671875,16571.757109375,16187.20263671875,downtrend,downtrend_medium
2022-06-20,15334.5,15382.5,15191.099609375,15350.150390625,oos,0.17072717540300295,medium,16143.975146484376,16522.607109375,16143.975146484376,downtrend,downtrend_medium
2022-06-21,15455.9501953125,15707.25,15419.849609375,15638.7998046875,oos,0.186468599515335,high,16119.6576171875,16482.59208984375,16119.6576171875,downtrend,downtrend_high
2022-06-22,15545.650390625,15565.400390625,15385.9501953125,15413.2998046875,oos,0.1914645572893019,high,16089.0326171875,16435.17109375,16089.0326171875,downtrend,downtrend_high
2022-06-23,15451.5498046875,15628.4501953125,15367.5,15556.650390625,oos,0.19168822046894585,high,16058.3576171875,16392.8051171875,16058.3576171875,downtrend,downtrend_high
2022-06-24,15657.400390625,15749.25,15619.4501953125,15699.25,oos,0.18991048499731328,high,16025.697607421875,16356.1841015625,16025.697607421875,downtrend,downtrend_high
2022-06-27,15926.2001953125,15927.4501953125,15815.5,15832.0498046875,oos,0.17794327835139997,medium,15984.230078125,16323.31208984375,15984.230078125,downtrend,downtrend_medium
2022-06-28,15757.4501953125,15892.099609375,15710.150390625,15850.2001953125,oos,0.17820608027604123,medium,15947.512548828125,16296.8430859375,15947.512548828125,downtrend,downtrend_medium
2022-06-29,15701.7001953125,15861.599609375,15687.7998046875,15799.099609375,oos,0.17815798391803725,medium,15911.330029296874,16273.6520703125,15911.330029296874,downtrend,downtrend_medium
2022-06-30,15774.5,15890.0,15728.849609375,15780.25,oos,0.17534640799234522,medium,15868.942529296875,16246.5260546875,15868.942529296875,downtrend,downtrend_medium
2022-07-01,15703.7001953125,15793.9501953125,15511.0498046875,15752.0498046875,oos,0.1753671559979472,medium,15827.32998046875,16213.71505859375,15827.32998046875,downtrend,downtrend_medium
2022-07-04,15710.5,15852.349609375,15661.7998046875,15835.349609375,oos,0.17748379517308843,medium,15790.619921875,16186.98306640625,15790.619921875,uptrend,uptrend_medium
2022-07-05,15909.150390625,16025.75,15785.4501953125,15810.849609375,oos,0.1755254172250595,medium,15760.344921875,16164.12107421875,15760.344921875,uptrend,uptrend_medium
2022-07-06,15818.2001953125,16011.349609375,15800.900390625,15989.7998046875,oos,0.18139560554849876,high,15742.022412109374,16139.9010546875,15742.022412109374,uptrend,uptrend_high
2022-07-07,16113.75,16150.5,16045.9501953125,16132.900390625,oos,0.1824051709905735,high,15724.762451171875,16121.7910546875,15724.762451171875,uptrend,uptrend_high
2022-07-08,16273.650390625,16275.5,16157.900390625,16220.599609375,oos,0.17376315548771715,medium,15725.70244140625,16101.30203125,15725.70244140625,uptrend,uptrend_medium
2022-07-11,16136.150390625,16248.5498046875,16115.5,16216.0,oos,0.14294612477916332,medium,15747.782421875,16083.571015625,15747.782421875,uptrend,uptrend_medium
2022-07-12,16126.2001953125,16158.75,16031.150390625,16058.2998046875,oos,0.1477328659969291,medium,15764.092431640625,16063.35501953125,15764.092431640625,uptrend,uptrend_medium
2022-07-13,16128.2001953125,16140.0,15950.150390625,15966.650390625,oos,0.14917969572159634,medium,15777.817431640626,16049.13603515625,15777.817431640626,uptrend,uptrend_medium
2022-07-14,16018.849609375,16070.849609375,15858.2001953125,15938.650390625,oos,0.12513267378282905,low,15806.719970703125,16034.25603515625,15806.719970703125,uptrend,uptrend_low
2022-07-15,16010.7998046875,16066.9501953125,15927.2998046875,16049.2001953125,oos,0.12407743204112728,low,15844.50498046875,16027.0150390625,15844.50498046875,uptrend,uptrend_low
2022-07-18,16151.400390625,16287.9501953125,16142.2001953125,16278.5,oos,0.13099759637863298,medium,15890.9224609375,16026.548046875,15890.9224609375,uptrend,uptrend_medium
2022-07-19,16187.0498046875,16359.5,16187.0498046875,16340.5498046875,oos,0.11703125203677847,low,15926.0099609375,16028.558046875,15926.0099609375,uptrend,uptrend_low
2022-07-20,16562.80078125,16588.0,16490.94921875,16520.849609375,oos,0.10306752901585377,low,15981.387451171875,16035.633046875,15981.387451171875,uptrend,uptrend_low
2022-07-21,16523.55078125,16626.94921875,16483.900390625,16605.25,oos,0.1009894043154275,low,16033.817431640626,16051.578046875,16033.817431640626,uptrend,uptrend_low
2022-07-22,16661.25,16752.25,16610.900390625,16719.44921875,oos,0.09953797055603902,low,16084.827392578125,16070.3240234375,16084.827392578125,uptrend,uptrend_low
2022-07-25,16662.55078125,16706.05078125,16564.25,16631.0,oos,0.10179053414257845,low,16124.77490234375,16086.09802734375,16124.77490234375,uptrend,uptrend_low
2022-07-26,16632.900390625,16636.099609375,16463.30078125,16483.849609375,oos,0.10942823539262952,low,16156.457373046875,16090.5890234375,16156.457373046875,uptrend,uptrend_low
2022-07-27,16475.349609375,16653.44921875,16438.75,16641.80078125,oos,0.1107773642755834,low,16198.592431640625,16098.61904296875,16198.592431640625,uptrend,uptrend_low
2022-07-28,16774.849609375,16947.650390625,16746.25,16929.599609375,oos,0.12126679860719314,low,16256.059912109375,16121.02302734375,16256.059912109375,uptrend,uptrend_low
2022-07-29,17079.5,17172.80078125,17018.150390625,17158.25,oos,0.12444996998839714,low,16326.369921875,16138.86501953125,16326.369921875,uptrend,uptrend_low
2022-08-01,17243.19921875,17356.25,17154.80078125,17340.05078125,oos,0.1264116444935858,low,16401.60498046875,16161.37203125,16401.60498046875,uptrend,uptrend_low
2022-08-02,17310.150390625,17390.150390625,17215.849609375,17345.44921875,oos,0.1253850330517274,low,16478.3349609375,16185.7780078125,16478.3349609375,uptrend,uptrend_low
2022-08-03,17349.25,17407.5,17225.849609375,17388.150390625,oos,0.12307851177265226,low,16548.252490234376,16213.02501953125,16548.252490234376,uptrend,uptrend_low
2022-08-04,17463.099609375,17490.69921875,17161.25,17382.0,oos,0.12277607540427607,low,16610.707470703124,16237.26201171875,16610.707470703124,uptrend,uptrend_low
2022-08-05,17423.650390625,17474.400390625,17348.75,17397.5,oos,0.1230146773435538,low,16669.552490234375,16258.1630078125,16669.552490234375,uptrend,uptrend_low
2022-08-08,17401.5,17548.80078125,17359.75,17525.099609375,oos,0.12284878436068193,low,16735.007470703124,16275.4369921875,16735.007470703124,uptrend,uptrend_low
2022-08-10,17566.099609375,17566.099609375,17442.80078125,17534.75,oos,0.11271022881122673,low,16808.82998046875,16294.4409765625,16808.82998046875,uptrend,uptrend_low
2022-08-11,17711.650390625,17719.30078125,17631.94921875,17659.0,oos,0.10641961049358381,low,16893.4474609375,16317.1659765625,16893.4474609375,uptrend,uptrend_low
2022-08-12,17659.650390625,17724.650390625,17597.849609375,17698.150390625,oos,0.10394686796123191,low,16981.4224609375,16338.568984375,16981.4224609375,uptrend,uptrend_low
2022-08-16,17797.19921875,17839.099609375,17764.05078125,17825.25,oos,0.10400271689281643,low,17070.224951171876,16363.38796875,17070.224951171876,uptrend,uptrend_low
2022-08-17,17868.150390625,17965.94921875,17833.349609375,17944.25,oos,0.09863226107288658,low,17153.512451171875,16390.881953125,17153.512451171875,uptrend,uptrend_low
2022-08-18,17898.650390625,17968.44921875,17852.05078125,17956.5,oos,0.09971024859919439,low,17234.3099609375,16421.6849609375,17234.3099609375,uptrend,uptrend_low
2022-08-19,17966.55078125,17992.19921875,17710.75,17758.44921875,oos,0.1113329808845534,low,17296.18994140625,16449.7289453125,17296.18994140625,uptrend,uptrend_low
2022-08-22,17682.900390625,17690.05078125,17467.349609375,17490.69921875,oos,0.12939757524269863,medium,17340.46240234375,16469.9809375,17340.46240234375,uptrend,uptrend_medium
2022-08-23,17357.349609375,17625.55078125,17345.19921875,17577.5,oos,0.12874134940132367,low,17383.36494140625,16497.49494140625,17383.36494140625,uptrend,uptrend_low
2022-08-24,17525.44921875,17623.650390625,17499.25,17604.94921875,oos,0.12547232048609216,low,17432.06240234375,16534.10591796875,17432.06240234375,uptrend,uptrend_low
2022-08-25,17679.0,17726.5,17487.44921875,17522.44921875,oos,0.12110693571137356,low,17483.9923828125,16569.91291015625,17483.9923828125,uptrend,uptrend_low
2022-08-26,17619.30078125,17685.849609375,17519.349609375,17558.900390625,oos,0.11867414452863898,low,17529.84736328125,16607.24791015625,17529.84736328125,uptrend,uptrend_low
2022-08-29,17188.650390625,17380.150390625,17166.19921875,17312.900390625,oos,0.11967691641014662,low,17549.01240234375,16646.29392578125,17549.01240234375,downtrend,downtrend_low
2022-08-30,17414.94921875,17777.650390625,17401.5,17759.30078125,oos,0.14229319859357978,medium,17579.06494140625,16695.60994140625,17579.06494140625,uptrend,uptrend_medium
2022-09-01,17485.69921875,17695.599609375,17468.44921875,17542.80078125,oos,0.14645676020475903,medium,17589.20244140625,16739.46294921875,17589.20244140625,downtrend,downtrend_medium
2022-09-02,17598.400390625,17643.849609375,17476.44921875,17539.44921875,oos,0.14648173583103352,medium,17598.90244140625,16777.4759375,17598.90244140625,downtrend,downtrend_medium
2022-09-05,17546.44921875,17683.150390625,17540.349609375,17665.80078125,oos,0.14823919094570567,medium,17612.7849609375,16822.52595703125,17612.7849609375,uptrend,uptrend_medium
2022-09-06,17695.69921875,17764.650390625,17587.650390625,17655.599609375,oos,0.14826508627605808,medium,17626.46494140625,16864.50494140625,17626.46494140625,uptrend,uptrend_medium
2022-09-07,17519.400390625,17650.75,17484.30078125,17624.400390625,oos,0.14854873948615524,medium,17637.8099609375,16903.00794921875,17637.8099609375,downtrend,downtrend_medium
2022-09-08,17748.150390625,17807.650390625,17691.94921875,17798.75,oos,0.150333257017805,medium,17651.49248046875,16942.341953125,17651.49248046875,uptrend,uptrend_medium
2022-09-09,17923.349609375,17925.94921875,17786.0,17833.349609375,oos,0.15038180198200127,medium,17666.4224609375,16982.00494140625,17666.4224609375,uptrend,uptrend_medium
2022-09-12,17890.849609375,17980.55078125,17889.150390625,17936.349609375,oos,0.14973601384694388,medium,17680.28994140625,17024.74994140625,17680.28994140625,uptrend,uptrend_medium
2022-09-13,18044.44921875,18088.30078125,18015.44921875,18070.05078125,oos,0.1515266304513991,medium,17698.8849609375,17070.54595703125,17698.8849609375,uptrend,uptrend_medium
2022-09-14,17771.150390625,18091.55078125,17771.150390625,18003.75,oos,0.15062740221403423,medium,17707.8099609375,17115.5799609375,17707.8099609375,uptrend,uptrend_medium
2022-09-15,18046.349609375,18096.150390625,17861.5,17877.400390625,oos,0.1510724363745976,medium,17704.46748046875,17156.4209765625,17704.46748046875,uptrend,uptrend_medium
2022-09-16,17796.80078125,17820.05078125,17497.25,17530.849609375,oos,0.16570171643753387,medium,17683.1849609375,17190.8209765625,17683.1849609375,downtrend,downtrend_medium
2022-09-19,17540.650390625,17667.19921875,17429.69921875,17622.25,oos,0.16286012893022708,medium,17676.375,17223.46998046875,17676.375,downtrend,downtrend_medium
2022-09-20,17770.400390625,17919.30078125,17744.400390625,17816.25,oos,0.1577855673245704,medium,17692.6525390625,17257.13697265625,17692.6525390625,uptrend,uptrend_medium
2022-09-21,17766.349609375,17838.69921875,17663.599609375,17718.349609375,oos,0.15863951676338103,medium,17699.69501953125,17287.09197265625,17699.69501953125,uptrend,uptrend_medium
2022-09-22,17609.650390625,17722.75,17532.44921875,17629.80078125,oos,0.15973277794222254,medium,17700.93759765625,17315.36798828125,17700.93759765625,downtrend,downtrend_medium
2022-09-23,17593.849609375,17642.150390625,17291.650390625,17327.349609375,oos,0.17047861756666036,medium,17691.1826171875,17340.748984375,17691.1826171875,downtrend,downtrend_medium
2022-09-26,17156.30078125,17196.400390625,16978.30078125,17016.30078125,oos,0.1809563271571269,medium,17664.05263671875,17361.7419921875,17664.05263671875,downtrend,downtrend_medium
2022-09-27,17110.900390625,17176.44921875,16942.349609375,17007.400390625,oos,0.17482529688594878,medium,17648.77763671875,17383.1169921875,17648.77763671875,downtrend,downtrend_medium
2022-09-28,16870.55078125,17037.599609375,16820.400390625,16858.599609375,oos,0.14563050993398052,low,17603.742578125,17399.30498046875,17603.742578125,downtrend,downtrend_low
2022-09-29,16993.599609375,17026.05078125,16788.599609375,16818.099609375,oos,0.1411189391846604,low,17567.50751953125,17410.09697265625,17567.50751953125,downtrend,downtrend_low
2022-09-30,16798.05078125,17187.099609375,16747.69921875,17094.349609375,oos,0.15563293434706607,medium,17545.2525390625,17425.17296875,17545.2525390625,downtrend,downtrend_medium
2022-10-03,17102.099609375,17114.650390625,16855.55078125,16887.349609375,oos,0.15683189962599323,medium,17506.32998046875,17432.50296875,17506.32998046875,downtrend,downtrend_medium
2022-10-04,17147.44921875,17287.30078125,17117.30078125,17274.30078125,oos,0.18045237259068653,medium,17487.2650390625,17445.883984375,17487.2650390625,downtrend,downtrend_medium
2022-10-06,17379.25,17428.80078125,17315.650390625,17331.80078125,oos,0.18108164932352697,high,17472.63505859375,17458.131015625,17472.63505859375,downtrend,downtrend_high
2022-10-07,17287.19921875,17337.349609375,17216.94921875,17314.650390625,oos,0.17664476950732477,medium,17448.430078125,17471.8040234375,17448.430078125,downtrend,downtrend_medium
2022-10-10,17094.349609375,17280.150390625,17064.69921875,17241.0,oos,0.1764962146479105,medium,17418.81259765625,17486.94703125,17418.81259765625,downtrend,downtrend_medium
2022-10-11,17256.05078125,17261.80078125,16950.30078125,16983.55078125,oos,0.18024064636697854,medium,17371.17265625,17493.78203125,17371.17265625,downtrend,downtrend_medium
2022-10-12,17025.55078125,17142.349609375,16960.05078125,17123.599609375,oos,0.18085119833286847,medium,17323.85009765625,17497.66203125,17323.85009765625,downtrend,downtrend_medium
2022-10-13,17087.349609375,17112.349609375,16956.94921875,17014.349609375,oos,0.18131426740383613,high,17274.380078125,17494.7840234375,17274.380078125,downtrend,downtrend_high
2022-10-14,17322.30078125,17348.55078125,17169.75,17185.69921875,oos,0.18607630481248977,high,17239.79501953125,17491.6969921875,17239.79501953125,downtrend,downtrend_high
2022-10-17,17144.80078125,17328.55078125,17098.55078125,17311.80078125,oos,0.1767255815647225,medium,17228.842578125,17491.0240234375,17228.842578125,uptrend,uptrend_medium
2022-10-18,17438.75,17527.80078125,17434.05078125,17486.94921875,oos,0.1796863136012704,medium,17222.0775390625,17493.0,17222.0775390625,uptrend,uptrend_medium
2022-10-19,17568.150390625,17607.599609375,17472.849609375,17512.25,oos,0.17482727926534694,medium,17206.8775390625,17495.605,17206.8775390625,uptrend,uptrend_medium
2022-10-20,17423.099609375,17584.150390625,17421.0,17563.94921875,oos,0.17439097473639104,medium,17199.15751953125,17498.933984375,17199.15751953125,uptrend,uptrend_medium
2022-10-21,17622.849609375,17670.150390625,17520.75,17576.30078125,oos,0.1735611240170331,medium,17196.48251953125,17499.9580078125,17196.48251953125,uptrend,uptrend_medium
2022-10-24,17736.349609375,17777.55078125,17707.400390625,17730.75,oos,0.16390005290361084,medium,17216.6525390625,17503.8780078125,17216.6525390625,uptrend,uptrend_medium
2022-10-25,17808.30078125,17811.5,17637.0,17656.349609375,oos,0.14919341531120003,low,17248.65498046875,17503.825,17248.65498046875,uptrend,uptrend_low
2022-10-27,17771.400390625,17783.900390625,17654.5,17736.94921875,oos,0.14919523829855597,low,17285.132421875,17504.6009765625,17285.132421875,uptrend,uptrend_low
2022-10-28,17756.400390625,17838.900390625,17723.69921875,17786.80078125,oos,0.14353620482402235,low,17331.54248046875,17503.8319921875,17331.54248046875,uptrend,uptrend_low
2022-10-31,17910.19921875,18022.80078125,17899.900390625,18012.19921875,oos,0.1463447362272526,low,17391.2474609375,17505.1909765625,17391.2474609375,uptrend,uptrend_low
2022-11-01,18130.69921875,18175.80078125,18060.150390625,18145.400390625,oos,0.13907617384760879,low,17443.8,17508.968984375,17443.8,uptrend,uptrend_low
2022-11-02,18177.900390625,18178.75,18048.650390625,18082.849609375,oos,0.12965454970381038,low,17503.575,17515.4569921875,17503.575,uptrend,uptrend_low
2022-11-03,17968.349609375,18106.30078125,17959.19921875,18052.69921875,oos,0.1083383705351574,low,17542.494921875,17526.6969921875,17542.494921875,uptrend,uptrend_low
2022-11-04,18053.400390625,18135.099609375,18017.150390625,18117.150390625,oos,0.10837429102054776,low,17581.76240234375,17537.49,17581.76240234375,uptrend,uptrend_low
2022-11-07,18211.75,18255.5,18064.75,18202.80078125,oos,0.10801384082063857,low,17626.169921875,17549.44703125,17626.169921875,uptrend,uptrend_low
2022-11-09,18288.25,18296.400390625,18117.5,18157.0,oos,0.10673586394609728,low,17671.969921875,17562.138046875,17671.969921875,uptrend,uptrend_low
2022-11-10,18044.349609375,18103.099609375,17969.400390625,18028.19921875,oos,0.09229568352760259,low,17724.20234375,17571.5240234375,17724.20234375,uptrend,uptrend_low
2022-11-11,18272.349609375,18362.30078125,18259.349609375,18349.69921875,oos,0.1049257962242893,low,17785.50732421875,17592.26,17785.50732421875,uptrend,uptrend_low
2022-11-14,18376.400390625,18399.44921875,18311.400390625,18329.150390625,oos,0.0999080806103637,low,17851.24736328125,17603.6569921875,17851.24736328125,uptrend,uptrend_low
2022-11-15,18362.75,18427.94921875,18282.0,18403.400390625,oos,0.09710031950760709,low,17912.132421875,17620.868984375,17912.132421875,uptrend,uptrend_low
2022-11-16,18398.25,18442.150390625,18344.150390625,18409.650390625,oos,0.09655671347553484,low,17967.02490234375,17638.2730078125,17967.02490234375,uptrend,uptrend_low
2022-11-17,18358.69921875,18417.599609375,18312.94921875,18343.900390625,oos,0.09557665685938407,low,18009.8724609375,17651.835,18009.8724609375,uptrend,uptrend_low
2022-11-18,18382.94921875,18394.599609375,18209.80078125,18307.650390625,oos,0.09679965292527792,low,18049.64248046875,17664.876015625,18049.64248046875,uptrend,uptrend_low
2022-11-21,18246.400390625,18262.30078125,18133.349609375,18159.94921875,oos,0.10340402364655524,low,18079.44248046875,17675.5869921875,18079.44248046875,uptrend,uptrend_low
2022-11-22,18179.150390625,18261.849609375,18137.69921875,18244.19921875,oos,0.10384882432097692,low,18112.83740234375,17684.4959765625,18112.83740234375,uptrend,uptrend_low
2022-11-23,18325.19921875,18325.400390625,18246.0,18267.25,oos,0.10060130400053922,low,18139.66240234375,17693.173984375,18139.66240234375,uptrend,uptrend_low
2022-11-24,18326.099609375,18529.69921875,18294.25,18484.099609375,oos,0.10459986104498971,low,18181.04990234375,17704.128984375,18181.04990234375,uptrend,uptrend_low
2022-11-25,18528.44921875,18534.900390625,18445.099609375,18512.75,oos,0.10428633306491047,low,18219.83994140625,17712.98296875,18219.83994140625,uptrend,uptrend_low
2022-11-28,18430.55078125,18614.25,18365.599609375,18562.75,oos,0.10427802255494646,low,18258.63740234375,17724.16296875,18258.63740234375,uptrend,uptrend_low
2022-11-29,18552.44921875,18678.099609375,18552.150390625,18618.05078125,oos,0.09671727150488327,low,18288.92998046875,17738.9759765625,18288.92998046875,uptrend,uptrend_low
2022-11-30,18625.69921875,18816.05078125,18616.55078125,18758.349609375,oos,0.09682880592161489,low,18319.57744140625,17763.5259765625,18319.57744140625,uptrend,uptrend_low
2022-12-01,18871.94921875,18887.599609375,18778.19921875,18812.5,oos,0.09497290459029537,low,18356.0599609375,17787.3309765625,18356.0599609375,uptrend,uptrend_low
2022-12-02,18752.400390625,18781.94921875,18639.19921875,18696.099609375,oos,0.09857285687667616,low,18388.22998046875,17804.92796875,18388.22998046875,uptrend,uptrend_low
2022-12-05,18719.55078125,18728.599609375,18591.349609375,18701.05078125,oos,0.09847079139003029,low,18417.425,17824.5819921875,18417.425,uptrend,uptrend_low
2022-12-06,18600.650390625,18654.900390625,18577.900390625,18642.75,oos,0.09910730185644707,low,18439.4224609375,17844.8409765625,18439.4224609375,uptrend,uptrend_low
2022-12-07,18638.849609375,18668.30078125,18528.400390625,18560.5,oos,0.10027503103770445,low,18459.5974609375,17869.503984375,18459.5974609375,uptrend,uptrend_low
2022-12-08,18570.849609375,18625.0,18536.94921875,18609.349609375,oos,0.09554198960780227,low,18488.65498046875,17901.3649609375,18488.65498046875,uptrend,uptrend_low
2022-12-09,18662.400390625,18664.69921875,18410.099609375,18496.599609375,oos,0.07768939569342445,low,18496.0,17931.1489453125,18496.0,uptrend,uptrend_low
2022-12-12,18402.150390625,18521.55078125,18345.69921875,18497.150390625,oos,0.07749605056169939,low,18504.4,17963.9199609375,18504.4,downtrend,downtrend_low
2022-12-13,18524.400390625,18617.25,18490.19921875,18608.0,oos,0.078979298318672,low,18514.62998046875,17999.71796875,18514.62998046875,uptrend,uptrend_low
2022-12-14,18671.25,18696.099609375,18632.900390625,18660.30078125,oos,0.07937198523851126,low,18527.1625,18031.0369921875,18527.1625,uptrend,uptrend_low
2022-12-15,18614.400390625,18652.900390625,18387.69921875,18414.900390625,oos,0.09240450410809738,low,18530.7125,18061.5880078125,18530.7125,downtrend,downtrend_low
2022-12-16,18319.099609375,18440.94921875,18255.150390625,18269.0,oos,0.09658638841498968,low,18528.77998046875,18081.4819921875,18528.77998046875,downtrend,downtrend_low
2022-12-19,18288.099609375,18431.650390625,18244.55078125,18420.44921875,oos,0.09611404252748008,low,18541.80498046875,18103.2549609375,18541.80498046875,downtrend,downtrend_low
2022-12-20,18340.30078125,18404.900390625,18202.650390625,18385.30078125,oos,0.09538898409932918,low,18548.86005859375,18124.66796875,18548.86005859375,downtrend,downtrend_low
2022-12-21,18435.150390625,18473.349609375,18162.75,18199.099609375,oos,0.10234185123546354,low,18545.4525390625,18143.8299609375,18545.4525390625,downtrend,downtrend_low
2022-12-22,18288.80078125,18318.75,18068.599609375,18127.349609375,oos,0.09260152422639406,low,18527.6150390625,18166.7059375,18527.6150390625,downtrend,downtrend_low
2022-12-23,17977.650390625,18050.44921875,17779.5,17806.80078125,oos,0.10934593631620235,low,18492.317578125,18180.3699609375,18492.317578125,downtrend,downtrend_low
2022-12-26,17830.400390625,18084.099609375,17774.25,18014.599609375,oos,0.11861396868019781,low,18464.91005859375,18200.3749609375,18464.91005859375,downtrend,downtrend_low
2022-12-27,18089.80078125,18149.25,17967.44921875,18132.30078125,oos,0.12102919477732764,low,18440.62255859375,18219.3069921875,18440.62255859375,downtrend,downtrend_low
2022-12-28,18084.75,18173.099609375,18068.349609375,18122.5,oos,0.11652669296944587,low,18408.830078125,18235.5209765625,18408.830078125,downtrend,downtrend_low
2022-12-29,18045.69921875,18229.69921875,17992.80078125,18191.0,oos,0.11703466699802745,low,18377.755078125,18249.6019921875,18377.755078125,downtrend,downtrend_low
2022-12-30,18259.099609375,18265.25,18080.30078125,18105.30078125,oos,0.11639149365658304,low,18348.21513671875,18261.4630078125,18348.21513671875,downtrend,downtrend_low
2023-01-02,18131.69921875,18215.150390625,18086.5,18197.44921875,oos,0.11864322316611318,low,18323.03505859375,18274.1330078125,18323.03505859375,downtrend,downtrend_low
2023-01-03,18163.19921875,18251.94921875,18149.80078125,18232.55078125,oos,0.11899074242859985,low,18302.52509765625,18287.2580078125,18302.52509765625,downtrend,downtrend_low
2023-01-04,18230.650390625,18243.0,18020.599609375,18042.94921875,oos,0.1230399176058922,low,18276.64755859375,18293.5019921875,18276.64755859375,downtrend,downtrend_low
2023-01-05,18101.94921875,18120.30078125,17892.599609375,17992.150390625,oos,0.12219803047446491,low,18245.78759765625,18300.2180078125,18245.78759765625,downtrend,downtrend_low
2023-01-06,18008.05078125,18047.400390625,17795.55078125,17859.44921875,oos,0.122914426828482,low,18213.930078125,18302.6680078125,18213.930078125,downtrend,downtrend_low
2023-01-09,17952.55078125,18141.400390625,17936.150390625,18101.19921875,oos,0.1342920291691606,medium,18194.13251953125,18308.9559765625,18194.13251953125,downtrend,downtrend_medium
2023-01-10,18121.30078125,18127.599609375,17856.0,17914.150390625,oos,0.1354398799934087,medium,18159.4400390625,18306.995,18159.4400390625,downtrend,downtrend_medium
2023-01-11,17924.25,17976.349609375,17824.349609375,17895.69921875,oos,0.13436373437468888,medium,18121.2099609375,18302.0009765625,18121.2099609375,downtrend,downtrend_medium
2023-01-12,17920.849609375,17945.80078125,17761.650390625,17858.19921875,oos,0.12782726670501782,low,18093.37490234375,18297.50796875,18093.37490234375,downtrend,downtrend_low
2023-01-13,17867.5,17999.349609375,17774.25,17956.599609375,oos,0.12777234544415095,low,18077.7548828125,18295.5859765625,18077.7548828125,downtrend,downtrend_low
2023-01-16,18033.150390625,18049.650390625,17853.650390625,17894.849609375,oos,0.12337461280821524,low,18051.47490234375,18291.1399609375,18051.47490234375,downtrend,downtrend_low
2023-01-17,17922.80078125,18072.05078125,17886.94921875,18053.30078125,oos,0.12861102022912282,low,18034.87490234375,18288.1499609375,18034.87490234375,uptrend,uptrend_low
2023-01-18,18074.30078125,18183.75,18032.44921875,18165.349609375,oos,0.12607713421150324,low,18033.18740234375,18288.316953125,18033.18740234375,uptrend,uptrend_low
2023-01-19,18119.80078125,18155.19921875,18063.75,18107.849609375,oos,0.12578980512890534,low,18032.21240234375,18289.9099609375,18032.21240234375,uptrend,uptrend_low
2023-01-20,18115.599609375,18145.44921875,18016.19921875,18027.650390625,oos,0.10875591565342292,low,18043.2548828125,18283.468984375,18043.2548828125,downtrend,downtrend_low
2023-01-23,18118.44921875,18162.599609375,18063.44921875,18118.55078125,oos,0.10218632752460179,low,18048.45244140625,18279.2569921875,18048.45244140625,uptrend,uptrend_low
2023-01-24,18183.94921875,18201.25,18078.650390625,18118.30078125,oos,0.09950287410054211,low,18047.75244140625,18273.555,18047.75244140625,uptrend,uptrend_low
2023-01-25,18093.349609375,18100.599609375,17846.150390625,17891.94921875,oos,0.1089307858332896,low,18036.22490234375,18263.2009765625,18036.22490234375,downtrend,downtrend_low
2023-01-27,17877.19921875,17884.75,17493.55078125,17604.349609375,oos,0.12048531097914389,low,18006.8923828125,18248.4099609375,18006.8923828125,downtrend,downtrend_low
2023-01-30,17541.94921875,17709.150390625,17405.55078125,17648.94921875,oos,0.12075644541738187,low,17984.0748046875,18235.2359375,17984.0748046875,downtrend,downtrend_low
2023-01-31,17731.44921875,17735.69921875,17537.55078125,17662.150390625,oos,0.1187001940481548,low,17957.30986328125,18225.2799609375,17957.30986328125,downtrend,downtrend_low
2023-02-01,17811.599609375,17972.19921875,17353.400390625,17616.30078125,oos,0.1180691679586851,low,17926.49736328125,18212.7219921875,17926.49736328125,downtrend,downtrend_low
2023-02-02,17517.099609375,17653.900390625,17445.94921875,17610.400390625,oos,0.11354251751875906,low,17904.869921875,18199.585,17904.869921875,downtrend,downtrend_low
2023-02-03,17721.75,17870.30078125,17584.19921875,17854.05078125,oos,0.12516629169972174,low,17897.96494140625,18186.9840234375,17897.96494140625,downtrend,downtrend_low
2023-02-06,17818.55078125,17823.69921875,17698.349609375,17764.599609375,oos,0.1236795815341665,low,17893.2224609375,18172.021015625,17893.2224609375,downtrend,downtrend_low
2023-02-07,17790.099609375,17811.150390625,17652.55078125,17721.5,oos,0.11258338796636926,low,17874.2375,18155.196015625,17874.2375,downtrend,downtrend_low
2023-02-08,17750.30078125,17898.69921875,17744.150390625,17871.69921875,oos,0.11177453477467932,low,17872.11494140625,18140.268984375,17872.11494140625,downtrend,downtrend_low
2023-02-09,17885.5,17916.900390625,17779.80078125,17893.44921875,oos,0.11180982488564375,low,17872.00244140625,18122.9709765625,17872.00244140625,uptrend,uptrend_low
2023-02-10,17847.55078125,17876.94921875,17801.0,17856.5,oos,0.11180222864225804,low,17871.91748046875,18103.8509765625,17871.91748046875,downtrend,downtrend_low
2023-02-13,17859.099609375,17880.69921875,17719.75,17770.900390625,oos,0.11107017230718316,low,17862.63251953125,18085.3469921875,17862.63251953125,downtrend,downtrend_low
2023-02-14,17840.349609375,17954.55078125,17800.05078125,17929.849609375,oos,0.11533499677176448,low,17864.38251953125,18069.92296875,17864.38251953125,uptrend,uptrend_low
2023-02-15,17896.599609375,18034.099609375,17853.80078125,18015.849609375,oos,0.11211475154711416,low,17862.5099609375,18057.3849609375,17862.5099609375,uptrend,uptrend_low
2023-02-16,18094.75,18134.75,18000.650390625,18035.849609375,oos,0.10975926000618108,low,17856.0349609375,18046.891953125,17856.0349609375,uptrend,uptrend_low
2023-02-17,17974.849609375,18034.25,17884.599609375,17944.19921875,oos,0.1106220185714636,low,17847.85244140625,18033.5889453125,17847.85244140625,uptrend,uptrend_low
2023-02-20,17965.55078125,18004.349609375,17818.400390625,17844.599609375,oos,0.1112296247290814,low,17838.69990234375,18020.5489453125,17838.69990234375,uptrend,uptrend_low
2023-02-21,17905.80078125,17924.900390625,17800.30078125,17826.69921875,oos,0.10929713546052856,low,17824.10732421875,18007.139921875,17824.10732421875,uptrend,uptrend_low
2023-02-22,17755.349609375,17772.5,17529.44921875,17554.30078125,oos,0.12070028499035867,low,17795.90732421875,17986.0659375,17795.90732421875,downtrend,downtrend_low
2023-02-23,17574.650390625,17620.05078125,17455.400390625,17511.25,oos,0.11368772677084114,low,17776.87236328125,17963.084921875,17776.87236328125,downtrend,downtrend_low
2023-02-24,17591.349609375,17599.75,17421.80078125,17465.80078125,oos,0.09920869102673002,low,17769.944921875,17944.1029296875,17769.944921875,downtrend,downtrend_low
2023-02-27,17428.599609375,17451.599609375,17299.0,17392.69921875,oos,0.09946129101855342,low,17757.132421875,17926.5769140625,17757.132421875,downtrend,downtrend_low
2023-02-28,17383.25,17440.44921875,17255.19921875,17303.94921875,oos,0.10048487411802927,low,17739.22236328125,17904.2469140625,17739.22236328125,downtrend,downtrend_low
2023-03-01,17360.099609375,17467.75,17345.25,17450.900390625,oos,0.10572801218805027,low,17730.95234375,17885.55890625,17730.95234375,downtrend,downtrend_low
2023-03-02,17421.5,17445.80078125,17306.0,17321.900390625,oos,0.10855558657861165,low,17716.52734375,17868.014921875,17716.52734375,downtrend,downtrend_low
2023-03-03,17451.25,17644.75,17427.69921875,17594.349609375,oos,0.11209171792819002,low,17703.54228515625,17857.354921875,17703.54228515625,downtrend,downtrend_low
2023-03-06,17680.349609375,17799.94921875,17671.94921875,17711.44921875,oos,0.11379013807706327,low,17700.884765625,17855.447890625,17700.884765625,uptrend,uptrend_low
2023-03-08,17665.75,17766.5,17602.25,17754.400390625,oos,0.11379217421359367,low,17702.52978515625,17850.24390625,17702.52978515625,uptrend,uptrend_low
2023-03-09,17772.05078125,17772.349609375,17573.599609375,17589.599609375,oos,0.11395048696143557,low,17688.4248046875,17839.3898828125,17688.4248046875,downtrend,downtrend_low
2023-03-10,17443.80078125,17451.5,17324.349609375,17412.900390625,oos,0.11827567618167718,low,17664.39736328125,17825.197890625,17664.39736328125,downtrend,downtrend_low
2023-03-13,17421.900390625,17529.900390625,17113.44921875,17154.30078125,oos,0.12765964323165274,medium,17629.28740234375,17804.46390625,17629.28740234375,downtrend,downtrend_medium
2023-03-14,17160.55078125,17224.650390625,16987.099609375,17043.30078125,oos,0.12828828042139087,medium,17592.907421875,17783.22390625,17592.907421875,downtrend,downtrend_medium
2023-03-15,17166.44921875,17211.349609375,16938.900390625,16972.150390625,oos,0.12164692575922456,medium,17545.0224609375,17758.7179296875,17545.0224609375,downtrend,downtrend_medium
2023-03-16,16994.650390625,17062.44921875,16850.150390625,16985.599609375,oos,0.11917375147460786,medium,17493.5099609375,17733.77890625,17493.5099609375,downtrend,downtrend_medium
2023-03-17,17111.80078125,17145.80078125,16958.150390625,17100.05078125,oos,0.12329688940669312,medium,17446.72001953125,17714.9209375,17446.72001953125,downtrend,downtrend_medium
2023-03-20,17066.599609375,17066.599609375,16828.349609375,16988.400390625,oos,0.1237845078173016,medium,17398.930078125,17694.8459375,17398.930078125,downtrend,downtrend_medium
2023-03-21,17060.400390625,17127.69921875,17016.0,17107.5,oos,0.1279150669216015,medium,17362.07509765625,17679.806953125,17362.07509765625,downtrend,downtrend_medium
2023-03-22,17177.44921875,17207.25,17107.849609375,17151.900390625,oos,0.12894901125591957,medium,17328.33515625,17660.8209765625,17328.33515625,downtrend,downtrend_medium
2023-03-23,17097.400390625,17205.400390625,17045.30078125,17076.900390625,oos,0.11939172098081306,medium,17304.46513671875,17644.0759765625,17304.46513671875,downtrend,downtrend_medium
2023-03-24,17076.19921875,17109.44921875,16917.349609375,16945.05078125,oos,0.12148282894427478,medium,17276.15517578125,17625.0630078125,17276.15517578125,downtrend,downtrend_medium
2023-03-27,16984.30078125,17091.0,16918.55078125,16985.69921875,oos,0.12223898083564656,medium,17252.15009765625,17607.6130078125,17252.15009765625,downtrend,downtrend_medium
2023-03-28,17031.75,17061.75,16913.75,16951.69921875,oos,0.12181564097920654,medium,17230.10009765625,17587.515,17230.10009765625,downtrend,downtrend_medium
2023-03-29,16977.30078125,17126.150390625,16940.599609375,17080.69921875,oos,0.12481156619595829,medium,17218.93759765625,17571.2319921875,17218.93759765625,downtrend,downtrend_medium
2023-03-31,17210.349609375,17381.599609375,17204.650390625,17359.75,oos,0.1350908073232099,medium,17214.380078125,17557.3609765625,17214.380078125,uptrend,uptrend_medium
2023-04-03,17427.94921875,17428.05078125,17312.75,17398.05078125,oos,0.13261279444264212,medium,17218.18759765625,17542.015,17218.18759765625,uptrend,uptrend_medium
2023-04-05,17422.30078125,17570.55078125,17402.69921875,17557.05078125,oos,0.12420979801898813,medium,17216.32265625,17530.9990234375,17216.32265625,uptrend,uptrend_medium
2023-04-06,17533.849609375,17638.69921875,17502.849609375,17599.150390625,oos,0.12204961566021846,medium,17210.70771484375,17522.4290234375,17210.70771484375,uptrend,uptrend_medium
2023-04-10,17634.900390625,17694.099609375,17597.94921875,17624.05078125,oos,0.12180400266226586,medium,17204.190234375,17512.5390234375,17204.190234375,uptrend,uptrend_medium
2023-04-11,17704.80078125,17748.75,17655.150390625,17722.30078125,oos,0.11871576565278057,medium,17210.82529296875,17504.6190234375,17210.82529296875,uptrend,uptrend_medium
2023-04-12,17759.55078125,17825.75,17717.25,17812.400390625,oos,0.11306845791414094,low,17230.80029296875,17503.028046875,17230.80029296875,uptrend,uptrend_low
2023-04-13,17807.30078125,17842.150390625,17729.650390625,17828.0,oos,0.09603086496237741,low,17264.48525390625,17507.5010546875,17264.48525390625,uptrend,uptrend_low
2023-04-17,17863.0,17863.0,17574.05078125,17706.849609375,oos,0.09641458984886567,low,17297.6626953125,17508.6590625,17297.6626953125,uptrend,uptrend_low
2023-04-18,17766.599609375,17766.599609375,17610.19921875,17660.150390625,oos,0.09527142734975623,low,17332.0626953125,17508.6190625,17332.0626953125,uptrend,uptrend_low
2023-04-19,17653.349609375,17666.150390625,17579.849609375,17618.75,oos,0.09644470578600185,low,17363.72021484375,17508.668046875,17363.72021484375,uptrend,uptrend_low
2023-04-20,17638.599609375,17684.44921875,17584.349609375,17624.44921875,oos,0.09480575008214825,low,17389.94013671875,17508.9490234375,17389.94013671875,uptrend,uptrend_low
2023-04-21,17639.75,17663.19921875,17553.94921875,17624.05078125,oos,0.090171268924741,low,17421.72265625,17504.3490234375,17421.72265625,uptrend,uptrend_low
2023-04-24,17707.55078125,17754.5,17612.5,17743.400390625,oos,0.08999403546997266,low,17453.51767578125,17503.9250390625,17453.51767578125,uptrend,uptrend_low
2023-04-25,17761.55078125,17807.44921875,17716.849609375,17769.25,oos,0.08995830998852022,low,17484.38515625,17504.8800390625,17484.38515625,uptrend,uptrend_low
2023-04-26,17767.30078125,17827.75,17711.19921875,17813.599609375,oos,0.08697730769894182,low,17521.2201171875,17503.718046875,17521.2201171875,uptrend,uptrend_low
2023-04-27,17813.099609375,17931.599609375,17797.900390625,17915.05078125,oos,0.07954770182850861,low,17569.7201171875,17504.150078125,17569.7201171875,uptrend,uptrend_low
2023-04-28,17950.400390625,18089.150390625,17885.30078125,18065.0,oos,0.08193719505887494,low,17623.68515625,17508.320078125,17623.68515625,uptrend,uptrend_low
2023-05-02,18124.80078125,18180.25,18101.75,18147.650390625,oos,0.07980665492423086,low,17683.48271484375,17515.855078125,17683.48271484375,uptrend,uptrend_low
2023-05-03,18113.80078125,18116.349609375,18042.400390625,18089.849609375,oos,0.08148283300854141,low,17733.940234375,17519.055078125,17733.940234375,uptrend,uptrend_low
2023-05-04,18081.0,18267.44921875,18066.69921875,18255.80078125,oos,0.06877606596600247,low,17778.7427734375,17523.8541015625,17778.7427734375,uptrend,uptrend_low
2023-05-05,18117.30078125,18216.94921875,18055.44921875,18069.0,oos,0.08237686007984835,low,17812.290234375,17524.517109375,17812.290234375,uptrend,uptrend_low
2023-05-08,18120.599609375,18286.94921875,18100.30078125,18264.400390625,oos,0.08451440112639495,low,17847.65771484375,17530.9211328125,17847.65771484375,uptrend,uptrend_low
2023-05-09,18303.400390625,18344.19921875,18229.650390625,18265.94921875,oos,0.0847649188171778,low,17880.99765625,17539.348125,17880.99765625,uptrend,uptrend_low
2023-05-10,18313.599609375,18326.75,18211.94921875,18315.099609375,oos,0.08479411777199698,low,17915.55009765625,17549.1161328125,17915.55009765625,uptrend,uptrend_low
2023-05-11,18357.80078125,18389.69921875,18270.400390625,18297.0,oos,0.08425977542815065,low,17944.28505859375,17563.9701171875,17944.28505859375,uptrend,uptrend_low
2023-05-12,18273.75,18342.75,18194.55078125,18314.80078125,oos,0.08326976604713467,low,17969.405078125,17580.0411328125,17969.405078125,uptrend,uptrend_low
2023-05-15,18339.30078125,18458.900390625,18287.900390625,18398.849609375,oos,0.08399695687339755,low,17997.94755859375,17598.702109375,17997.94755859375,uptrend,uptrend_low
2023-05-16,18432.349609375,18432.349609375,18264.349609375,18286.5,oos,0.08311538954566551,low,18026.930078125,17616.578125,18026.930078125,uptrend,uptrend_low
2023-05-17,18300.44921875,18309.0,18115.349609375,18181.75,oos,0.08589533744781012,low,18053.01005859375,17634.134140625,18053.01005859375,uptrend,uptrend_low
2023-05-18,18287.5,18297.19921875,18104.849609375,18129.94921875,oos,0.08621076538074264,low,18078.57001953125,17647.7151171875,18078.57001953125,uptrend,uptrend_low
2023-05-19,18186.150390625,18218.099609375,18060.400390625,18203.400390625,oos,0.08658225171734421,low,18107.517578125,17665.3451171875,18107.517578125,uptrend,uptrend_low
2023-05-22,18201.099609375,18335.25,18178.849609375,18314.400390625,oos,0.0877492085489403,low,18142.03505859375,17679.7461328125,18142.03505859375,uptrend,uptrend_low
2023-05-23,18362.900390625,18419.75,18324.19921875,18348.0,oos,0.08587148174385108,low,18172.2650390625,17692.4771484375,18172.2650390625,uptrend,uptrend_low
2023-05-24,18294.80078125,18392.599609375,18262.94921875,18285.400390625,oos,0.08776543798375465,low,18198.07255859375,17703.0971484375,18198.07255859375,uptrend,uptrend_low
2023-05-25,18268.900390625,18338.099609375,18202.400390625,18321.150390625,oos,0.08770070994211572,low,18223.45009765625,17717.7281640625,18223.45009765625,uptrend,uptrend_low
2023-05-26,18368.349609375,18508.55078125,18333.150390625,18499.349609375,oos,0.09139650976793989,low,18252.6650390625,17739.4571484375,18252.6650390625,uptrend,uptrend_low
2023-05-29,18619.150390625,18641.19921875,18581.25,18598.650390625,oos,0.08904758518581812,low,18279.34755859375,17768.344140625,18279.34755859375,uptrend,uptrend_low
2023-05-30,18606.650390625,18662.44921875,18575.5,18633.849609375,oos,0.08831364637187226,low,18303.65751953125,17800.1551171875,18303.65751953125,uptrend,uptrend_low
2023-05-31,18594.19921875,18603.900390625,18483.849609375,18534.400390625,oos,0.09008783092693645,low,18325.88505859375,17831.4001171875,18325.88505859375,uptrend,uptrend_low
2023-06-01,18579.400390625,18580.30078125,18464.55078125,18487.75,oos,0.08587445224003751,low,18337.48251953125,17861.443125,18337.48251953125,uptrend,uptrend_low
2023-06-02,18550.849609375,18573.69921875,18478.400390625,18534.099609375,oos,0.0757851438272041,low,18360.7375,17890.1241015625,18360.7375,uptrend,uptrend_low
2023-06-05,18612.0,18640.150390625,18582.80078125,18593.849609375,oos,0.06745479874344215,low,18377.2099609375,17922.2330859375,18377.2099609375,uptrend,uptrend_low
2023-06-06,18600.80078125,18622.75,18531.599609375,18599.0,oos,0.06742733028950139,low,18393.8625,17952.0630859375,18393.8625,uptrend,uptrend_low
2023-06-07,18665.599609375,18738.94921875,18636.0,18726.400390625,oos,0.07043147435361853,low,18414.4275390625,17983.5530859375,18414.4275390625,uptrend,uptrend_low
2023-06-08,18725.349609375,18777.900390625,18615.599609375,18634.55078125,oos,0.07330035182898223,low,18431.305078125,18014.70609375,18431.305078125,uptrend,uptrend_low
2023-06-09,18655.900390625,18676.650390625,18555.400390625,18563.400390625,oos,0.07520655151722914,low,18443.73505859375,18047.0730859375,18443.73505859375,uptrend,uptrend_low
2023-06-12,18595.05078125,18633.599609375,18559.75,18601.5,oos,0.07398917622825807,low,18453.867578125,18079.3891015625,18453.867578125,uptrend,uptrend_low
2023-06-13,18631.80078125,18728.900390625,18631.80078125,18716.150390625,oos,0.07212624818122436,low,18475.35009765625,18114.678125,18475.35009765625,uptrend,uptrend_low
2023-06-14,18744.599609375,18769.69921875,18690.0,18755.900390625,oos,0.06739353194641355,low,18504.0576171875,18148.1821484375,18504.0576171875,uptrend,uptrend_low
2023-06-15,18774.44921875,18794.099609375,18669.05078125,18688.099609375,oos,0.06810973280561437,low,18531.96513671875,18174.749140625,18531.96513671875,uptrend,uptrend_low
2023-06-16,18723.30078125,18864.69921875,18710.5,18826.0,oos,0.07072044150987118,low,18563.0951171875,18203.308125,18563.0951171875,uptrend,uptrend_low
2023-06-19,18873.30078125,18881.44921875,18719.150390625,18755.44921875,oos,0.07121924249755854,low,18585.14755859375,18227.27609375,18585.14755859375,uptrend,uptrend_low
2023-06-20,18752.349609375,18839.69921875,18660.650390625,18816.69921875,oos,0.07156866672881264,low,18608.58251953125,18251.6270703125,18608.58251953125,uptrend,uptrend_low
2023-06-21,18849.400390625,18875.900390625,18794.849609375,18856.849609375,oos,0.06943065395839176,low,18637.15498046875,18276.283046875,18637.15498046875,uptrend,uptrend_low
2023-06-22,18853.599609375,18886.599609375,18759.5,18771.25,oos,0.07267803777076887,low,18659.6599609375,18297.26203125,18659.6599609375,uptrend,uptrend_low
2023-06-23,18741.849609375,18756.400390625,18647.099609375,18665.5,oos,0.06921439658766285,low,18667.96748046875,18314.3240234375,18667.96748046875,downtrend,downtrend_low
2023-06-26,18682.349609375,18722.05078125,18646.69921875,18691.19921875,oos,0.06686817409172198,low,18672.594921875,18331.5880078125,18672.594921875,uptrend,uptrend_low
2023-06-27,18748.55078125,18829.25,18714.25,18817.400390625,oos,0.07056733935961965,low,18681.7724609375,18353.7990234375,18681.7724609375,uptrend,uptrend_low
2023-06-28,18908.150390625,19011.25,18861.349609375,18972.099609375,oos,0.07208871637798174,low,18703.657421875,18380.0380078125,18703.657421875,uptrend,uptrend_low
2023-06-30,19076.849609375,19201.69921875,19024.599609375,19189.05078125,oos,0.07926051790183035,low,18738.7224609375,18411.4440234375,18738.7224609375,uptrend,uptrend_low
2023-07-03,19246.5,19345.099609375,19234.400390625,19322.55078125,oos,0.08127939652569213,low,18778.14501953125,18445.4060546875,18778.14501953125,uptrend,uptrend_low
2023-07-04,19406.599609375,19434.150390625,19300.0,19389.0,oos,0.08132251228575015,low,18817.9025390625,18480.7050390625,18817.9025390625,uptrend,uptrend_low
2023-07-05,19405.94921875,19421.599609375,19339.599609375,19398.5,oos,0.08126239109587172,low,18857.8775390625,18513.80703125,18857.8775390625,uptrend,uptrend_low
2023-07-06,19385.69921875,19512.19921875,19373.0,19497.30078125,oos,0.0801374746895712,low,18896.42255859375,18548.368046875,18896.42255859375,uptrend,uptrend_low
2023-07-07,19422.80078125,19523.599609375,19303.599609375,19331.80078125,oos,0.0851066682253457,low,18931.28505859375,18578.7320703125,18931.28505859375,uptrend,uptrend_low
2023-07-10,19400.349609375,19435.849609375,19327.099609375,19355.900390625,oos,0.08248978516807086,low,18970.91005859375,18607.5490625,18970.91005859375,uptrend,uptrend_low
2023-07-11,19427.099609375,19515.099609375,19406.44921875,19439.400390625,oos,0.08286034043627377,low,19012.805078125,18635.0370703125,19012.805078125,uptrend,uptrend_low
2023-07-12,19497.44921875,19507.69921875,19361.75,19384.30078125,oos,0.08333264058108784,low,19046.21259765625,18659.770078125,19046.21259765625,uptrend,uptrend_low
2023-07-13,19495.19921875,19567.0,19385.80078125,19413.75,oos,0.08332607763719739,low,19079.105078125,18686.2480859375,19079.105078125,uptrend,uptrend_low
2023-07-14,19493.44921875,19595.349609375,19433.5,19564.5,oos,0.0834209161097993,low,19122.92509765625,18712.4220703125,19122.92509765625,uptrend,uptrend_low
2023-07-17,19612.150390625,19731.849609375,19562.94921875,19711.44921875,oos,0.08352857490038246,low,19167.19755859375,18745.2710546875,19167.19755859375,uptrend,uptrend_low
2023-07-18,19787.5,19819.44921875,19690.19921875,19749.25,oos,0.08043963154841038,low,19216.88759765625,18774.968046875,19216.88759765625,uptrend,uptrend_low
2023-07-19,19802.94921875,19851.69921875,19727.44921875,19833.150390625,oos,0.08062335938145418,low,19267.71015625,18806.3120703125,19267.71015625,uptrend,uptrend_low
2023-07-20,19831.69921875,19991.849609375,19758.400390625,19979.150390625,oos,0.08230068159395865,low,19323.8251953125,18839.5930859375,19323.8251953125,uptrend,uptrend_low
2023-07-21,19800.44921875,19887.400390625,19700.0,19745.0,oos,0.0940288652991853,low,19372.5126953125,18868.5530859375,19372.5126953125,uptrend,uptrend_low
2023-07-24,19748.44921875,19782.75,19658.30078125,19672.349609375,oos,0.09200762125430054,low,19422.85517578125,18895.7040625,19422.85517578125,uptrend,uptrend_low
2023-07-25,19729.349609375,19729.349609375,19615.94921875,19680.599609375,oos,0.09224529570469617,low,19472.3251953125,18921.3390625,19472.3251953125,uptrend,uptrend_low
2023-07-26,19733.349609375,19825.599609375,19716.69921875,19778.30078125,oos,0.09139205779498451,low,19520.37021484375,18951.175078125,19520.37021484375,uptrend,uptrend_low
2023-07-27,19850.900390625,19867.55078125,19603.55078125,19659.900390625,oos,0.093504732320404,low,19554.76025390625,18980.7380859375,19554.76025390625,uptrend,uptrend_low
2023-07-28,19659.75,19695.900390625,19563.099609375,19646.05078125,oos,0.08658423971414923,low,19577.61025390625,19011.0601171875,19577.61025390625,uptrend,uptrend_low
2023-07-31,19666.349609375,19772.75,19597.599609375,19753.80078125,oos,0.08543389193826666,low,19599.17275390625,19042.068125,19599.17275390625,uptrend,uptrend_low
2023-08-01,19784.0,19795.599609375,19704.599609375,19733.55078125,oos,0.08529484954240406,low,19616.40029296875,19070.4511328125,19616.40029296875,uptrend,uptrend_low
2023-08-02,19655.400390625,19678.25,19423.55078125,19526.55078125,oos,0.09440399738223969,low,19622.80283203125,19094.0221484375,19622.80283203125,downtrend,downtrend_low
2023-08-03,19463.75,19537.650390625,19296.44921875,19381.650390625,oos,0.09648508252491306,medium,19617.0203125,19115.9471484375,19617.0203125,downtrend,downtrend_medium
2023-08-04,19462.80078125,19538.849609375,19436.44921875,19517.0,oos,0.09463958144412164,low,19626.2802734375,19139.864140625,19626.2802734375,downtrend,downtrend_low
2023-08-07,19576.849609375,19620.44921875,19524.80078125,19597.30078125,oos,0.09548584665082863,medium,19638.35029296875,19161.8231640625,19638.35029296875,downtrend,downtrend_medium
2023-08-08,19627.19921875,19634.400390625,19533.099609375,19570.849609375,oos,0.09470655358105327,low,19644.92275390625,19181.2671484375,19644.92275390625,downtrend,downtrend_low
2023-08-09,19578.80078125,19645.5,19467.5,19632.55078125,oos,0.09441726471727899,low,19657.33525390625,19201.241171875,19657.33525390625,downtrend,downtrend_low
2023-08-10,19605.55078125,19623.599609375,19495.400390625,19543.099609375,oos,0.0961257257622195,medium,19663.802734375,19221.41515625,19663.802734375,downtrend,downtrend_medium
2023-08-11,19554.25,19557.75,19412.75,19428.30078125,oos,0.09434602981109035,low,19656.9927734375,19240.226171875,19656.9927734375,downtrend,downtrend_low
2023-08-14,19383.94921875,19465.849609375,19257.900390625,19434.55078125,oos,0.08975872564873133,low,19643.1478515625,19258.2351953125,19643.1478515625,downtrend,downtrend_low
2023-08-16,19369.0,19482.75,19317.19921875,19465.0,oos,0.0896319524863343,low,19628.9353515625,19275.658203125,19628.9353515625,downtrend,downtrend_low
2023-08-17,19450.55078125,19461.55078125,19326.25,19365.25,oos,0.08892793800047373,low,19605.54033203125,19290.983203125,19605.54033203125,downtrend,downtrend_low
2023-08-18,19301.75,19373.80078125,19253.599609375,19310.150390625,oos,0.08311900755541478,low,19572.09033203125,19302.658203125,19572.09033203125,downtrend,downtrend_low
2023-08-21,19320.650390625,19425.94921875,19296.30078125,19393.599609375,oos,0.07669774572350506,low,19554.5203125,19317.8391796875,19554.5203125,downtrend,downtrend_low
2023-08-22,19417.099609375,19443.5,19381.30078125,19396.44921875,oos,0.07604949756560248,low,19540.72529296875,19334.50015625,19540.72529296875,downtrend,downtrend_low
2023-08-23,19439.19921875,19472.05078125,19366.599609375,19444.0,oos,0.07678301893883094,low,19528.8953125,19351.35015625,19528.8953125,downtrend,downtrend_low
2023-08-24,19535.150390625,19584.44921875,19369.0,19386.69921875,oos,0.07428263201174405,low,19509.315234375,19364.7611328125,19509.315234375,downtrend,downtrend_low
2023-08-25,19297.400390625,19339.55078125,19229.69921875,19265.80078125,oos,0.0745104441835878,low,19489.61025390625,19374.959140625,19489.61025390625,downtrend,downtrend_low
2023-08-28,19298.349609375,19366.849609375,19249.69921875,19306.05078125,oos,0.07531370384463228,low,19472.61025390625,19387.3181640625,19472.61025390625,downtrend,downtrend_low
2023-08-29,19374.849609375,19377.900390625,19309.099609375,19342.650390625,oos,0.07232065003381692,low,19452.052734375,19397.651171875,19452.052734375,downtrend,downtrend_low
2023-08-30,19433.44921875,19452.80078125,19334.75,19347.44921875,oos,0.07246548443584616,low,19432.74765625,19409.491171875,19432.74765625,downtrend,downtrend_low
2023-08-31,19375.55078125,19388.19921875,19223.650390625,19253.80078125,oos,0.06502239661600855,low,19419.11015625,19418.233203125,19419.11015625,downtrend,downtrend_low
2023-09-01,19258.150390625,19458.55078125,19255.69921875,19435.30078125,oos,0.06927174176915515,low,19421.79267578125,19429.8022265625,19421.79267578125,uptrend,uptrend_low
2023-09-04,19525.05078125,19545.150390625,19432.849609375,19528.80078125,oos,0.0668137770342931,low,19422.38271484375,19444.9532421875,19422.38271484375,uptrend,uptrend_low
2023-09-05,19564.650390625,19587.05078125,19525.75,19574.900390625,oos,0.0656751350471261,low,19421.2626953125,19463.14125,19421.2626953125,uptrend,uptrend_low
2023-09-06,19581.19921875,19636.44921875,19491.5,19611.05078125,oos,0.06581549500794658,low,19423.27275390625,19481.53828125,19423.27275390625,uptrend,uptrend_low
2023-09-07,19598.650390625,19737.0,19550.05078125,19727.05078125,oos,0.06819617933786014,low,19427.99775390625,19499.7312890625,19427.99775390625,uptrend,uptrend_low
2023-09-08,19774.80078125,19867.150390625,19727.05078125,19819.94921875,oos,0.06746413637735296,low,19441.840234375,19516.68828125,19441.840234375,uptrend,uptrend_low
2023-09-11,19890.0,20008.150390625,19865.349609375,19996.349609375,oos,0.0687059935604646,low,19470.24267578125,19532.8342578125,19470.24267578125,uptrend,uptrend_low
2023-09-12,20110.150390625,20110.349609375,19914.650390625,19993.19921875,oos,0.06883140403829151,low,19498.17509765625,19546.2472265625,19498.17509765625,uptrend,uptrend_low
2023-09-13,19989.5,20096.900390625,19944.099609375,20070.0,oos,0.06936417946001688,low,19528.42509765625,19559.8672265625,19528.42509765625,uptrend,uptrend_low
2023-09-14,20127.94921875,20167.650390625,20043.44921875,20103.099609375,oos,0.06474487775035492,low,19565.317578125,19573.95921875,19565.317578125,uptrend,uptrend_low
2023-09-15,20156.44921875,20222.44921875,20129.69921875,20192.349609375,oos,0.06282982555410116,low,19609.4275390625,19587.8601953125,19609.4275390625,uptrend,uptrend_low
2023-09-18,20155.94921875,20195.349609375,20115.69921875,20133.30078125,oos,0.06488236605057843,low,19646.41259765625,19603.8901953125,19646.41259765625,uptrend,uptrend_low
2023-09-20,19980.75,20050.650390625,19878.849609375,19901.400390625,oos,0.08038004762295876,low,19671.66015625,19614.8001953125,19671.66015625,uptrend,uptrend_low
2023-09-21,19840.55078125,19848.75,19709.94921875,19742.349609375,oos,0.08669274475097179,low,19686.57763671875,19620.8591796875,19686.57763671875,uptrend,uptrend_low
2023-09-22,19744.849609375,19798.650390625,19657.5,19674.25,oos,0.08699673254452524,medium,19700.95517578125,19626.6581640625,19700.95517578125,downtrend,downtrend_medium
2023-09-25,19678.19921875,19734.150390625,19601.55078125,19674.55078125,oos,0.08307964707844172,low,19721.39267578125,19631.8741796875,19721.39267578125,downtrend,downtrend_low
2023-09-26,19682.80078125,19699.349609375,19637.44921875,19664.69921875,oos,0.08316408166334084,low,19739.32509765625,19633.8781640625,19739.32509765625,downtrend,downtrend_low
2023-09-27,19637.05078125,19730.69921875,19554.0,19716.44921875,oos,0.08331785128447695,low,19758.0150390625,19633.9781640625,19758.0150390625,downtrend,downtrend_low
2023-09-28,19761.80078125,19766.650390625,19492.099609375,19523.55078125,oos,0.09166314576778892,medium,19766.8201171875,19629.4641796875,19766.8201171875,downtrend,downtrend_medium
2023-09-29,19581.19921875,19726.25,19551.05078125,19638.30078125,oos,0.09132386239602303,medium,19786.0451171875,19625.5671875,19786.0451171875,downtrend,downtrend_medium
2023-10-03,19622.400390625,19623.19921875,19479.650390625,19528.75,oos,0.08845817611500337,medium,19790.717578125,19616.5591796875,19790.717578125,downtrend,downtrend_medium
2023-10-04,19446.30078125,19457.80078125,19333.599609375,19436.099609375,oos,0.08843310606568104,medium,19786.08251953125,19610.381171875,19786.08251953125,downtrend,downtrend_medium
2023-10-05,19521.849609375,19576.94921875,19487.30078125,19545.75,oos,0.090448429385608,medium,19784.625,19607.8491796875,19784.625,downtrend,downtrend_medium
2023-10-06,19621.19921875,19675.75,19589.400390625,19653.5,oos,0.09238820958921488,medium,19786.7474609375,19607.3071875,19786.7474609375,downtrend,downtrend_medium
2023-10-09,19539.44921875,19588.94921875,19480.5,19512.349609375,oos,0.09319368207651635,medium,19776.01240234375,19601.9881640625,19776.01240234375,downtrend,downtrend_medium
2023-10-10,19565.599609375,19717.80078125,19565.44921875,19689.849609375,oos,0.0976599866930114,medium,19769.507421875,19602.5871484375,19769.507421875,downtrend,downtrend_medium
2023-10-11,19767.0,19839.19921875,19756.94921875,19811.349609375,oos,0.09468060527914245,medium,19760.257421875,19605.893125,19760.257421875,uptrend,uptrend_medium
2023-10-12,19822.69921875,19843.30078125,19772.650390625,19794.0,oos,0.09468573440822368,medium,19750.2974609375,19606.697109375,19750.2974609375,uptrend,uptrend_medium
2023-10-13,19654.55078125,19805.400390625,19635.30078125,19751.05078125,oos,0.09344006108264269,medium,19734.35,19607.047109375,19734.35,uptrend,uptrend_medium
2023-10-16,19737.25,19781.30078125,19691.849609375,19731.75,oos,0.09299692973710978,medium,19715.78251953125,19611.15109375,19715.78251953125,uptrend,uptrend_medium
2023-10-17,19843.19921875,19849.75,19775.650390625,19811.5,oos,0.09270329568856217,medium,19696.7400390625,19619.7480859375,19696.7400390625,uptrend,uptrend_medium
2023-10-18,19820.44921875,19840.94921875,19659.94921875,19671.099609375,oos,0.09503589888784779,medium,19673.62998046875,19622.830078125,19673.62998046875,downtrend,downtrend_medium
2023-10-19,19545.19921875,19681.80078125,19512.349609375,19624.69921875,oos,0.08699536385063582,medium,19659.794921875,19623.378046875,19659.794921875,downtrend,downtrend_medium
2023-10-20,19542.150390625,19593.80078125,19518.69921875,19542.650390625,oos,0.08374109671412237,low,19649.8099609375,19622.8140625,19649.8099609375,downtrend,downtrend_low
2023-10-23,19521.599609375,19556.849609375,19257.849609375,19281.75,oos,0.09499290889277652,medium,19630.1849609375,19615.798046875,19630.1849609375,downtrend,downtrend_medium
2023-10-25,19286.44921875,19347.30078125,19074.150390625,19122.150390625,oos,0.09833088500020915,medium,19602.56494140625,19607.3790625,19602.56494140625,downtrend,downtrend_medium
2023-10-26,19027.25,19041.69921875,18837.849609375,18857.25,oos,0.10768096460095711,high,19562.19248046875,19595.958046875,19562.19248046875,downtrend,downtrend_high
2023-10-27,18928.75,19076.150390625,18926.650390625,19047.25,oos,0.11498809254252407,high,19528.73251953125,19588.21203125,19528.73251953125,downtrend,downtrend_high
2023-10-30,19053.400390625,19158.5,18940.0,19140.900390625,oos,0.11310604312009828,high,19509.6,19581.7300390625,19509.6,downtrend,downtrend_high
2023-10-31,19232.94921875,19233.69921875,19056.44921875,19079.599609375,oos,0.11037985661029476,high,19481.66494140625,19576.01703125,19481.66494140625,downtrend,downtrend_high
2023-11-01,19064.05078125,19096.05078125,18973.69921875,18989.150390625,oos,0.11000054615236562,high,19454.6849609375,19569.59703125,19454.6849609375,downtrend,downtrend_high
2023-11-02,19120.0,19175.25,19064.150390625,19133.25,oos,0.11364428603478499,high,19439.54248046875,19564.3900390625,19439.54248046875,downtrend,downtrend_high
2023-11-03,19241.0,19276.25,19210.900390625,19230.599609375,oos,0.11324694236564102,high,19423.7849609375,19561.073046875,19423.7849609375,downtrend,downtrend_high
2023-11-06,19345.849609375,19423.0,19309.69921875,19411.75,oos,0.11691994302899493,high,19411.6974609375,19560.428046875,19411.6974609375,uptrend,uptrend_high
2023-11-07,19404.05078125,19423.5,19329.099609375,19406.69921875,oos,0.11429843675617843,high,19406.41494140625,19560.828046875,19406.41494140625,uptrend,uptrend_high
2023-11-08,19449.599609375,19464.400390625,19401.5,19443.5,oos,0.10923717354751199,high,19394.0974609375,19564.38203125,19394.0974609375,uptrend,uptrend_high
2023-11-09,19457.400390625,19463.900390625,19378.349609375,19395.30078125,oos,0.10639736253561775,high,19373.29501953125,19566.16703125,19373.29501953125,uptrend,uptrend_high
2023-11-10,19351.849609375,19451.30078125,19329.44921875,19425.349609375,oos,0.10679426695444935,high,19354.8625,19567.821015625,19354.8625,uptrend,uptrend_high
2023-11-13,19486.75,19494.400390625,19414.75,19443.55078125,oos,0.10688063538647385,high,19339.4875,19569.743046875,19339.4875,uptrend,uptrend_high
2023-11-15,19651.400390625,19693.19921875,19579.650390625,19675.44921875,oos,0.11596590955909791,high,19336.6724609375,19578.176015625,19336.6724609375,uptrend,uptrend_high
2023-11-16,19674.69921875,19875.25,19627.0,19765.19921875,oos,0.1162275642008653,high,19334.357421875,19584.773984375,19334.357421875,uptrend,uptrend_high
2023-11-17,19674.75,19806.0,19667.44921875,19731.80078125,oos,0.11346534230500466,high,19337.39248046875,19588.833984375,19337.39248046875,uptrend,uptrend_high
2023-11-20,19731.150390625,19756.44921875,19670.5,19694.0,oos,0.11334477210466114,high,19340.85751953125,19591.2159765625,19340.85751953125,uptrend,uptrend_high
2023-11-21,19770.900390625,19829.099609375,19754.05078125,19783.400390625,oos,0.11310038577104825,high,19352.89501953125,19594.66296875,19352.89501953125,uptrend,uptrend_high
2023-11-22,19784.0,19825.55078125,19703.849609375,19811.849609375,oos,0.10030201053625538,medium,19379.4,19596.3589453125,19379.4,uptrend,uptrend_medium
2023-11-23,19828.44921875,19875.150390625,19786.75,19802.0,oos,0.09397325222173379,medium,19413.39248046875,19595.9999609375,19413.39248046875,uptrend,uptrend_medium
2023-11-24,19809.599609375,19832.849609375,19768.849609375,19794.69921875,oos,0.07440152775530008,low,19460.26494140625,19591.966953125,19460.26494140625,uptrend,uptrend_low
2023-11-28,19844.650390625,19916.849609375,19800.0,19889.69921875,oos,0.06940849626855652,low,19502.38740234375,19589.896953125,19502.38740234375,uptrend,uptrend_low
2023-11-29,19976.55078125,20104.650390625,19956.30078125,20096.599609375,oos,0.07480383168982001,low,19550.17236328125,19590.4289453125,19550.17236328125,uptrend,uptrend_low
2023-11-30,20108.5,20158.69921875,20015.849609375,20133.150390625,oos,0.07183621591200817,low,19602.84990234375,19591.0299609375,19602.84990234375,uptrend,uptrend_low
2023-12-01,20194.099609375,20291.55078125,20183.69921875,20267.900390625,oos,0.0674589635831303,low,19666.78740234375,19592.5409765625,19666.78740234375,uptrend,uptrend_low
2023-12-04,20601.94921875,20702.650390625,20507.75,20686.80078125,oos,0.09057477425732934,medium,19744.46494140625,19603.6109765625,19744.46494140625,uptrend,uptrend_medium
2023-12-05,20808.900390625,20864.05078125,20711.150390625,20855.099609375,oos,0.0917317948305281,medium,19825.68994140625,19622.6849609375,19825.68994140625,uptrend,uptrend_medium
2023-12-06,20950.75,20961.94921875,20852.150390625,20937.69921875,oos,0.089536425380812,medium,19901.98740234375,19646.591953125,19901.98740234375,uptrend,uptrend_medium
2023-12-07,20932.400390625,20941.25,20850.80078125,20901.150390625,oos,0.09058024902906939,medium,19976.7099609375,19671.1299609375,19976.7099609375,uptrend,uptrend_medium
2023-12-08,20934.099609375,21006.099609375,20862.69921875,20969.400390625,oos,0.09034240308480268,medium,20053.00498046875,19697.026953125,20053.00498046875,uptrend,uptrend_medium
2023-12-11,20965.30078125,21026.099609375,20923.69921875,20997.099609375,oos,0.08781110171405904,medium,20133.094921875,19723.6749609375,20133.094921875,uptrend,uptrend_medium
2023-12-12,21018.55078125,21037.900390625,20867.150390625,20906.400390625,oos,0.09232955464829119,medium,20207.1474609375,19747.473984375,20207.1474609375,uptrend,uptrend_medium
2023-12-13,20929.75,20950.0,20769.5,20926.349609375,oos,0.09232274240554889,medium,20281.28740234375,19775.5299609375,20281.28740234375,uptrend,uptrend_medium
2023-12-14,21110.400390625,21210.900390625,21074.44921875,21182.69921875,oos,0.09271131651612342,medium,20356.64990234375,19806.4179296875,20356.64990234375,uptrend,uptrend_medium
2023-12-15,21287.44921875,21492.30078125,21235.30078125,21456.650390625,oos,0.09831923391571222,medium,20441.2224609375,19844.9759375,20441.2224609375,uptrend,uptrend_medium
2023-12-18,21434.80078125,21482.80078125,21365.349609375,21418.650390625,oos,0.09838344906520849,medium,20525.56494140625,19884.626953125,20525.56494140625,uptrend,uptrend_medium
2023-12-19,21477.650390625,21505.05078125,21337.75,21453.099609375,oos,0.0962850230458811,medium,20613.519921875,19922.7739453125,20613.519921875,uptrend,uptrend_medium
2023-12-20,21543.5,21593.0,21087.349609375,21150.150390625,oos,0.11637041455612994,high,20681.857421875,19952.706953125,20681.857421875,uptrend,uptrend_high
2023-12-21,21033.94921875,21288.349609375,20976.80078125,21255.05078125,oos,0.11626587465483929,high,20754.01748046875,19987.5609765625,20754.01748046875,uptrend,uptrend_high
2023-12-22,21295.849609375,21390.5,21232.44921875,21349.400390625,oos,0.11530476009103498,high,20831.3875,20020.7519921875,20831.3875,uptrend,uptrend_high
2023-12-26,21365.19921875,21477.150390625,21329.44921875,21441.349609375,oos,0.11425560859228938,high,20913.72001953125,20053.3519921875,20913.72001953125,uptrend,uptrend_high
2023-12-27,21497.650390625,21675.75,21495.80078125,21654.75,oos,0.11616553703686255,high,21001.97255859375,20090.5669921875,21001.97255859375,uptrend,uptrend_high
2023-12-28,21715.0,21801.44921875,21678.0,21778.69921875,oos,0.11406622628400519,high,21086.0775390625,20131.1199609375,21086.0775390625,uptrend,uptrend_high
2023-12-29,21737.650390625,21770.30078125,21676.900390625,21731.400390625,oos,0.11596599118617269,high,21165.9900390625,20171.11296875,21165.9900390625,uptrend,uptrend_high
2024-01-01,21727.75,21834.349609375,21680.849609375,21741.900390625,oos,0.11604323057354192,high,21239.6900390625,20209.7209765625,21239.6900390625,uptrend,uptrend_high
2024-01-02,21751.349609375,21755.599609375,21555.650390625,21665.80078125,oos,0.09922703624816397,medium,21288.6400390625,20249.615,21288.6400390625,uptrend,uptrend_medium
2024-01-03,21661.099609375,21677.0,21500.349609375,21517.349609375,oos,0.10183052013286015,medium,21321.7525390625,20287.4680078125,21321.7525390625,uptrend,uptrend_medium
2024-01-04,21605.80078125,21685.650390625,21564.55078125,21658.599609375,oos,0.10304877021447302,medium,21357.79755859375,20329.7869921875,21357.79755859375,uptrend,uptrend_medium
2024-01-05,21705.75,21749.599609375,21629.19921875,21710.80078125,oos,0.1022510584231475,medium,21398.280078125,20378.3680078125,21398.280078125,uptrend,uptrend_medium
2024-01-08,21747.599609375,21763.94921875,21492.900390625,21513.0,oos,0.10928908058508546,high,21425.46005859375,20426.185,21425.46005859375,uptrend,uptrend_high
2024-01-09,21653.599609375,21724.44921875,21517.849609375,21544.849609375,oos,0.1092908953499942,high,21452.84755859375,20479.9369921875,21452.84755859375,uptrend,uptrend_high
2024-01-10,21529.30078125,21641.849609375,21448.650390625,21618.69921875,oos,0.10744131546372046,medium,21488.4625,20531.3659765625,21488.4625,uptrend,uptrend_medium
2024-01-11,21688.0,21726.5,21593.75,21647.19921875,oos,0.10741564077493462,medium,21524.50498046875,20581.491953125,21524.50498046875,uptrend,uptrend_medium
2024-01-12,21773.55078125,21928.25,21715.150390625,21894.55078125,oos,0.10637923146965016,medium,21560.09755859375,20637.7909765625,21560.09755859375,uptrend,uptrend_medium
2024-01-15,22053.150390625,22115.55078125,21963.55078125,22097.44921875,oos,0.101937271161589,medium,21592.1375,20699.956953125,21592.1375,uptrend,uptrend_medium
2024-01-16,22080.5,22124.150390625,21969.80078125,22032.30078125,oos,0.10252105379751585,medium,21622.82001953125,20757.93796875,21622.82001953125,uptrend,uptrend_medium
2024-01-17,21647.25,21851.5,21550.44921875,21571.94921875,oos,0.12956207131537584,high,21628.7625,20804.7649609375,21628.7625,downtrend,downtrend_high
2024-01-18,21414.19921875,21539.400390625,21285.55078125,21462.25,oos,0.11981835621068239,high,21644.36748046875,20845.7749609375,21644.36748046875,downtrend,downtrend_high
2024-01-19,21615.19921875,21670.599609375,21575.0,21622.400390625,oos,0.12130163245808206,high,21662.7349609375,20890.088984375,21662.7349609375,downtrend,downtrend_high
2024-01-23,21716.69921875,21750.25,21192.599609375,21238.80078125,oos,0.1371918724565546,high,21657.20498046875,20925.995,21657.20498046875,downtrend,downtrend_high
2024-01-24,21185.25,21482.349609375,21137.19921875,21453.94921875,oos,0.14123993149830033,high,21657.8349609375,20967.16796875,21657.8349609375,downtrend,downtrend_high
2024-01-25,21454.599609375,21459.0,21247.05078125,21352.599609375,oos,0.13716483993622278,high,21642.72744140625,21005.71296875,21642.72744140625,downtrend,downtrend_high
2024-01-29,21433.099609375,21763.25,21429.599609375,21737.599609375,oos,0.15102561767526906,high,21640.6724609375,21051.5939453125,21640.6724609375,uptrend,uptrend_high
2024-01-30,21775.75,21813.05078125,21501.80078125,21522.099609375,oos,0.15491742593704716,high,21630.207421875,21088.526953125,21630.207421875,downtrend,downtrend_high
2024-01-31,21487.25,21741.349609375,21448.849609375,21725.69921875,oos,0.15885283363652128,high,21629.39736328125,21127.736953125,21629.39736328125,uptrend,uptrend_high
2024-02-01,21780.650390625,21832.94921875,21658.75,21697.44921875,oos,0.15839932256303607,high,21630.97978515625,21167.049921875,21630.97978515625,uptrend,uptrend_high
2024-02-02,21812.75,22126.80078125,21805.55078125,21853.80078125,oos,0.15805195652345133,high,21647.80234375,21210.2459375,21647.80234375,uptrend,uptrend_high
2024-02-05,21921.05078125,21964.30078125,21726.94921875,21771.69921875,oos,0.15732398481892249,high,21653.45732421875,21250.0119140625,21653.45732421875,uptrend,uptrend_high
2024-02-06,21825.19921875,21951.400390625,21737.55078125,21929.400390625,oos,0.1591062154592885,high,21664.3873046875,21292.3629296875,21664.3873046875,uptrend,uptrend_high
2024-02-07,22045.05078125,22053.30078125,21860.150390625,21930.5,oos,0.15499961026367573,high,21685.2623046875,21334.9329296875,21685.2623046875,uptrend,uptrend_high
2024-02-08,22009.650390625,22011.05078125,21665.30078125,21717.94921875,oos,0.1595535175022665,high,21693.91728515625,21373.3979296875,21693.91728515625,uptrend,uptrend_high
2024-02-09,21727.0,21804.44921875,21629.900390625,21782.5,oos,0.15944886587930499,high,21702.10732421875,21411.2539453125,21702.10732421875,uptrend,uptrend_high
2024-02-12,21800.80078125,21831.69921875,21574.75,21616.05078125,oos,0.1619359173071808,high,21700.54990234375,21441.64296875,21700.54990234375,downtrend,downtrend_high
2024-02-13,21664.30078125,21766.80078125,21543.349609375,21743.25,oos,0.15788329652676317,high,21692.98486328125,21473.8449609375,21692.98486328125,uptrend,uptrend_high
2024-02-14,21578.150390625,21870.849609375,21530.19921875,21840.05078125,oos,0.1549107957270279,high,21680.11494140625,21505.28796875,21680.11494140625,uptrend,uptrend_high
2024-02-15,21906.55078125,21953.849609375,21794.80078125,21910.75,oos,0.15519128889028394,high,21674.03740234375,21529.766953125,21674.03740234375,uptrend,uptrend_high
2024-02-16,22020.30078125,22068.650390625,21968.94921875,22040.69921875,oos,0.1358223003425726,high,21697.47490234375,21553.4789453125,21697.47490234375,uptrend,uptrend_high
2024-02-19,22103.44921875,22186.650390625,22021.05078125,22122.25,oos,0.13407601068419195,high,21730.47490234375,21577.1699609375,21730.47490234375,uptrend,uptrend_high
2024-02-20,22099.19921875,22215.599609375,22045.849609375,22196.94921875,oos,0.13246110104811204,high,21759.20234375,21603.0859375,21759.20234375,uptrend,uptrend_high
2024-02-21,22248.849609375,22249.400390625,21997.94921875,22055.05078125,oos,0.11585856207486114,high,21800.01484375,21624.7989453125,21800.01484375,uptrend,uptrend_high
2024-02-22,22081.55078125,22252.5,21875.25,22217.44921875,oos,0.11365116807702258,high,21838.18984375,21649.2059375,21838.18984375,uptrend,uptrend_high
2024-02-23,22290.0,22297.5,22186.099609375,22212.69921875,oos,0.11133479905686833,high,21881.19482421875,21675.3319140625,21881.19482421875,uptrend,uptrend_high
2024-02-26,22169.19921875,22202.150390625,22075.150390625,22122.05078125,oos,0.09567218429780996,medium,21900.4173828125,21699.2459375,21900.4173828125,uptrend,uptrend_medium
2024-02-27,22090.19921875,22218.25,22085.650390625,22198.349609375,oos,0.0870174312102269,medium,21934.2298828125,21719.5589453125,21934.2298828125,uptrend,uptrend_medium
2024-02-28,22214.099609375,22229.150390625,21915.849609375,21951.150390625,oos,0.09274750529215646,medium,21945.50244140625,21729.4489453125,21945.50244140625,uptrend,uptrend_medium
2024-02-29,21935.19921875,22060.55078125,21860.650390625,21982.80078125,oos,0.09253930576961858,medium,21959.77001953125,21740.731953125,21959.77001953125,uptrend,uptrend_medium
2024-03-01,22048.30078125,22353.30078125,22047.75,22338.75,oos,0.10554172175040952,medium,21984.01748046875,21758.4449609375,21984.01748046875,uptrend,uptrend_medium
2024-03-04,22403.5,22440.900390625,22358.30078125,22405.599609375,oos,0.10411573789842826,medium,22015.7125,21783.5539453125,22015.7125,uptrend,uptrend_medium
2024-03-05,22371.25,22416.900390625,22269.150390625,22356.30078125,oos,0.10253842339717581,medium,22037.05751953125,21805.5789453125,22037.05751953125,uptrend,uptrend_medium
2024-03-06,22327.5,22497.19921875,22224.349609375,22474.05078125,oos,0.10357496936980766,medium,22064.23505859375,21828.071953125,22064.23505859375,uptrend,uptrend_medium
2024-03-07,22505.30078125,22525.650390625,22430.0,22493.55078125,oos,0.09523218628460287,medium,22103.01513671875,21849.1159765625,22103.01513671875,uptrend,uptrend_medium
2024-03-11,22517.5,22526.599609375,22307.25,22332.650390625,oos,0.10019427983308933,medium,22130.52265625,21862.673984375,22130.52265625,uptrend,uptrend_medium
2024-03-12,22334.44921875,22452.55078125,22256.0,22335.69921875,oos,0.09467417318686666,medium,22166.505078125,21873.813984375,22166.505078125,uptrend,uptrend_medium
2024-03-13,22432.19921875,22446.75,21905.650390625,21997.69921875,oos,0.11032376940867197,high,22179.2275390625,21879.1399609375,22179.2275390625,downtrend,downtrend_high
2024-03-14,21982.55078125,22204.599609375,21917.5,22146.650390625,oos,0.11169505147805245,high,22194.55751953125,21887.2349609375,22194.55751953125,downtrend,downtrend_high
2024-03-15,22064.849609375,22120.900390625,21931.69921875,22023.349609375,oos,0.11342334134337081,high,22200.1875,21894.3859375,22200.1875,downtrend,downtrend_high
2024-03-18,21990.099609375,22123.69921875,21916.55078125,22055.69921875,oos,0.11156589091090917,high,22200.9375,21905.1529296875,22200.9375,downtrend,downtrend_high
2024-03-19,21946.44921875,21978.30078125,21793.099609375,21817.44921875,oos,0.11702846974345464,high,22185.6974609375,21908.329921875,22185.6974609375,downtrend,downtrend_high
2024-03-20,21843.900390625,21930.900390625,21710.19921875,21839.099609375,oos,0.116238997598738,high,22167.80498046875,21910.8958984375,22167.80498046875,downtrend,downtrend_high
2024-03-21,21989.900390625,22080.94921875,21941.30078125,22011.94921875,oos,0.11816594714828775,high,22165.64990234375,21920.8748828125,22165.64990234375,downtrend,downtrend_high
2024-03-22,21932.19921875,22180.69921875,21883.30078125,22096.75,oos,0.11587104908698387,high,22159.61494140625,21931.912890625,22159.61494140625,downtrend,downtrend_high
2024-03-26,21947.900390625,22073.19921875,21947.55078125,22004.69921875,oos,0.11670222730705694,high,22149.21494140625,21939.632890625,22149.21494140625,downtrend,downtrend_high
2024-03-27,22053.94921875,22193.599609375,22052.849609375,22123.650390625,oos,0.1176363074492683,high,22149.294921875,21949.1619140625,22149.294921875,downtrend,downtrend_high
2024-03-28,22163.599609375,22516.0,22163.599609375,22326.900390625,oos,0.12154667191977399,high,22155.7224609375,21957.80890625,22155.7224609375,uptrend,uptrend_high
2024-04-01,22455.0,22529.94921875,22427.75,22462.0,oos,0.11521382633211125,high,22181.26494140625,21965.099921875,22181.26494140625,uptrend,uptrend_high
2024-04-02,22458.80078125,22497.599609375,22388.150390625,22453.30078125,oos,0.1153407186658571,high,22204.78994140625,21973.519921875,22204.78994140625,uptrend,uptrend_high
2024-04-03,22385.69921875,22521.099609375,22346.5,22434.650390625,oos,0.10066161076968305,medium,22209.5849609375,21990.7739453125,22209.5849609375,uptrend,uptrend_medium
2024-04-04,22592.099609375,22619.0,22303.80078125,22514.650390625,oos,0.10089037443983151,medium,22215.0375,22011.821953125,22215.0375,uptrend,uptrend_medium
2024-04-05,22486.400390625,22537.599609375,22427.599609375,22513.69921875,oos,0.10048179838304638,medium,22222.907421875,22029.6479296875,22222.907421875,uptrend,uptrend_medium
2024-04-08,22578.349609375,22697.30078125,22550.349609375,22666.30078125,oos,0.10159562351497617,medium,22232.519921875,22058.1979296875,22232.519921875,uptrend,uptrend_medium
2024-04-09,22765.099609375,22768.400390625,22612.25,22642.75,oos,0.10171590582586622,medium,22239.9798828125,22081.9739453125,22239.9798828125,uptrend,uptrend_medium
2024-04-10,22720.25,22775.69921875,22673.69921875,22753.80078125,oos,0.09888424096065519,medium,22261.03740234375,22109.99796875,22261.03740234375,uptrend,uptrend_medium
2024-04-12,22677.400390625,22726.44921875,22503.75,22519.400390625,oos,0.10666302360646668,high,22270.2224609375,22125.633984375,22270.2224609375,uptrend,uptrend_high
2024-04-15,22339.05078125,22427.44921875,22259.55078125,22272.5,oos,0.09937237096794677,medium,22283.9625,22140.6419921875,22283.9625,downtrend,downtrend_medium
2024-04-16,22125.30078125,22213.75,22079.44921875,22147.900390625,oos,0.0989456493663261,medium,22284.025,22149.086015625,22284.025,downtrend,downtrend_medium
2024-04-18,22212.349609375,22326.5,21961.69921875,21995.849609375,oos,0.10001928722162107,medium,22282.65,22155.0540234375,22282.65,downtrend,downtrend_medium
2024-04-19,21861.5,22179.55078125,21777.650390625,22147.0,oos,0.10290010192486268,high,22287.2150390625,22160.9180078125,22287.2150390625,downtrend,downtrend_high
2024-04-22,22336.900390625,22375.650390625,22198.150390625,22336.400390625,oos,0.09821444830539805,medium,22313.16259765625,22172.21203125,22313.16259765625,uptrend,uptrend_medium
2024-04-23,22447.05078125,22447.55078125,22349.44921875,22368.0,oos,0.09821437396107909,medium,22339.6076171875,22180.9840234375,22339.6076171875,uptrend,uptrend_medium
2024-04-24,22421.55078125,22476.44921875,22384.0,22402.400390625,oos,0.09500115363331599,medium,22359.13017578125,22190.42203125,22359.13017578125,uptrend,uptrend_medium
2024-04-25,22316.900390625,22625.94921875,22305.25,22570.349609375,oos,0.09735672899003255,medium,22382.81015625,22207.4700390625,22382.81015625,uptrend,uptrend_medium
2024-04-26,22620.400390625,22620.400390625,22385.55078125,22419.94921875,oos,0.0995210571164541,medium,22403.57265625,22220.2190234375,22403.57265625,uptrend,uptrend_medium
2024-04-29,22475.55078125,22655.80078125,22441.900390625,22643.400390625,oos,0.10346567020748294,high,22429.56015625,22240.766015625,22429.56015625,uptrend,uptrend_high
2024-04-30,22679.650390625,22783.349609375,22568.400390625,22604.849609375,oos,0.09943308190519014,medium,22443.4576171875,22257.9980078125,22443.4576171875,uptrend,uptrend_medium
2024-05-02,22567.849609375,22710.5,22567.849609375,22648.19921875,oos,0.09751232774671698,medium,22452.767578125,22274.1609765625,22452.767578125,uptrend,uptrend_medium
2024-05-03,22766.349609375,22794.69921875,22348.05078125,22475.849609375,oos,0.10160056086619744,medium,22453.89501953125,22285.46296875,22453.89501953125,uptrend,uptrend_medium
2024-05-06,22561.599609375,22588.80078125,22409.44921875,22442.69921875,oos,0.10170197370650981,high,22454.2974609375,22293.50296875,22454.2974609375,downtrend,downtrend_high
2024-05-07,22489.75,22499.05078125,22232.05078125,22302.5,oos,0.10314127689230884,high,22443.68994140625,22297.10796875,22443.68994140625,downtrend,downtrend_high
2024-05-08,22231.19921875,22368.650390625,22185.19921875,22302.5,oos,0.1031436184223767,high,22433.12998046875,22299.218984375,22433.12998046875,downtrend,downtrend_high
2024-05-09,22224.80078125,22307.75,21932.400390625,21957.5,oos,0.11228807157078002,high,22397.68994140625,22297.26796875,22397.68994140625,downtrend,downtrend_high
2024-05-10,21990.94921875,22131.30078125,21950.30078125,22055.19921875,oos,0.11430012597039389,high,22368.31240234375,22294.02296875,22368.31240234375,downtrend,downtrend_high
2024-05-13,22027.94921875,22131.650390625,21821.05078125,22104.05078125,oos,0.11275548435281288,high,22335.82490234375,22291.85,22335.82490234375,downtrend,downtrend_high
2024-05-14,22112.900390625,22270.05078125,22081.25,22217.849609375,oos,0.10992231672354207,high,22320.74736328125,22293.7659765625,22320.74736328125,downtrend,downtrend_high
2024-05-15,22255.599609375,22297.55078125,22151.75,22200.55078125,oos,0.10297437786242536,high,22317.14990234375,22293.81,22317.14990234375,downtrend,downtrend_high
2024-05-16,22319.19921875,22432.25,22054.55078125,22403.849609375,oos,0.10588673734900808,high,22329.94736328125,22302.863984375,22329.94736328125,uptrend,uptrend_high
2024-05-17,22415.25,22502.150390625,22345.650390625,22466.099609375,oos,0.10234833538691919,medium,22353.45986328125,22312.5299609375,22353.45986328125,uptrend,uptrend_medium
2024-05-21,22404.55078125,22591.099609375,22404.55078125,22529.05078125,oos,0.10029162563642373,medium,22372.56240234375,22316.3359765625,22372.56240234375,uptrend,uptrend_medium
2024-05-22,22576.599609375,22629.5,22483.150390625,22597.80078125,oos,0.09653725976088742,medium,22385.632421875,22320.18,22385.632421875,uptrend,uptrend_medium
2024-05-23,22614.099609375,22993.599609375,22577.44921875,22967.650390625,oos,0.11162261942506081,high,22415.61494140625,22332.4069921875,22415.61494140625,uptrend,uptrend_high
2024-05-24,22930.75,23026.400390625,22908.0,22957.099609375,oos,0.11180234548969929,high,22443.34990234375,22342.06796875,22443.34990234375,uptrend,uptrend_high
2024-05-27,23038.94921875,23110.80078125,22871.19921875,22932.44921875,oos,0.10956488598176861,high,22461.4548828125,22350.8459375,22461.4548828125,uptrend,uptrend_high
2024-05-28,22977.150390625,22998.55078125,22858.5,22888.150390625,oos,0.10652419381381742,high,22484.86494140625,22361.9559375,22484.86494140625,uptrend,uptrend_high
2024-05-29,22762.75,22825.5,22685.44921875,22704.69921875,oos,0.10569261982207942,high,22487.9298828125,22369.3359375,22487.9298828125,uptrend,uptrend_high
2024-05-30,22617.44921875,22705.75,22417.0,22488.650390625,oos,0.11101944980670686,high,22482.119921875,22379.1549609375,22482.119921875,uptrend,uptrend_high
2024-05-31,22568.099609375,22653.75,22465.099609375,22530.69921875,oos,0.11100725557188439,high,22476.244921875,22386.8359375,22476.244921875,uptrend,uptrend_high
2024-06-03,23337.900390625,23338.69921875,23062.30078125,23263.900390625,oos,0.15742727439362084,high,22515.6474609375,22411.646953125,22515.6474609375,uptrend,uptrend_high
2024-06-04,23179.5,23179.5,21281.44921875,21884.5,oos,0.26811032612230495,high,22487.7375,22408.22296875,22487.7375,downtrend,downtrend_high
2024-06-05,22128.349609375,22670.400390625,21791.94921875,22620.349609375,oos,0.29409387659855063,high,22503.62998046875,22424.2809765625,22503.62998046875,uptrend,uptrend_high
2024-06-06,22798.599609375,22910.150390625,22642.599609375,22821.400390625,oos,0.2954329901443238,high,22529.575,22443.9269921875,22529.575,uptrend,uptrend_high
2024-06-07,22821.849609375,23320.19921875,22789.05078125,23290.150390625,oos,0.29594558117212216,high,22596.20751953125,22469.491015625,22596.20751953125,uptrend,uptrend_high
2024-06-10,23319.150390625,23411.900390625,23227.150390625,23259.19921875,oos,0.2963114169867028,high,22656.40751953125,22492.74,22656.40751953125,uptrend,uptrend_high
2024-06-11,23283.75,23389.44921875,23206.650390625,23264.849609375,oos,0.29644830154365,high,22714.4474609375,22517.9430078125,22714.4474609375,uptrend,uptrend_high
2024-06-12,23344.44921875,23441.94921875,23295.94921875,23322.94921875,oos,0.2963108826704197,high,22769.70244140625,22541.928984375,22769.70244140625,uptrend,uptrend_high
2024-06-13,23480.94921875,23481.05078125,23353.900390625,23398.900390625,oos,0.29604704369722806,high,22829.619921875,22563.368984375,22829.619921875,uptrend,uptrend_high
2024-06-14,23464.94921875,23490.400390625,23334.25,23465.599609375,oos,0.2950956689831309,high,22882.707421875,22583.4409765625,22882.707421875,uptrend,uptrend_high
2024-06-18,23570.80078125,23579.05078125,23499.69921875,23557.900390625,oos,0.2951393984045657,high,22937.2974609375,22605.53296875,22937.2974609375,uptrend,uptrend_high
2024-06-19,23629.849609375,23664.0,23412.900390625,23516.0,oos,0.29553356725142943,high,22986.644921875,22627.1599609375,22986.644921875,uptrend,uptrend_high
2024-06-20,23586.150390625,23624.0,23442.599609375,23567.0,oos,0.2955209305984128,high,23035.1048828125,22648.206953125,23035.1048828125,uptrend,uptrend_high
2024-06-21,23661.150390625,23667.099609375,23398.19921875,23501.099609375,oos,0.2911932845596959,high,23061.77734375,22667.9549609375,23061.77734375,uptrend,uptrend_high
2024-06-24,23382.30078125,23558.099609375,23350.0,23537.849609375,oos,0.2911186873294709,high,23090.81484375,22685.3859375,23090.81484375,uptrend,uptrend_high
2024-06-25,23577.099609375,23754.150390625,23562.05078125,23721.30078125,oos,0.2918152341919322,high,23130.257421875,22706.956953125,23130.257421875,uptrend,uptrend_high
2024-06-26,23723.099609375,23889.900390625,23670.44921875,23868.80078125,oos,0.291846289548197,high,23179.28994140625,22729.256953125,23179.28994140625,uptrend,uptrend_high
2024-06-27,23881.55078125,24087.44921875,23805.400390625,24044.5,oos,0.28976030935365404,high,23246.27998046875,22759.7589453125,23246.27998046875,uptrend,uptrend_high
2024-06-28,24085.900390625,24174.0,23985.80078125,24010.599609375,oos,0.28651527098091306,high,23322.37744140625,22794.5209375,23322.37744140625,uptrend,uptrend_high
2024-07-01,23992.94921875,24164.0,23992.69921875,24141.94921875,oos,0.28653909833591407,high,23402.93994140625,22834.4019140625,23402.93994140625,uptrend,uptrend_high
2024-07-02,24228.75,24236.349609375,24056.400390625,24123.849609375,oos,0.2655668888940192,high,23445.93740234375,22876.9619140625,23445.93740234375,uptrend,uptrend_high
2024-07-03,24291.75,24309.150390625,24207.099609375,24286.5,oos,0.1348584900190304,high,23566.03740234375,22919.7519140625,23566.03740234375,uptrend,uptrend_high
2024-07-04,24369.94921875,24401.0,24281.0,24302.150390625,oos,0.08409846186810155,low,23650.12744140625,22959.0669140625,23650.12744140625,uptrend,uptrend_low
2024-07-05,24213.349609375,24363.0,24168.849609375,24323.849609375,oos,0.08220473739230048,low,23725.24990234375,22998.18390625,23725.24990234375,uptrend,uptrend_low
2024-07-08,24329.44921875,24344.599609375,24240.55078125,24320.55078125,oos,0.051350937394625325,low,23776.769921875,23036.5469140625,23776.769921875,uptrend,uptrend_low
2024-07-09,24351.0,24443.599609375,24331.900390625,24433.19921875,oos,0.05030973562616104,low,23835.469921875,23073.80390625,23835.469921875,uptrend,uptrend_low
2024-07-10,24459.849609375,24461.05078125,24141.80078125,24324.44921875,oos,0.055551372077990685,low,23888.44990234375,23111.89390625,23888.44990234375,uptrend,uptrend_low
2024-07-11,24396.55078125,24402.650390625,24193.75,24315.94921875,oos,0.056287411840950964,low,23938.09990234375,23145.3448828125,23938.09990234375,uptrend,uptrend_low
2024-07-12,24387.94921875,24592.19921875,24331.150390625,24502.150390625,oos,0.05956656194349272,low,23993.26240234375,23183.2908984375,23993.26240234375,uptrend,uptrend_low
2024-07-15,24587.599609375,24635.05078125,24522.75,24586.69921875,oos,0.05967639326224337,low,24049.3173828125,23222.0608984375,24049.3173828125,uptrend,uptrend_low
2024-07-16,24615.900390625,24661.25,24587.650390625,24613.0,oos,0.05952966656111151,low,24102.07236328125,23264.80390625,24102.07236328125,uptrend,uptrend_low
2024-07-18,24543.80078125,24837.75,24504.44921875,24800.849609375,oos,0.06055194135962613,low,24166.31484375,23311.9669140625,24166.31484375,uptrend,uptrend_low
2024-07-19,24853.80078125,24854.80078125,24508.150390625,24530.900390625,oos,0.07737657804912891,low,24214.50986328125,23356.534921875,24214.50986328125,uptrend,uptrend_low
2024-07-22,24445.75,24595.19921875,24362.30078125,24509.25,oos,0.07608486688131395,low,24264.9173828125,23400.669921875,24264.9173828125,uptrend,uptrend_low
2024-07-23,24568.900390625,24582.55078125,24074.19921875,24479.05078125,oos,0.07699454088787556,low,24311.97744140625,23451.1009375,24311.97744140625,uptrend,uptrend_low
2024-07-24,24444.94921875,24504.25,24307.25,24413.5,oos,0.07545245080158867,low,24346.58740234375,23498.266953125,24346.58740234375,uptrend,uptrend_low
2024-07-25,24230.94921875,24426.150390625,24210.80078125,24406.099609375,oos,0.07351253170128771,low,24373.45234375,23544.3079296875,24373.45234375,uptrend,uptrend_low
2024-07-26,24423.349609375,24861.150390625,24410.900390625,24834.849609375,oos,0.09168009374441881,low,24412.96982421875,23596.6479296875,24412.96982421875,uptrend,uptrend_low
2024-07-29,24943.30078125,24999.75,24774.599609375,24836.099609375,oos,0.0911822098392309,low,24454.24482421875,23649.35890625,24454.24482421875,uptrend,uptrend_low
2024-07-30,24839.400390625,24971.75,24798.650390625,24857.30078125,oos,0.09012149390455192,low,24490.01240234375,23698.4279296875,24490.01240234375,uptrend,uptrend_low
2024-07-31,24886.69921875,24984.599609375,24856.5,24951.150390625,oos,0.09007049201419959,low,24531.37744140625,23748.1289453125,24531.37744140625,uptrend,uptrend_low
2024-08-01,25030.94921875,25078.30078125,24956.400390625,25010.900390625,oos,0.08814559087279764,low,24567.5974609375,23797.7659375,24567.5974609375,uptrend,uptrend_low
2024-08-02,24789.0,24851.900390625,24686.849609375,24717.69921875,oos,0.099863240199985,medium,24588.37490234375,23840.16390625,24588.37490234375,uptrend,uptrend_medium
2024-08-05,24302.849609375,24350.05078125,23893.69921875,24055.599609375,oos,0.14002497020386645,high,24574.96240234375,23861.922890625,24574.96240234375,downtrend,downtrend_high
2024-08-06,24189.849609375,24382.599609375,23960.400390625,23992.55078125,oos,0.14021294788784855,high,24558.56240234375,23882.6319140625,24558.56240234375,downtrend,downtrend_high
2024-08-07,24289.400390625,24337.69921875,24184.900390625,24297.5,oos,0.14700996325151097,high,24551.77744140625,23909.9329296875,24551.77744140625,downtrend,downtrend_high
2024-08-08,24248.55078125,24340.5,24079.69921875,24117.0,oos,0.1485142564967337,high,24541.40498046875,23934.509921875,24541.40498046875,downtrend,downtrend_high
2024-08-09,24386.849609375,24419.75,24311.19921875,24367.5,oos,0.15336028747327443,high,24543.98251953125,23967.7659375,24543.98251953125,downtrend,downtrend_high
2024-08-12,24320.05078125,24472.80078125,24212.099609375,24347.0,oos,0.15078810832918235,high,24536.225,24004.9329296875,24536.225,downtrend,downtrend_high
2024-08-13,24342.349609375,24359.94921875,24116.5,24139.0,oos,0.15285424364489622,high,24513.8400390625,24037.0989453125,24513.8400390625,downtrend,downtrend_high
2024-08-14,24184.400390625,24196.5,24099.69921875,24143.75,oos,0.15273836722058484,high,24490.3775390625,24054.6959375,24490.3775390625,downtrend,downtrend_high
2024-08-16,24334.849609375,24563.900390625,24204.5,24541.150390625,oos,0.16221278062883784,high,24477.392578125,24107.8289453125,24477.392578125,uptrend,uptrend_high
2024-08-19,24636.349609375,24638.80078125,24522.94921875,24572.650390625,oos,0.15754067106191372,high,24479.480078125,24146.8749609375,24479.480078125,uptrend,uptrend_high
2024-08-20,24648.900390625,24734.30078125,24607.19921875,24698.849609375,oos,0.15847230981138924,high,24488.96005859375,24184.4239453125,24488.96005859375,uptrend,uptrend_high
2024-08-21,24680.55078125,24787.94921875,24654.5,24770.19921875,oos,0.158573126458906,high,24503.51748046875,24214.024921875,24503.51748046875,uptrend,uptrend_high
2024-08-22,24863.400390625,24867.349609375,24784.44921875,24811.5,oos,0.15811715973197335,high,24523.41748046875,24245.0709375,24523.41748046875,uptrend,uptrend_high
2024-08-23,24845.400390625,24858.400390625,24771.650390625,24823.150390625,oos,0.1580657994185862,high,24544.27001953125,24276.236953125,24544.27001953125,uptrend,uptrend_high
2024-08-26,24906.099609375,25043.80078125,24874.69921875,25010.599609375,oos,0.14771312230248548,high,24553.05751953125,24309.9899609375,24553.05751953125,uptrend,uptrend_high
2024-08-27,25024.80078125,25073.099609375,24973.650390625,25017.75,oos,0.14770821925478686,high,24562.1400390625,24342.366953125,24562.1400390625,uptrend,uptrend_high
2024-08-28,25030.80078125,25129.599609375,24964.650390625,25052.349609375,oos,0.1477414541812024,high,24571.89248046875,24374.101953125,24571.89248046875,uptrend,uptrend_high
2024-08-29,25035.30078125,25192.900390625,24998.5,25151.94921875,oos,0.14780321310920144,high,24581.932421875,24405.9829296875,24581.932421875,uptrend,uptrend_high
2024-08-30,25249.69921875,25268.349609375,25199.400390625,25235.900390625,oos,0.14800621034513092,high,24593.182421875,24440.3809375,24593.182421875,uptrend,uptrend_high
2024-09-02,25333.599609375,25333.650390625,25235.5,25278.69921875,oos,0.14081064597589876,high,24621.232421875,24474.614921875,24621.232421875,uptrend,uptrend_high
2024-09-03,25313.400390625,25321.69921875,25235.80078125,25279.849609375,oos,0.09490948760536062,low,24682.444921875,24510.189921875,24682.444921875,uptrend,uptrend_low
2024-09-04,25089.94921875,25216.0,25083.80078125,25198.69921875,oos,0.09535324268774353,low,24742.75234375,24543.4069140625,24742.75234375,uptrend,uptrend_low
2024-09-05,25250.5,25275.44921875,25127.75,25145.099609375,oos,0.08852541584709571,low,24785.13232421875,24571.882890625,24785.13232421875,uptrend,uptrend_low
2024-09-06,25093.69921875,25168.75,24801.30078125,24852.150390625,oos,0.09532580375537464,low,24821.88984375,24591.5498828125,24821.88984375,uptrend,uptrend_low
2024-09-09,24823.400390625,24957.5,24753.150390625,24936.400390625,oos,0.08976682020682464,low,24850.33486328125,24609.387890625,24850.33486328125,uptrend,uptrend_low
2024-09-10,24999.400390625,25130.5,24896.80078125,25041.099609375,oos,0.09005152993833308,low,24885.03984375,24629.997890625,24885.03984375,uptrend,uptrend_low
2024-09-11,25034.0,25113.69921875,24885.150390625,24918.44921875,oos,0.0855170235765179,low,24924.0123046875,24645.527890625,24924.0123046875,downtrend,downtrend_low
2024-09-12,25059.650390625,25433.349609375,24941.44921875,25388.900390625,oos,0.10494655589609021,medium,24986.26982421875,24670.82890625,24986.26982421875,uptrend,uptrend_medium
2024-09-13,25430.44921875,25430.5,25292.44921875,25356.5,oos,0.09180188199777384,low,25027.0373046875,24692.22890625,25027.0373046875,uptrend,uptrend_low
2024-09-16,25406.650390625,25445.69921875,25336.19921875,25383.75,oos,0.09181597446040454,low,25067.59228515625,24713.8608984375,25067.59228515625,uptrend,uptrend_low
2024-09-17,25416.900390625,25441.650390625,25352.25,25418.55078125,oos,0.09088313001080528,low,25103.57734375,24735.754921875,25103.57734375,uptrend,uptrend_low
2024-09-18,25402.400390625,25482.19921875,25285.55078125,25377.55078125,oos,0.09134330641881531,low,25133.944921875,24756.894921875,25133.944921875,uptrend,uptrend_low
2024-09-19,25487.05078125,25611.94921875,25376.05078125,25415.80078125,oos,0.09133484947076954,low,25164.1599609375,24776.546953125,25164.1599609375,uptrend,uptrend_low
2024-09-20,25525.94921875,25849.25,25426.599609375,25790.94921875,oos,0.10310687714394959,medium,25212.54990234375,24805.876953125,25212.54990234375,uptrend,uptrend_medium
2024-09-23,25872.55078125,25956.0,25847.349609375,25939.05078125,oos,0.10199367585363528,medium,25258.9724609375,24838.338984375,25258.9724609375,uptrend,uptrend_medium
2024-09-24,25921.44921875,26011.55078125,25886.849609375,25940.400390625,oos,0.10204441549306037,medium,25305.10498046875,24867.103984375,25305.10498046875,uptrend,uptrend_medium
2024-09-25,25899.44921875,26032.80078125,25871.349609375,26004.150390625,oos,0.10205299735906205,medium,25352.69501953125,24895.4530078125,25352.69501953125,uptrend,uptrend_medium
2024-09-26,26005.400390625,26250.900390625,25998.400390625,26216.05078125,oos,0.10423812077793633,medium,25405.90009765625,24927.5140234375,25405.90009765625,uptrend,uptrend_medium
2024-09-27,26248.25,26277.349609375,26151.400390625,26178.94921875,oos,0.10484971201267193,medium,25453.0525390625,24955.076015625,25453.0525390625,uptrend,uptrend_medium
2024-09-30,26061.30078125,26134.69921875,25794.099609375,25810.849609375,oos,0.11911740992234626,high,25479.66005859375,24980.675,25479.66005859375,uptrend,uptrend_high
2024-10-01,25788.44921875,25907.599609375,25739.19921875,25796.900390625,oos,0.11920230414680139,high,25505.51259765625,25006.4280078125,25505.51259765625,uptrend,uptrend_high
2024-10-03,25452.849609375,25639.44921875,25230.30078125,25250.099609375,oos,0.1425234032455905,high,25508.0826171875,25021.848984375,25508.0826171875,downtrend,downtrend_high
2024-10-04,25181.900390625,25485.05078125,24966.80078125,25014.599609375,oos,0.14628412989350437,high,25501.5576171875,25033.8709765625,25501.5576171875,downtrend,downtrend_high
2024-10-07,25084.099609375,25143.0,24694.349609375,24795.75,oos,0.14361531352894497,high,25498.73759765625,25041.663984375,25498.73759765625,downtrend,downtrend_high
2024-10-08,24832.19921875,25044.0,24756.80078125,25013.150390625,oos,0.14657409764035484,high,25502.57509765625,25045.23,25502.57509765625,downtrend,downtrend_high
2024-10-09,25065.80078125,25234.05078125,24947.69921875,24981.94921875,oos,0.14587384933232478,high,25499.617578125,25048.1469921875,25499.617578125,downtrend,downtrend_high
2024-10-10,25067.05078125,25134.05078125,24979.400390625,24998.44921875,oos,0.14476811181450913,high,25503.617578125,25050.9699609375,25503.617578125,downtrend,downtrend_high
2024-10-11,24985.30078125,25028.650390625,24920.05078125,24964.25,oos,0.12684856838215344,high,25482.38505859375,25051.231953125,25482.38505859375,downtrend,downtrend_high
2024-10-14,25023.44921875,25159.75,25017.5,25127.94921875,oos,0.12948902451490657,high,25470.95751953125,25053.5729296875,25470.95751953125,downtrend,downtrend_high
2024-10-15,25186.30078125,25212.05078125,25008.150390625,25057.349609375,oos,0.12962799428476643,high,25454.6375,25060.3659375,25454.6375,downtrend,downtrend_high
2024-10-16,25008.55078125,25093.400390625,24908.44921875,24971.30078125,oos,0.12977360074399097,high,25432.275,25078.6799609375,25432.275,downtrend,downtrend_high
2024-10-17,25027.400390625,25029.5,24728.900390625,24749.849609375,oos,0.1328542263532593,high,25400.88994140625,25093.8259375,25400.88994140625,downtrend,downtrend_high
2024-10-18,24664.94921875,24886.19921875,24567.650390625,24854.05078125,oos,0.13393171124782213,high,25372.80244140625,25104.956953125,25372.80244140625,downtrend,downtrend_high
2024-10-21,24956.150390625,24978.30078125,24679.599609375,24781.099609375,oos,0.12019284577700381,high,25322.3099609375,25118.2389453125,25322.3099609375,downtrend,downtrend_high
2024-10-22,24798.650390625,24882.0,24445.80078125,24472.099609375,oos,0.12206801722215171,high,25248.96240234375,25120.3309375,25248.96240234375,downtrend,downtrend_high
2024-10-23,24378.150390625,24604.25,24378.099609375,24435.5,oos,0.12169832375982849,high,25173.7173828125,25122.1009375,25173.7173828125,downtrend,downtrend_high
2024-10-24,24412.69921875,24480.650390625,24341.19921875,24399.400390625,oos,0.12016882687933957,high,25093.4798828125,25127.3089453125,25093.4798828125,downtrend,downtrend_high
2024-10-25,24418.05078125,24440.25,24073.900390625,24180.80078125,oos,0.11401645208068353,medium,24991.7173828125,25128.0499609375,24991.7173828125,downtrend,downtrend_medium
2024-10-28,24251.099609375,24492.599609375,24134.900390625,24339.150390625,oos,0.11977711599491382,high,24899.72744140625,25124.0099609375,24899.72744140625,downtrend,downtrend_high
2024-10-29,24328.849609375,24484.5,24140.849609375,24466.849609375,oos,0.11700816510935019,medium,24832.52744140625,25121.8939453125,24832.52744140625,downtrend,downtrend_medium
2024-10-30,24371.44921875,24498.19921875,24307.30078125,24340.849609375,oos,0.11705289700552,medium,24759.72490234375,25114.7339453125,24759.72490234375,downtrend,downtrend_medium
2024-10-31,24349.849609375,24372.44921875,24172.599609375,24205.349609375,oos,0.095829491730758,low,24707.48740234375,25103.436953125,24707.48740234375,downtrend,downtrend_low
2024-11-01,24302.75,24368.25,24280.19921875,24304.349609375,oos,0.09421805133561863,low,24671.97490234375,25093.2939453125,24671.97490234375,downtrend,downtrend_low
2024-11-04,24315.75,24316.75,23816.150390625,23995.349609375,oos,0.09922535948088618,low,24631.9548828125,25076.7379296875,24631.9548828125,downtrend,downtrend_low
2024-11-05,23916.5,24229.05078125,23842.75,24213.30078125,oos,0.09966865823212105,low,24591.96240234375,25060.791953125,24591.96240234375,downtrend,downtrend_low
2024-11-06,24308.75,24537.599609375,24204.05078125,24484.05078125,oos,0.10953648880232009,medium,24567.06748046875,25050.11796875,24567.06748046875,downtrend,downtrend_medium
2024-11-07,24489.599609375,24503.349609375,24179.05078125,24199.349609375,oos,0.11560740039173528,medium,24527.1125,25033.05796875,24527.1125,downtrend,downtrend_medium
2024-11-08,24207.69921875,24276.150390625,24066.650390625,24148.19921875,oos,0.11561804024819072,medium,24486.3099609375,25012.98296875,24486.3099609375,downtrend,downtrend_medium
2024-11-11,24087.25,24336.80078125,24004.599609375,24141.30078125,oos,0.11167116667852911,medium,24436.9775390625,24991.0909765625,24436.9775390625,downtrend,downtrend_medium
2024-11-12,24225.80078125,24242.0,23839.150390625,23883.44921875,oos,0.11586587948444585,medium,24378.28251953125,24963.1859765625,24378.28251953125,downtrend,downtrend_medium
2024-11-13,23822.44921875,23873.599609375,23509.599609375,23559.05078125,oos,0.12251048385788164,high,24307.67001953125,24928.77,24307.67001953125,downtrend,downtrend_high
2024-11-14,23542.150390625,23675.900390625,23484.150390625,23532.69921875,oos,0.12055782241025882,high,24246.8125,24895.45,24246.8125,downtrend,downtrend_high
2024-11-18,23605.30078125,23606.80078125,23350.400390625,23453.80078125,oos,0.11794301597171174,medium,24176.8,24861.6240234375,24176.8,downtrend,downtrend_medium
2024-11-19,23529.55078125,23780.650390625,23464.80078125,23518.5,oos,0.11962035452439591,medium,24113.67001953125,24834.951015625,24113.67001953125,downtrend,downtrend_medium
2024-11-21,23488.44921875,23507.30078125,23263.150390625,23349.900390625,oos,0.11520936920696515,medium,24057.56005859375,24803.221015625,24057.56005859375,downtrend,downtrend_medium
2024-11-22,23411.80078125,23956.099609375,23359.0,23907.25,oos,0.14810146922400666,high,24031.14755859375,24780.5440234375,24031.14755859375,downtrend,downtrend_high
2024-11-25,24253.55078125,24351.55078125,24135.44921875,24221.900390625,oos,0.15642422123189778,high,24022.27255859375,24766.613046875,24022.27255859375,uptrend,uptrend_high
2024-11-26,24343.30078125,24343.30078125,24125.400390625,24194.5,oos,0.15312256850700287,high,24022.95751953125,24742.7250390625,24022.95751953125,uptrend,uptrend_high
2024-11-27,24204.80078125,24354.55078125,24145.650390625,24274.900390625,oos,0.15173497168445163,high,24019.74501953125,24721.093046875,24019.74501953125,uptrend,uptrend_high
2024-11-28,24274.150390625,24345.75,23873.349609375,23914.150390625,oos,0.15897173509704285,high,23992.11005859375,24691.7010546875,23992.11005859375,downtrend,downtrend_high
2024-11-29,23927.150390625,24188.44921875,23927.150390625,24131.099609375,oos,0.16214357699788037,high,23981.62255859375,24665.95203125,23981.62255859375,uptrend,uptrend_high
2024-12-02,24140.849609375,24301.69921875,24008.650390625,24276.05078125,oos,0.16244047913688484,high,23985.1576171875,24643.92203125,23985.1576171875,uptrend,uptrend_high
2024-12-03,24367.5,24481.349609375,24280.0,24457.150390625,oos,0.1639455857244115,high,23992.79765625,24624.7490234375,23992.79765625,uptrend,uptrend_high
2024-12-04,24488.75,24573.19921875,24366.30078125,24467.44921875,oos,0.15651015099742083,high,24016.40263671875,24598.2790234375,24016.40263671875,uptrend,uptrend_high
2024-12-05,24539.150390625,24857.75,24295.55078125,24708.400390625,oos,0.15705525529633313,high,24041.1576171875,24573.666015625,24041.1576171875,uptrend,uptrend_high
2024-12-06,24729.44921875,24751.05078125,24620.5,24677.80078125,oos,0.15256123083255052,high,24050.8451171875,24548.4140234375,24050.8451171875,uptrend,uptrend_high
2024-12-09,24633.900390625,24705.0,24580.05078125,24619.0,oos,0.14626285610326833,high,24071.82763671875,24520.711015625,24071.82763671875,uptrend,uptrend_high
2024-12-10,24652.650390625,24677.80078125,24510.650390625,24610.05078125,oos,0.14591605439605265,high,24094.92021484375,24488.591015625,24094.92021484375,uptrend,uptrend_high
2024-12-11,24620.5,24691.75,24583.849609375,24641.80078125,oos,0.14584085623299975,high,24119.94521484375,24457.848046875,24119.94521484375,uptrend,uptrend_high
2024-12-12,24604.44921875,24675.25,24527.94921875,24548.69921875,oos,0.1404240563579759,high,24153.20771484375,24432.6050390625,24153.20771484375,uptrend,uptrend_high
2024-12-13,24498.349609375,24792.30078125,24180.80078125,24768.30078125,oos,0.13097049029581856,medium,24213.67021484375,24412.033046875,24213.67021484375,uptrend,uptrend_medium
2024-12-16,24753.400390625,24781.25,24601.75,24668.25,oos,0.13245409686824364,medium,24270.44775390625,24400.3960546875,24270.44775390625,uptrend,uptrend_medium
2024-12-17,24584.80078125,24624.099609375,24303.44921875,24336.0,oos,0.14274112895481736,high,24314.55771484375,24386.8240625,24314.55771484375,uptrend,uptrend_high
2024-12-18,24297.94921875,24394.44921875,24149.849609375,24198.849609375,oos,0.14515033594851884,high,24348.5751953125,24374.8860546875,24348.5751953125,downtrend,downtrend_high
2024-12-19,23877.150390625,24004.900390625,23870.30078125,23951.69921875,oos,0.14792832735524325,high,24378.66513671875,24353.65703125,24378.66513671875,downtrend,downtrend_high
2024-12-20,23960.69921875,24065.80078125,23537.349609375,23587.5,oos,0.13320039340257983,medium,24362.67763671875,24325.768046875,24362.67763671875,downtrend,downtrend_medium
2024-12-23,23738.19921875,23869.55078125,23647.19921875,23753.44921875,oos,0.126382753960975,medium,24339.255078125,24300.868046875,24339.255078125,downtrend,downtrend_medium
2024-12-24,23769.099609375,23867.650390625,23685.150390625,23727.650390625,oos,0.12638197749730093,medium,24315.91259765625,24276.1360546875,24315.91259765625,downtrend,downtrend_medium
2024-12-26,23775.80078125,23854.5,23653.599609375,23750.19921875,oos,0.1255977620889931,medium,24289.6775390625,24248.5810546875,24289.6775390625,downtrend,downtrend_medium
2024-12-27,23801.400390625,23938.849609375,23800.599609375,23813.400390625,oos,0.11502017141431467,medium,24284.6400390625,24223.7020703125,24284.6400390625,downtrend,downtrend_medium
2024-12-30,23796.900390625,23915.349609375,23599.30078125,23644.900390625,oos,0.1120245373157851,medium,24260.330078125,24197.1740625,24260.330078125,downtrend,downtrend_medium
2024-12-31,23560.599609375,23689.849609375,23460.44921875,23644.80078125,oos,0.1090347064747769,medium,24228.767578125,24175.0730859375,24228.767578125,downtrend,downtrend_medium
2025-01-01,23637.650390625,23822.80078125,23562.80078125,23742.900390625,oos,0.10610289677472881,medium,24193.055078125,24152.850078125,24193.055078125,downtrend,downtrend_medium
2025-01-02,23783.0,24226.69921875,23751.55078125,24188.650390625,oos,0.1281306512720733,medium,24179.11513671875,24141.00109375,24179.11513671875,uptrend,uptrend_medium
2025-01-03,24196.400390625,24196.44921875,23976.0,24004.75,oos,0.12427806866067087,medium,24143.9326171875,24131.6541015625,24143.9326171875,downtrend,downtrend_medium
2025-01-06,24045.80078125,24089.94921875,23551.900390625,23616.05078125,oos,0.13488110997680577,medium,24090.8451171875,24115.2651171875,24090.8451171875,downtrend,downtrend_medium
2025-01-07,23679.900390625,23795.19921875,23637.80078125,23707.900390625,oos,0.1365718811482517,high,24045.29013671875,24101.4351171875,24045.29013671875,downtrend,downtrend_high
2025-01-08,23746.650390625,23751.849609375,23496.150390625,23688.94921875,oos,0.1365177745495545,high,23999.23505859375,24091.5980859375,23999.23505859375,downtrend,downtrend_high
2025-01-09,23674.75,23689.5,23503.05078125,23526.5,oos,0.13707839647292872,high,23943.47001953125,24075.345078125,23943.47001953125,downtrend,downtrend_high
2025-01-10,23551.900390625,23596.599609375,23344.349609375,23431.5,oos,0.13711921027062654,high,23887.61005859375,24054.6380859375,23887.61005859375,downtrend,downtrend_high
2025-01-13,23195.400390625,23340.94921875,23047.25,23085.94921875,oos,0.13716002402456423,high,23803.49248046875,24029.540078125,23803.49248046875,downtrend,downtrend_high
2025-01-14,23165.900390625,23264.94921875,23134.150390625,23176.05078125,oos,0.13960245726059334,high,23728.88251953125,24008.9541015625,23728.88251953125,downtrend,downtrend_high
2025-01-15,23250.44921875,23293.650390625,23146.44921875,23213.19921875,oos,0.1348959856028375,medium,23672.74248046875,23987.13109375,23672.74248046875,downtrend,downtrend_medium
2025-01-16,23377.25,23391.650390625,23272.05078125,23311.80078125,oos,0.1362338248629669,medium,23628.3900390625,23973.4601171875,23628.3900390625,downtrend,downtrend_medium
2025-01-17,23277.099609375,23292.099609375,23100.349609375,23203.19921875,oos,0.13309116086795264,medium,23590.9650390625,23953.2580859375,23590.9650390625,downtrend,downtrend_medium
2025-01-20,23290.400390625,23391.099609375,23170.650390625,23344.75,oos,0.12536680571260597,medium,23578.8275390625,23930.4720703125,23578.8275390625,downtrend,downtrend_medium
2025-01-21,23421.650390625,23426.30078125,22976.849609375,23024.650390625,oos,0.13038508142887748,medium,23542.38759765625,23906.9780859375,23542.38759765625,downtrend,downtrend_medium
2025-01-22,23099.150390625,23169.55078125,22981.30078125,23155.349609375,oos,0.13287288794364482,medium,23513.77255859375,23887.12109375,23513.77255859375,downtrend,downtrend_medium
2025-01-23,23128.30078125,23270.80078125,23090.650390625,23205.349609375,oos,0.13319969021837846,medium,23486.530078125,23868.4020703125,23486.530078125,downtrend,downtrend_medium
2025-01-24,23183.900390625,23347.30078125,23050.0,23092.19921875,oos,0.13304409515260857,medium,23450.47001953125,23852.5770703125,23450.47001953125,downtrend,downtrend_medium
2025-01-27,22940.150390625,23007.44921875,22786.900390625,22829.150390625,oos,0.1362838788208778,medium,23409.68251953125,23837.9790625,23409.68251953125,downtrend,downtrend_medium
2025-01-28,22960.44921875,23137.94921875,22857.650390625,22957.25,oos,0.13865794624494188,high,23375.30498046875,23826.470078125,23375.30498046875,downtrend,downtrend_high
2025-01-29,23026.75,23183.349609375,22976.5,23163.099609375,oos,0.14224094641952809,high,23346.31494140625,23820.6560546875,23346.31494140625,downtrend,downtrend_high
2025-01-30,23169.5,23322.05078125,23139.19921875,23249.5,oos,0.12294057143736198,medium,23299.357421875,23815.2760546875,23299.357421875,downtrend,downtrend_medium
2025-01-31,23296.75,23546.80078125,23277.400390625,23508.400390625,oos,0.1293389820855725,medium,23274.53994140625,23818.4460546875,23274.53994140625,uptrend,uptrend_medium
2025-02-01,23528.599609375,23632.44921875,23318.30078125,23482.150390625,oos,0.11628279526138391,medium,23267.844921875,23809.9440625,23267.844921875,uptrend,uptrend_medium
2025-02-03,23319.349609375,23381.599609375,23222.0,23361.05078125,oos,0.11643648317840381,medium,23250.50244140625,23792.7270703125,23250.50244140625,uptrend,uptrend_medium
2025-02-04,23509.900390625,23762.75,23423.150390625,23739.25,oos,0.13097400133370898,medium,23253.01748046875,23783.6220703125,23253.01748046875,uptrend,uptrend_medium
2025-02-05,23801.75,23807.30078125,23680.44921875,23696.30078125,oos,0.12860187966662445,medium,23261.50751953125,23772.050078125,23261.50751953125,uptrend,uptrend_medium
2025-02-06,23761.94921875,23773.55078125,23556.25,23603.349609375,oos,0.12854981256554665,medium,23270.1,23765.8340625,23270.1,uptrend,uptrend_medium
2025-02-07,23649.5,23694.5,23443.19921875,23559.94921875,oos,0.11592708904383703,medium,23293.8,23754.4110546875,23293.8,uptrend,uptrend_medium
2025-02-10,23543.80078125,23568.599609375,23316.30078125,23381.599609375,oos,0.11927676613893676,medium,23304.07744140625,23736.52203125,23304.07744140625,uptrend,uptrend_medium
2025-02-11,23383.55078125,23390.05078125,22986.650390625,23071.80078125,oos,0.12868379454038134,medium,23297.00751953125,23708.8150390625,23297.00751953125,downtrend,downtrend_medium
2025-02-12,23050.80078125,23144.69921875,22798.349609375,23045.25,oos,0.12758990831428765,medium,23283.67998046875,23680.3710546875,23283.67998046875,downtrend,downtrend_medium
2025-02-13,23055.75,23235.5,22992.19921875,23031.400390625,oos,0.12666402975666968,medium,23275.0900390625,23646.8310546875,23275.0900390625,downtrend,downtrend_medium
2025-02-14,23096.44921875,23133.69921875,22774.849609375,22929.25,oos,0.12506835183547285,medium,23254.3150390625,23611.8600390625,23254.3150390625,downtrend,downtrend_medium
2025-02-17,22809.900390625,22974.19921875,22725.44921875,22959.5,oos,0.11561917337339997,medium,23251.05751953125,23578.6700390625,23251.05751953125,downtrend,downtrend_medium
2025-02-18,22963.650390625,22992.5,22801.5,22945.30078125,oos,0.11357711007612015,medium,23240.555078125,23545.3750390625,23240.555078125,downtrend,downtrend_medium
2025-02-19,22847.25,23049.94921875,22814.849609375,22932.900390625,oos,0.1131639239906409,medium,23226.9326171875,23511.19703125,23226.9326171875,downtrend,downtrend_medium
2025-02-20,22821.099609375,22923.849609375,22812.75,22913.150390625,oos,0.11202759924924986,medium,23217.98017578125,23478.4860546875,23217.98017578125,downtrend,downtrend_medium
2025-02-21,22857.19921875,22921.0,22720.30078125,22795.900390625,oos,0.10588283322698676,low,23216.31767578125,23439.038046875,23216.31767578125,downtrend,downtrend_low
2025-02-24,22609.349609375,22668.05078125,22518.80078125,22553.349609375,oos,0.10998929528743381,medium,23196.12265625,23396.7400390625,23196.12265625,downtrend,downtrend_medium
2025-02-25,22516.44921875,22625.30078125,22513.900390625,22547.55078125,oos,0.10375088951167478,low,23165.34521484375,23360.9710546875,23165.34521484375,downtrend,downtrend_low
2025-02-27,22568.94921875,22613.30078125,22508.400390625,22545.05078125,oos,0.10215200816533333,low,23130.12275390625,23327.895078125,23130.12275390625,downtrend,downtrend_low
2025-02-28,22433.400390625,22450.349609375,22104.849609375,22124.69921875,oos,0.10776854525507433,medium,23060.9376953125,23291.355078125,23060.9376953125,downtrend,downtrend_medium
2025-03-03,22194.55078125,22261.55078125,22004.69921875,22119.30078125,oos,0.10801575269183283,medium,22992.79521484375,23261.99109375,22992.79521484375,downtrend,downtrend_medium
2025-03-04,21974.44921875,22105.05078125,21964.599609375,22082.650390625,oos,0.10778707570641669,medium,22928.8751953125,23228.5751171875,22928.8751953125,downtrend,downtrend_medium
2025-03-05,22073.05078125,22394.900390625,22067.80078125,22337.30078125,oos,0.09770751032354351,low,22858.777734375,23200.768125,22858.777734375,downtrend,downtrend_low
2025-03-06,22476.349609375,22556.44921875,22245.849609375,22544.69921875,oos,0.10702390821060766,medium,22801.19765625,23176.658125,22801.19765625,downtrend,downtrend_medium
2025-03-07,22508.650390625,22633.80078125,22464.75,22552.5,oos,0.10732562786681439,medium,22748.65517578125,23151.4401171875,22748.65517578125,downtrend,downtrend_medium
2025-03-10,22521.849609375,22676.75,22429.05078125,22460.30078125,oos,0.10750741294724162,medium,22693.67275390625,23127.748125,22693.67275390625,downtrend,downtrend_medium
2025-03-11,22345.94921875,22522.099609375,22314.69921875,22497.900390625,oos,0.10657519328032308,medium,22649.48779296875,23104.8101171875,22649.48779296875,downtrend,downtrend_medium
2025-03-12,22536.349609375,22577.400390625,22329.55078125,22470.5,oos,0.09777987982344598,low,22619.42275390625,23079.362109375,22619.42275390625,downtrend,downtrend_low
2025-03-13,22541.5,22558.05078125,22377.349609375,22397.19921875,oos,0.09802364082503871,low,22587.02021484375,23043.5330859375,22587.02021484375,downtrend,downtrend_low
2025-03-17,22353.150390625,22577.0,22353.150390625,22508.75,oos,0.10060072875970681,low,22560.8876953125,23013.6130859375,22560.8876953125,downtrend,downtrend_low
2025-03-18,22662.25,22857.80078125,22599.19921875,22834.30078125,oos,0.11385368788112386,medium,22556.140234375,22997.9780859375,22556.140234375,uptrend,uptrend_medium
2025-03-19,22874.94921875,22940.69921875,22807.94921875,22907.599609375,oos,0.11438117093882988,medium,22553.54521484375,22981.9720703125,22553.54521484375,uptrend,uptrend_medium
2025-03-20,23036.599609375,23216.69921875,22973.94921875,23190.650390625,oos,0.12256322202620436,medium,22565.8126953125,22972.00609375,22565.8126953125,uptrend,uptrend_medium
2025-03-21,23168.25,23402.69921875,23132.80078125,23350.400390625,oos,0.12449989390447638,medium,22586.6876953125,22968.4841015625,22586.6876953125,uptrend,uptrend_medium
2025-03-24,23515.400390625,23708.75,23433.5,23658.349609375,oos,0.13160199993321164,medium,22623.94765625,22973.02109375,22623.94765625,uptrend,uptrend_medium
2025-03-25,23751.5,23869.599609375,23601.400390625,23668.650390625,oos,0.12927937517059432,medium,22667.58515625,22984.6751171875,22667.58515625,uptrend,uptrend_medium
2025-03-26,23700.94921875,23736.5,23451.69921875,23486.849609375,oos,0.12585012131571213,medium,22714.26015625,22990.89109375,22714.26015625,uptrend,uptrend_medium
2025-03-27,23433.94921875,23646.44921875,23412.19921875,23591.94921875,oos,0.12581559451546284,medium,22766.480078125,22998.46609375,22766.480078125,uptrend,uptrend_medium
2025-03-28,23600.400390625,23649.19921875,23450.19921875,23519.349609375,oos,0.1270033979902471,medium,22815.19501953125,23002.6170703125,22815.19501953125,uptrend,uptrend_medium
2025-04-01,23341.099609375,23565.150390625,23136.400390625,23165.69921875,oos,0.11959795465866399,medium,22867.24501953125,23001.8670703125,22867.24501953125,uptrend,uptrend_medium
2025-04-02,23192.599609375,23350.0,23158.44921875,23332.349609375,oos,0.12038760522692336,medium,22927.8974609375,23001.6190625,22927.8974609375,uptrend,uptrend_medium
2025-04-03,23150.30078125,23306.5,23145.80078125,23250.099609375,oos,0.12146228109569307,medium,22986.269921875,23006.128046875,22986.269921875,uptrend,uptrend_medium
2025-04-04,23190.400390625,23214.69921875,22857.44921875,22904.44921875,oos,0.13146906189827784,medium,23014.62734375,23001.1100390625,23014.62734375,downtrend,downtrend_medium
2025-04-07,21758.400390625,22254.0,21743.650390625,22161.599609375,oos,0.17424686603788364,high,22995.47236328125,22980.2350390625,22995.47236328125,downtrend,downtrend_high
2025-04-08,22446.75,22697.19921875,22270.849609375,22535.849609375,oos,0.1852345787003945,high,22994.63984375,22969.108046875,22994.63984375,downtrend,downtrend_high
2025-04-09,22460.30078125,22468.69921875,22353.25,22399.150390625,oos,0.18594912473379224,high,22991.58232421875,22960.508046875,22991.58232421875,downtrend,downtrend_high
2025-04-11,22695.400390625,22923.900390625,22695.400390625,22828.55078125,oos,0.19810085189760962,high,23008.11484375,22957.9340625,23008.11484375,downtrend,downtrend_high
2025-04-15,23368.349609375,23368.349609375,23207.0,23328.55078125,oos,0.21151624851244696,high,23051.0173828125,22961.2430859375,23051.0173828125,uptrend,uptrend_high
2025-04-16,23344.099609375,23452.19921875,23273.05078125,23437.19921875,oos,0.2107897044637973,high,23103.0173828125,22964.9970703125,23103.0173828125,uptrend,uptrend_high
2025-04-17,23401.849609375,23872.349609375,23298.55078125,23851.650390625,oos,0.21760011246577396,high,23170.16240234375,22971.8620703125,23170.16240234375,uptrend,uptrend_high
2025-04-21,23949.150390625,24189.55078125,23903.650390625,24125.55078125,oos,0.21576585612946797,high,23234.72490234375,22984.730078125,23234.72490234375,uptrend,uptrend_high
2025-04-22,24185.400390625,24242.599609375,24072.0,24167.25,oos,0.21579645918517254,high,23297.707421875,23000.8540625,23297.707421875,uptrend,uptrend_high
2025-04-23,24357.599609375,24359.30078125,24119.94921875,24328.94921875,oos,0.21338143349347083,high,23354.62236328125,23012.648046875,23354.62236328125,uptrend,uptrend_high
2025-04-24,24277.900390625,24347.849609375,24216.150390625,24246.69921875,oos,0.21368398896656385,high,23399.4373046875,23023.656015625,23399.4373046875,uptrend,uptrend_high
2025-04-25,24289.0,24365.44921875,23847.849609375,24039.349609375,oos,0.2124793141742475,high,23418.4873046875,23032.376015625,23418.4873046875,uptrend,uptrend_high
2025-04-28,24070.25,24355.099609375,24054.05078125,24328.5,oos,0.21610808989239652,high,23451.47978515625,23047.74703125,23451.47978515625,uptrend,uptrend_high
2025-04-29,24370.69921875,24457.650390625,24290.75,24335.94921875,oos,0.21346877109709414,high,23493.934765625,23066.8340234375,23493.934765625,uptrend,uptrend_high
2025-04-30,24342.05078125,24396.150390625,24198.75,24334.19921875,oos,0.21334115393539144,high,23531.047265625,23092.0819921875,23531.047265625,uptrend,uptrend_high
2025-05-02,24311.900390625,24589.150390625,24238.5,24346.69921875,oos,0.21266861928967626,high,23572.41474609375,23118.1109765625,23572.41474609375,uptrend,uptrend_high
2025-05-05,24419.5,24526.400390625,24400.650390625,24461.150390625,oos,0.20325664928008558,high,23637.1873046875,23146.7059765625,23637.1873046875,uptrend,uptrend_high
2025-05-06,24500.75,24509.650390625,24331.80078125,24379.599609375,oos,0.20367487832470876,high,23689.5498046875,23175.71296875,23689.5498046875,uptrend,uptrend_high
2025-05-07,24233.30078125,24449.599609375,24220.0,24414.400390625,oos,0.20255952817352402,high,23747.76484375,23204.8109765625,23747.76484375,uptrend,uptrend_high
2025-05-08,24431.5,24447.25,24150.19921875,24273.80078125,oos,0.1946126899569149,high,23816.232421875,23231.3809765625,23816.232421875,uptrend,uptrend_high
2025-05-09,23935.75,24164.25,23935.75,24008.0,oos,0.15332821016448134,high,23908.55244140625,23252.88296875,23908.55244140625,uptrend,uptrend_high
2025-05-12,24420.099609375,24944.80078125,24378.849609375,24924.69921875,oos,0.19098072233984983,high,24027.994921875,23293.1139453125,24027.994921875,uptrend,uptrend_high
2025-05-13,24864.05078125,24973.80078125,24547.5,24578.349609375,oos,0.19891970173708462,high,24136.9548828125,23328.7629296875,24136.9548828125,uptrend,uptrend_high
2025-05-14,24613.80078125,24767.55078125,24535.55078125,24666.900390625,oos,0.19146304859448157,high,24228.87236328125,23371.0339453125,24228.87236328125,uptrend,uptrend_high
2025-05-15,24694.44921875,25116.25,24494.44921875,25062.099609375,oos,0.18518377306886313,high,24315.5498046875,23421.324921875,24315.5498046875,uptrend,uptrend_high
2025-05-16,25064.650390625,25070.0,24953.05078125,25019.80078125,oos,0.18609533037851556,high,24394.6798828125,23470.819921875,24394.6798828125,uptrend,uptrend_high
2025-05-19,25005.349609375,25062.94921875,24916.650390625,24945.44921875,oos,0.17929459400481426,high,24449.36982421875,23527.234921875,24449.36982421875,uptrend,uptrend_high
2025-05-20,24996.19921875,25010.349609375,24669.69921875,24683.900390625,oos,0.181323666721894,high,24477.2873046875,23578.5269140625,24477.2873046875,uptrend,uptrend_high
2025-05-21,24744.25,24946.19921875,24685.349609375,24813.44921875,oos,0.18188782275301257,high,24509.597265625,23633.142890625,24509.597265625,uptrend,uptrend_high
2025-05-22,24733.94921875,24737.5,24462.400390625,24609.69921875,oos,0.18380053532568832,high,24523.634765625,23678.590859375,24523.634765625,uptrend,uptrend_high
2025-05-23,24639.5,24909.05078125,24614.05078125,24853.150390625,oos,0.1859784837078804,high,24553.95732421875,23724.7598828125,24553.95732421875,uptrend,uptrend_high
2025-05-26,24919.349609375,25079.19921875,24900.5,25001.150390625,oos,0.18288917149144077,high,24602.04736328125,23773.732890625,24602.04736328125,uptrend,uptrend_high
2025-05-27,24956.650390625,25062.900390625,24704.099609375,24826.19921875,oos,0.18155250208303156,high,24626.93232421875,23821.050859375,24626.93232421875,uptrend,uptrend_high
2025-05-28,24832.5,24864.25,24737.05078125,24752.44921875,oos,0.18210814940628914,high,24647.75732421875,23866.1418359375,24647.75732421875,uptrend,uptrend_high
2025-05-29,24825.099609375,24892.599609375,24677.30078125,24833.599609375,oos,0.18225669223583946,high,24672.72734375,23913.403828125,24672.72734375,uptrend,uptrend_high
2025-05-30,24812.599609375,24863.94921875,24717.400390625,24750.69921875,oos,0.1829265331030091,high,24692.92734375,23960.473828125,24692.92734375,uptrend,uptrend_high
2025-06-02,24669.69921875,24754.400390625,24526.150390625,24716.599609375,oos,0.18251703174731973,high,24705.6998046875,24004.6308203125,24705.6998046875,uptrend,uptrend_high
2025-06-03,24786.30078125,24845.099609375,24502.150390625,24542.5,oos,0.18404132458196407,high,24713.84482421875,24038.7948046875,24713.84482421875,downtrend,downtrend_high
2025-06-04,24560.44921875,24644.25,24530.44921875,24620.19921875,oos,0.184273853642922,high,24724.134765625,24073.046796875,24724.134765625,downtrend,downtrend_high
2025-06-05,24691.19921875,24899.849609375,24613.099609375,24750.900390625,oos,0.1834877521565106,high,24747.98974609375,24104.251796875,24747.98974609375,uptrend,uptrend_high
2025-06-06,24748.69921875,25029.5,24671.44921875,25003.05078125,oos,0.180489871697678,high,24797.74228515625,24137.3048046875,24797.74228515625,uptrend,uptrend_high
2025-06-09,25160.099609375,25160.099609375,25077.150390625,25103.19921875,oos,0.12072892351481584,medium,24806.66728515625,24166.201796875,24806.66728515625,uptrend,uptrend_medium
2025-06-10,25196.05078125,25199.30078125,25055.44921875,25104.25,oos,0.10836761509372565,low,24832.9623046875,24194.9137890625,24832.9623046875,uptrend,uptrend_low
2025-06-11,25134.150390625,25222.400390625,25081.30078125,25141.400390625,oos,0.10797373007699582,low,24856.6873046875,24228.0048046875,24856.6873046875,uptrend,uptrend_low
2025-06-12,25164.44921875,25196.19921875,24825.900390625,24888.19921875,oos,0.09910841921665241,low,24847.99228515625,24253.9298046875,24847.99228515625,uptrend,uptrend_low
2025-06-13,24473.0,24754.349609375,24473.0,24718.599609375,oos,0.10167767390305961,low,24832.9322265625,24277.9148046875,24832.9322265625,downtrend,downtrend_low
2025-06-16,24732.349609375,24967.099609375,24703.599609375,24946.5,oos,0.10695588549955297,low,24832.984765625,24313.5308203125,24832.984765625,uptrend,uptrend_low
2025-06-17,24977.849609375,24982.05078125,24813.69921875,24853.400390625,oos,0.1006566559501766,low,24841.459765625,24343.9518359375,24841.459765625,uptrend,uptrend_low
2025-06-18,24788.349609375,24947.55078125,24750.44921875,24812.05078125,oos,0.09918522728925247,low,24841.38984375,24375.190859375,24841.38984375,downtrend,downtrend_low
2025-06-19,24803.25,24863.099609375,24733.400390625,24793.25,oos,0.09439865821183276,low,24850.5673828125,24412.966875,24850.5673828125,downtrend,downtrend_low
2025-06-20,24787.650390625,25136.19921875,24783.650390625,25112.400390625,oos,0.098864946426567,low,24863.5298828125,24471.982890625,24863.5298828125,uptrend,uptrend_low
2025-06-23,24939.75,25057.0,24824.849609375,24971.900390625,oos,0.09897115107469165,low,24862.0673828125,24520.70390625,24862.0673828125,uptrend,uptrend_low
2025-06-24,25179.900390625,25317.69921875,24999.69921875,25044.349609375,oos,0.0959322731606658,low,24872.97490234375,24573.607890625,24872.97490234375,uptrend,uptrend_low
2025-06-25,25150.349609375,25266.80078125,25125.05078125,25244.75,oos,0.09860505130133172,low,24897.58994140625,24621.931875,24897.58994140625,uptrend,uptrend_low
2025-06-26,25268.94921875,25565.30078125,25259.900390625,25549.0,oos,0.10593535962918271,low,24933.3599609375,24666.340859375,24933.3599609375,uptrend,uptrend_low
2025-06-27,25576.650390625,25654.19921875,25523.55078125,25637.80078125,oos,0.10461007255173024,low,24977.7150390625,24710.352890625,24977.7150390625,uptrend,uptrend_low
2025-06-30,25661.650390625,25669.349609375,25473.30078125,25517.05078125,oos,0.10659514244327219,low,25017.73759765625,24743.6608984375,25017.73759765625,uptrend,uptrend_low
2025-07-01,25551.349609375,25593.400390625,25501.80078125,25541.80078125,oos,0.10164044821747154,low,25067.70263671875,24771.9858984375,25067.70263671875,uptrend,uptrend_low
2025-07-02,25588.30078125,25608.099609375,25378.75,25453.400390625,oos,0.10335446941142752,low,25109.3626953125,24797.70890625,25109.3626953125,uptrend,uptrend_low
2025-07-03,25505.099609375,25587.5,25384.349609375,25405.30078125,oos,0.10316597348361711,low,25142.08271484375,24819.2359375,25142.08271484375,uptrend,uptrend_low
2025-07-04,25428.849609375,25470.25,25331.650390625,25461.0,oos,0.09782229911691337,low,25164.98017578125,24843.521953125,25164.98017578125,uptrend,uptrend_low
2025-07-07,25450.44921875,25489.80078125,25407.25,25461.30078125,oos,0.09717986199532655,low,25182.88525390625,24871.9609765625,25182.88525390625,uptrend,uptrend_low
2025-07-08,25427.849609375,25548.05078125,25424.150390625,25522.5,oos,0.09732077060926346,low,25203.79775390625,24895.8409765625,25203.79775390625,uptrend,uptrend_low
2025-07-09,25514.599609375,25548.69921875,25424.349609375,25476.099609375,oos,0.09773828552000383,low,25220.53271484375,24918.643984375,25220.53271484375,uptrend,uptrend_low
2025-07-10,25511.650390625,25524.05078125,25340.44921875,25355.25,oos,0.09160321009148502,low,25243.88525390625,24939.065,25243.88525390625,uptrend,uptrend_low
2025-07-11,25255.5,25322.44921875,25129.0,25149.849609375,oos,0.09314942675796728,low,25265.44775390625,24955.1280078125,25265.44775390625,downtrend,downtrend_low
2025-07-14,25149.5,25151.099609375,25001.94921875,25082.30078125,oos,0.08848415182643522,low,25272.23779296875,24967.551015625,25272.23779296875,downtrend,downtrend_low
2025-07-15,25089.5,25245.19921875,25088.44921875,25195.80078125,oos,0.08836519443179923,low,25289.3578125,24983.8750390625,25289.3578125,downtrend,downtrend_low
2025-07-16,25196.599609375,25255.30078125,25121.05078125,25212.05078125,oos,0.08792534882270119,low,25309.3578125,24999.828046875,25309.3578125,downtrend,downtrend_low
2025-07-17,25230.75,25238.349609375,25101.0,25111.44921875,oos,0.08942781723386216,low,25325.2677734375,25016.581015625,25325.2677734375,downtrend,downtrend_low
2025-07-18,25108.55078125,25144.599609375,24918.650390625,24968.400390625,oos,0.0795168748309876,low,25318.0677734375,25035.7890234375,25318.0677734375,downtrend,downtrend_low
2025-07-21,24999.0,25111.400390625,24882.30078125,25090.69921875,oos,0.07892824773714913,low,25324.00771484375,25039.1090234375,25324.00771484375,downtrend,downtrend_low
2025-07-22,25166.650390625,25182.0,25035.55078125,25060.900390625,oos,0.07843891612188729,low,25324.83525390625,25048.7600390625,25324.83525390625,downtrend,downtrend_low
2025-07-23,25139.349609375,25233.5,25085.5,25219.900390625,oos,0.07640327075786721,low,25323.5927734375,25059.8200390625,25323.5927734375,downtrend,downtrend_low
2025-07-24,25243.30078125,25246.25,25018.69921875,25062.099609375,oos,0.06472512269734279,low,25299.24775390625,25059.8200390625,25299.24775390625,downtrend,downtrend_low
2025-07-25,25010.349609375,25010.349609375,24806.349609375,24837.0,oos,0.06841780867735066,low,25259.20771484375,25056.1640234375,25259.20771484375,downtrend,downtrend_low
2025-07-28,24782.44921875,24889.19921875,24646.599609375,24680.900390625,oos,0.0695928996886096,low,25217.4001953125,25050.873046875,25217.4001953125,downtrend,downtrend_low
2025-07-29,24609.650390625,24847.150390625,24598.599609375,24821.099609375,oos,0.07382947115560125,low,25181.36513671875,25053.61703125,25181.36513671875,downtrend,downtrend_low
2025-07-30,24890.400390625,24902.30078125,24771.94921875,24855.05078125,oos,0.0740481848774375,low,25151.44765625,25054.4490625,25151.44765625,downtrend,downtrend_low
2025-07-31,24642.25,24956.5,24635.0,24768.349609375,oos,0.07446808419344873,low,25119.60009765625,25057.6220703125,25119.60009765625,downtrend,downtrend_low
2025-08-01,24734.900390625,24784.150390625,24535.05078125,24565.349609375,oos,0.07716454896889947,low,25074.817578125,25051.8660546875,25074.817578125,downtrend,downtrend_low
2025-08-04,24596.05078125,24736.25,24554.0,24722.75,oos,0.08230036650885184,low,25037.8900390625,25046.298046875,25037.8900390625,downtrend,downtrend_low
2025-08-05,24720.25,24733.099609375,24590.30078125,24649.55078125,oos,0.08115694033783201,low,24994.242578125,25042.765078125,24994.242578125,downtrend,downtrend_low
2025-08-06,24641.349609375,24671.400390625,24539.19921875,24574.19921875,oos,0.08129457113319957,low,24949.14755859375,25039.200078125,24949.14755859375,downtrend,downtrend_low
2025-08-07,24464.19921875,24634.19921875,24344.150390625,24596.150390625,oos,0.08103848509245798,low,24911.192578125,25034.45109375,24911.192578125,downtrend,downtrend_low
2025-08-08,24544.25,24585.5,24337.5,24363.30078125,oos,0.08264203672543964,low,24871.86513671875,25026.703125,24871.86513671875,downtrend,downtrend_low
2025-08-11,24371.5,24600.849609375,24347.44921875,24585.05078125,oos,0.09073575165515216,low,24847.00263671875,25024.0721484375,24847.00263671875,downtrend,downtrend_low
2025-08-12,24563.349609375,24702.599609375,24465.650390625,24487.400390625,oos,0.08888590706226529,low,24811.5826171875,25022.97015625,24811.5826171875,downtrend,downtrend_low
2025-08-13,24586.19921875,24664.55078125,24535.25,24619.349609375,oos,0.09188464018969733,low,24781.94755859375,25022.9531640625,24781.94755859375,downtrend,downtrend_low
2025-08-14,24607.25,24673.650390625,24596.900390625,24631.30078125,oos,0.09143685269424782,low,24757.94013671875,25020.561171875,24757.94013671875,downtrend,downtrend_low
2025-08-18,24938.19921875,25022.0,24852.849609375,24876.94921875,oos,0.09737105084212647,low,24753.367578125,25018.039140625,24753.367578125,uptrend,uptrend_low
2025-08-19,24891.349609375,25012.650390625,24873.94921875,24980.650390625,oos,0.09690113374930645,low,24747.86513671875,25015.5881640625,24747.86513671875,uptrend,uptrend_low
2025-08-20,24965.80078125,25088.69921875,24929.69921875,25050.55078125,oos,0.09739506483017725,low,24747.34765625,25014.5141796875,24747.34765625,uptrend,uptrend_low
2025-08-21,25142.0,25153.650390625,25054.900390625,25083.75,oos,0.09464741362436696,low,24740.54013671875,25013.361171875,24740.54013671875,uptrend,uptrend_low
2025-08-22,25064.150390625,25084.849609375,24859.150390625,24870.099609375,oos,0.09686323530801216,low,24730.94013671875,25012.9991796875,24730.94013671875,uptrend,uptrend_low
2025-08-25,24949.150390625,25021.55078125,24894.349609375,24967.75,oos,0.09236937301379107,low,24737.47763671875,25017.9821875,24737.47763671875,uptrend,uptrend_low
2025-08-26,24899.5,24919.650390625,24689.599609375,24712.05078125,oos,0.09704701155720896,low,24739.03515625,25013.293203125,24739.03515625,downtrend,downtrend_low
2025-08-28,24695.80078125,24702.650390625,24481.599609375,24500.900390625,oos,0.09927119478167488,low,24723.0251953125,25006.243203125,24723.0251953125,downtrend,downtrend_low
2025-08-29,24466.69921875,24572.44921875,24404.69921875,24426.849609375,oos,0.09932227180583306,low,24701.61513671875,24998.5391796875,24701.61513671875,downtrend,downtrend_low
2025-09-01,24432.69921875,24635.599609375,24432.69921875,24625.05078125,oos,0.10367765339355765,low,24694.4501953125,24995.1751953125,24694.4501953125,downtrend,downtrend_low
2025-09-02,24653.0,24756.099609375,24522.349609375,24579.599609375,oos,0.09960930044012713,low,24695.1626953125,24984.5191796875,24695.1626953125,downtrend,downtrend_low
2025-09-03,24616.5,24737.05078125,24533.19921875,24715.05078125,oos,0.09889828664854237,low,24694.777734375,24979.3821875,24694.777734375,uptrend,uptrend_low
2025-09-04,24980.75,24980.75,24708.19921875,24734.30078125,oos,0.09830100819860733,low,24699.015234375,24973.1812109375,24699.015234375,uptrend,uptrend_low
2025-09-05,24818.849609375,24832.349609375,24621.599609375,24741.0,oos,0.09755007713454301,low,24707.3552734375,24963.1062109375,24707.3552734375,uptrend,uptrend_low
2025-09-08,24802.599609375,24885.5,24751.55078125,24773.150390625,oos,0.0975903852698872,low,24716.2052734375,24947.58921875,24716.2052734375,uptrend,uptrend_low
2025-09-09,24864.099609375,24891.80078125,24814.0,24868.599609375,oos,0.09100217579020811,low,24741.47021484375,24932.2051953125,24741.47021484375,uptrend,uptrend_low
2025-09-10,24991.0,25035.69921875,24915.05078125,24973.099609375,oos,0.08681252058217014,low,24760.87265625,24921.326171875,24760.87265625,uptrend,uptrend_low
2025-09-11,24945.5,25037.30078125,24940.150390625,25005.5,oos,0.08496823956588241,low,24786.77763671875,24910.60015625,24786.77763671875,uptrend,uptrend_low
2025-09-12,25074.44921875,25139.44921875,25038.05078125,25114.0,oos,0.08433869440182075,low,24811.51015625,24903.8121484375,24811.51015625,uptrend,uptrend_low
2025-09-15,25118.900390625,25138.44921875,25048.75,25069.19921875,oos,0.08490815170277334,low,24833.405078125,24897.0901171875,24833.405078125,uptrend,uptrend_low
2025-09-16,25073.599609375,25261.400390625,25070.44921875,25239.099609375,oos,0.08104643372985519,low,24851.51259765625,24892.652109375,24851.51259765625,uptrend,uptrend_low
2025-09-17,25276.599609375,25346.5,25275.349609375,25330.25,oos,0.08075704132589621,low,24868.992578125,24890.03109375,24868.992578125,uptrend,uptrend_low
2025-09-18,25441.05078125,25448.94921875,25329.75,25423.599609375,oos,0.08112222173498113,low,24887.64501953125,24888.0530859375,24887.64501953125,uptrend,uptrend_low
2025-09-19,25410.19921875,25428.75,25286.30078125,25327.05078125,oos,0.08266534019175265,low,24899.81005859375,24885.072109375,24899.81005859375,uptrend,uptrend_low
2025-09-22,25238.099609375,25331.69921875,25151.05078125,25202.349609375,oos,0.07833939123093446,low,24916.42255859375,24882.0141015625,24916.42255859375,uptrend,uptrend_low
2025-09-23,25209.0,25261.900390625,25084.650390625,25169.5,oos,0.07765739711431031,low,24926.51005859375,24882.407109375,24926.51005859375,uptrend,uptrend_low
2025-09-24,25108.75,25149.849609375,25027.44921875,25056.900390625,oos,0.0694238754870668,low,24943.7525390625,24881.8991015625,24943.7525390625,uptrend,uptrend_low
2025-09-25,25034.5,25092.69921875,24878.30078125,24890.849609375,oos,0.06629993507155257,low,24963.25,24875.800078125,24963.25,downtrend,downtrend_low
2025-09-26,24818.55078125,24868.599609375,24629.44921875,24654.69921875,oos,0.07468277012138128,low,24974.64248046875,24864.653046875,24974.64248046875,downtrend,downtrend_low
2025-09-29,24728.55078125,24791.30078125,24606.19921875,24634.900390625,oos,0.06908283984838777,low,24975.1349609375,24855.1220703125,24975.1349609375,downtrend,downtrend_low
2025-09-30,24691.94921875,24731.80078125,24587.69921875,24611.099609375,oos,0.06883636688136954,low,24976.7099609375,24847.9760546875,24976.7099609375,downtrend,downtrend_low
2025-10-01,24620.55078125,24867.94921875,24605.94921875,24836.30078125,oos,0.07369096577235972,low,24982.7724609375,24842.8880859375,24982.7724609375,downtrend,downtrend_low
2025-10-03,24759.55078125,24904.80078125,24747.55078125,24894.25,oos,0.07404324839048367,low,24990.769921875,24839.555078125,24990.769921875,downtrend,downtrend_low
2025-10-06,24916.55078125,25095.94921875,24881.650390625,25077.650390625,oos,0.07813624254534167,low,25007.60244140625,24836.710078125,25007.60244140625,uptrend,uptrend_low
2025-10-07,25085.30078125,25220.900390625,25076.30078125,25108.30078125,oos,0.07812869782999667,low,25024.3599609375,24837.6341015625,25024.3599609375,uptrend,uptrend_low
2025-10-08,25079.75,25192.5,25008.5,25046.150390625,oos,0.07795297642091352,low,25033.2375,24841.817109375,25033.2375,uptrend,uptrend_low
2025-10-09,25074.30078125,25199.25,25024.30078125,25181.80078125,oos,0.0788588680959362,low,25043.67255859375,24851.8351171875,25043.67255859375,uptrend,uptrend_low
2025-10-10,25167.650390625,25330.75,25156.849609375,25285.349609375,oos,0.07989654842600548,low,25057.6650390625,24861.1201171875,25057.6650390625,uptrend,uptrend_low
2025-10-13,25177.30078125,25267.30078125,25152.30078125,25227.349609375,oos,0.07921117908579245,low,25063.33251953125,24868.56609375,25063.33251953125,uptrend,uptrend_low
2025-10-14,25277.55078125,25310.349609375,25060.55078125,25145.5,oos,0.07987232491904242,low,25067.14755859375,24876.1091015625,25067.14755859375,uptrend,uptrend_low
2025-10-15,25181.94921875,25365.150390625,25159.349609375,25323.55078125,oos,0.08021223371123933,low,25071.3701171875,24891.273125,25071.3701171875,uptrend,uptrend_low
2025-10-16,25394.900390625,25625.400390625,25376.849609375,25585.30078125,oos,0.08727009657856705,low,25084.12265625,24908.524140625,25084.12265625,uptrend,uptrend_low
2025-10-17,25546.849609375,25781.5,25508.599609375,25709.849609375,oos,0.08793827775164573,low,25098.43515625,24929.7301171875,25098.43515625,uptrend,uptrend_low
2025-10-20,25824.599609375,25926.19921875,25788.5,25843.150390625,oos,0.08779524897370564,low,25124.24013671875,24955.109140625,25124.24013671875,uptrend,uptrend_low
2025-10-21,25901.19921875,25934.349609375,25825.80078125,25868.599609375,oos,0.08494559673496634,low,25157.55263671875,24980.558125,25157.55263671875,uptrend,uptrend_low
2025-10-23,26057.19921875,26104.19921875,25862.44921875,25891.400390625,oos,0.08440326658323846,low,25193.64765625,25011.1201171875,25193.64765625,uptrend,uptrend_low
2025-10-24,25935.099609375,25944.150390625,25718.19921875,25795.150390625,oos,0.08374202933404548,low,25230.56015625,25035.322109375,25230.56015625,uptrend,uptrend_low
2025-10-27,25843.19921875,26005.94921875,25827.0,25966.05078125,oos,0.07987853133662141,low,25284.32021484375,25064.8951171875,25284.32021484375,uptrend,uptrend_low
2025-10-28,25939.94921875,26041.69921875,25810.05078125,25936.19921875,oos,0.0684642655256509,low,25348.39521484375,25091.232109375,25348.39521484375,uptrend,uptrend_low
2025-10-29,25982.0,26097.849609375,25960.30078125,26053.900390625,oos,0.06761925500936158,low,25419.34521484375,25119.6841015625,25419.34521484375,uptrend,uptrend_low
2025-10-30,25984.400390625,26032.05078125,25845.25,25877.849609375,oos,0.07466861378998961,low,25482.68271484375,25139.702109375,25482.68271484375,uptrend,uptrend_low
2025-10-31,25863.80078125,25953.75,25711.19921875,25722.099609375,oos,0.0762101944368531,low,25526.97265625,25154.53109375,25526.97265625,uptrend,uptrend_low
2025-11-03,25696.849609375,25803.099609375,25645.5,25763.349609375,oos,0.07618199919962007,low,25570.42763671875,25168.7870703125,25570.42763671875,uptrend,uptrend_low
2025-11-04,25744.75,25787.400390625,25578.400390625,25597.650390625,oos,0.0783503329305166,low,25596.42763671875,25179.065078125,25596.42763671875,uptrend,uptrend_low
2025-11-06,25593.349609375,25679.150390625,25491.55078125,25509.69921875,oos,0.07993398052892796,low,25616.49755859375,25191.8570703125,25616.49755859375,downtrend,downtrend_low
2025-11-07,25433.80078125,25551.25,25318.44921875,25492.30078125,oos,0.07920798079194961,low,25638.805078125,25202.3480859375,25638.805078125,downtrend,downtrend_low
2025-11-10,25503.5,25653.44921875,25503.5,25574.349609375,oos,0.07791801585743793,low,25658.43251953125,25219.5940625,25658.43251953125,downtrend,downtrend_low
2025-11-11,25617.0,25715.80078125,25449.25,25694.94921875,oos,0.0782884120229905,low,25678.9125,25243.4750390625,25678.9125,uptrend,uptrend_low
2025-11-12,25834.30078125,25934.55078125,25781.150390625,25875.80078125,oos,0.08035388867641444,low,25711.33505859375,25272.4540625,25711.33505859375,uptrend,uptrend_low
2025-11-13,25906.099609375,26010.69921875,25808.400390625,25879.150390625,oos,0.07870878780464088,low,25748.017578125,25297.5360546875,25748.017578125,uptrend,uptrend_low
2025-11-14,25767.900390625,25940.19921875,25740.80078125,25910.05078125,oos,0.07584547891788974,low,25777.342578125,25324.145078125,25777.342578125,uptrend,uptrend_low
2025-11-17,25948.19921875,26024.19921875,25906.349609375,26013.44921875,oos,0.06866355699712612,low,25798.75,25350.113046875,25798.75,uptrend,uptrend_low
2025-11-18,26021.80078125,26029.849609375,25876.5,25910.05078125,oos,0.06895563315922203,low,25808.76005859375,25373.628046875,25808.76005859375,uptrend,uptrend_low
2025-11-19,25918.099609375,26074.650390625,25856.19921875,26052.650390625,oos,0.06925787441060917,low,25819.23505859375,25399.8610546875,25819.23505859375,uptrend,uptrend_low
2025-11-20,26132.099609375,26246.650390625,26063.19921875,26192.150390625,oos,0.07143910753591462,low,25835.41259765625,25428.2410546875,25835.41259765625,uptrend,uptrend_low
2025-11-21,26109.55078125,26179.19921875,26052.19921875,26068.150390625,oos,0.07391642876173167,low,25844.25009765625,25452.2320703125,25844.25009765625,uptrend,uptrend_low
2025-11-24,26122.80078125,26142.80078125,25912.150390625,25959.5,oos,0.07426174433909935,low,25852.467578125,25471.960078125,25852.467578125,uptrend,uptrend_low
2025-11-25,25998.5,26032.599609375,25857.5,25884.80078125,oos,0.07117052730819415,low,25848.405078125,25489.54609375,25848.405078125,uptrend,uptrend_low
2025-11-26,25842.94921875,26215.150390625,25842.94921875,26205.30078125,oos,0.08374043345131492,low,25861.86015625,25511.372109375,25861.86015625,uptrend,uptrend_low
2025-11-27,26261.25,26310.44921875,26141.900390625,26215.55078125,oos,0.08239039790080106,low,25869.94267578125,25534.299140625,25869.94267578125,uptrend,uptrend_low
2025-11-28,26237.44921875,26280.75,26172.400390625,26202.94921875,oos,0.07814029114026977,low,25886.19765625,25553.5761328125,25886.19765625,uptrend,uptrend_low
2025-12-01,26325.80078125,26325.80078125,26124.19921875,26175.75,oos,0.07442635225216479,low,25908.88017578125,25570.4861328125,25908.88017578125,uptrend,uptrend_low
2025-12-02,26087.94921875,26154.599609375,25997.849609375,26032.19921875,oos,0.07769899210928878,low,25922.32265625,25582.658125,25922.32265625,uptrend,uptrend_low
2025-12-03,26004.900390625,26066.44921875,25891.0,25986.0,oos,0.07382649219623494,low,25941.74013671875,25595.837109375,25941.74013671875,uptrend,uptrend_low
2025-12-04,25981.849609375,26098.25,25938.94921875,26033.75,oos,0.07220337336358645,low,25967.94267578125,25612.4651171875,25967.94267578125,uptrend,uptrend_low
2025-12-05,25999.80078125,26202.599609375,25985.349609375,26186.44921875,oos,0.07386909861115555,low,26002.65009765625,25632.8041015625,26002.65009765625,uptrend,uptrend_low
2025-12-08,26159.80078125,26178.69921875,25892.25,25960.55078125,oos,0.08147873429789293,low,26021.96015625,25650.877109375,26021.96015625,downtrend,downtrend_low
2025-12-09,25867.099609375,25923.650390625,25728.0,25839.650390625,oos,0.08223590425835581,low,26029.19521484375,25669.853125,26029.19521484375,downtrend,downtrend_low
2025-12-10,25864.05078125,25947.650390625,25734.55078125,25758.0,oos,0.0790478880714512,low,26023.30517578125,25691.919140625,26023.30517578125,downtrend,downtrend_low
2025-12-11,25771.400390625,25922.80078125,25693.25,25898.55078125,oos,0.08157820463260806,low,26024.2751953125,25717.1921484375,26024.2751953125,downtrend,downtrend_low
2025-12-12,25971.19921875,26057.599609375,25938.44921875,26046.94921875,oos,0.08397559882948609,low,26031.1201171875,25745.909140625,26031.1201171875,uptrend,uptrend_low
2025-12-15,25930.05078125,26047.150390625,25904.75,26027.30078125,oos,0.08287420885567111,low,26031.8126953125,25769.729140625,26031.8126953125,downtrend,downtrend_low
2025-12-16,25951.5,25980.75,25834.349609375,25860.099609375,oos,0.08487951453773249,low,26029.31513671875,25789.0461328125,26029.31513671875,downtrend,downtrend_low
2025-12-17,25902.400390625,25929.150390625,25770.349609375,25818.55078125,oos,0.0823884712121529,low,26017.61015625,25803.864140625,26017.61015625,downtrend,downtrend_low
2025-12-18,25764.69921875,25902.349609375,25726.30078125,25815.55078125,oos,0.07952544354065633,low,25998.78017578125,25818.009140625,25998.78017578125,downtrend,downtrend_low
2025-12-19,25911.5,25993.349609375,25880.44921875,25966.400390625,oos,0.0812740400781498,low,25993.69267578125,25836.414140625,25993.69267578125,downtrend,downtrend_low
2025-12-22,26055.849609375,26180.69921875,26047.80078125,26172.400390625,oos,0.08468459350246682,low,26004.3376953125,25856.2261328125,26004.3376953125,uptrend,uptrend_low
2025-12-23,26205.19921875,26233.55078125,26119.05078125,26177.150390625,oos,0.08379528778126687,low,26018.95517578125,25874.0621484375,26018.95517578125,uptrend,uptrend_low
2025-12-24,26170.650390625,26236.400390625,26123.0,26142.099609375,oos,0.0713896030326385,low,26015.7951171875,25892.3571484375,26015.7951171875,uptrend,uptrend_low
2025-12-26,26121.25,26144.19921875,26008.599609375,26042.30078125,oos,0.07255058391837813,low,26007.1326171875,25910.2931640625,26007.1326171875,uptrend,uptrend_low
2025-12-29,26063.349609375,26106.80078125,25920.30078125,25942.099609375,oos,0.0736249762549333,low,25994.09013671875,25922.664140625,25994.09013671875,downtrend,downtrend_low
2025-12-30,25940.900390625,25976.75,25878.0,25938.849609375,oos,0.07360613641455874,low,25982.2451171875,25929.7351171875,25982.2451171875,downtrend,downtrend_low
2025-12-31,25971.05078125,26187.94921875,25969.0,26129.599609375,oos,0.07601459749084384,low,25987.11513671875,25938.1301171875,25987.11513671875,uptrend,uptrend_low
2026-01-01,26173.30078125,26197.55078125,26113.400390625,26146.55078125,oos,0.07566656244033229,low,25995.14267578125,25944.198125,25995.14267578125,uptrend,uptrend_low
2026-01-02,26155.099609375,26340.0,26118.400390625,26328.55078125,oos,0.07913623490325439,low,26009.88271484375,25953.3971484375,26009.88271484375,uptrend,uptrend_low
2026-01-05,26333.69921875,26373.19921875,26210.05078125,26250.30078125,oos,0.07750093912032767,low,26013.07529296875,25960.57515625,26013.07529296875,uptrend,uptrend_low
2026-01-06,26189.69921875,26273.94921875,26124.75,26178.69921875,oos,0.07123318223779404,low,26023.98271484375,25968.2461328125,26023.98271484375,uptrend,uptrend_low
2026-01-07,26143.099609375,26187.150390625,26067.900390625,26140.75,oos,0.06907344143485107,low,26039.0376953125,25971.7401171875,26039.0376953125,uptrend,uptrend_low
2026-01-08,26106.5,26133.19921875,25858.44921875,25876.849609375,oos,0.07788963026551027,low,26044.98017578125,25970.553125,26044.98017578125,downtrend,downtrend_low
2026-01-09,25840.400390625,25940.599609375,25623.0,25683.30078125,oos,0.07991141923241385,low,26034.21767578125,25963.1411328125,26034.21767578125,downtrend,downtrend_low
2026-01-12,25669.05078125,25813.150390625,25473.400390625,25790.25,oos,0.07849776238138174,low,26021.38271484375,25961.389140625,26021.38271484375,downtrend,downtrend_low
2026-01-13,25897.349609375,25899.80078125,25603.30078125,25732.30078125,oos,0.07874448819418284,low,26006.63271484375,25961.5931640625,26006.63271484375,downtrend,downtrend_low
2026-01-14,25648.55078125,25791.75,25603.94921875,25665.599609375,oos,0.07608843191477478,low,25996.90771484375,25959.6381640625,25996.90771484375,downtrend,downtrend_low
2026-01-16,25696.05078125,25873.5,25662.400390625,25694.349609375,oos,0.0761146079277756,low,25990.69765625,25961.5721484375,25990.69765625,downtrend,downtrend_low
2026-01-19,25653.099609375,25653.30078125,25494.349609375,25585.5,oos,0.07742654069565479,low,25979.1951171875,25963.0881640625,25979.1951171875,downtrend,downtrend_low
2026-01-20,25580.30078125,25585.0,25171.349609375,25232.5,oos,0.08708417020368862,medium,25942.50009765625,25957.8921484375,25942.50009765625,downtrend,downtrend_medium
2026-01-21,25141.0,25300.94921875,24919.80078125,25157.5,oos,0.07985578017884237,low,25891.755078125,25949.55515625,25891.755078125,downtrend,downtrend_low
2026-01-22,25344.150390625,25435.75,25168.5,25289.900390625,oos,0.08361458993080093,medium,25847.392578125,25941.4541796875,25847.392578125,downtrend,downtrend_medium
2026-01-23,25344.599609375,25347.94921875,25025.30078125,25048.650390625,oos,0.08808025965951995,medium,25792.7201171875,25924.911171875,25792.7201171875,downtrend,downtrend_medium
2026-01-27,25063.349609375,25246.650390625,24932.55078125,25175.400390625,oos,0.09138536185852669,medium,25749.37509765625,25910.836171875,25749.37509765625,downtrend,downtrend_medium
2026-01-28,25258.849609375,25372.099609375,25187.650390625,25342.75,oos,0.09557409152846019,medium,25719.4076171875,25899.49015625,25719.4076171875,downtrend,downtrend_medium
2026-01-29,25345.0,25458.150390625,25159.80078125,25418.900390625,oos,0.09665920990902363,medium,25693.41015625,25887.5991796875,25693.41015625,downtrend,downtrend_medium
2026-01-30,25247.55078125,25370.69921875,25213.650390625,25320.650390625,oos,0.09189413433678349,medium,25652.9626953125,25875.811171875,25652.9626953125,downtrend,downtrend_medium
2026-02-02,24796.5,25108.099609375,24679.400390625,25088.400390625,oos,0.09531883228519,medium,25600.05517578125,25856.526171875,25600.05517578125,downtrend,downtrend_medium
2026-02-03,26308.05078125,26341.19921875,25641.30078125,25727.55078125,oos,0.1335245927214006,high,25570.00517578125,25847.2341796875,25570.00517578125,uptrend,uptrend_high
2026-02-04,25675.05078125,25818.55078125,25563.94921875,25776.0,oos,0.1337437011568481,high,25546.29013671875,25841.391171875,25546.29013671875,uptrend,uptrend_high
2026-02-05,25755.900390625,25757.650390625,25579.5,25642.80078125,oos,0.134469760630628,high,25519.49521484375,25835.0571875,25519.49521484375,uptrend,uptrend_high
2026-02-06,25605.80078125,25703.94921875,25491.900390625,25693.69921875,oos,0.13486942023079704,high,25497.14267578125,25831.23515625,25497.14267578125,uptrend,uptrend_high
2026-02-09,25888.69921875,25922.25,25780.900390625,25867.30078125,oos,0.13276041114186643,high,25496.665234375,25824.47515625,25496.665234375,uptrend,uptrend_high
2026-02-10,25922.650390625,25989.44921875,25870.44921875,25935.150390625,oos,0.13001149514077898,high,25509.25771484375,25818.8671484375,25509.25771484375,uptrend,uptrend_high
2026-02-11,25997.44921875,26009.400390625,25899.80078125,25953.849609375,oos,0.12930391383593223,high,25517.4376953125,25813.88515625,25517.4376953125,uptrend,uptrend_high
2026-02-12,25906.69921875,25906.69921875,25752.400390625,25807.19921875,oos,0.13076578992553292,high,25521.1826171875,25806.514140625,25521.1826171875,uptrend,uptrend_high
2026-02-13,25571.150390625,25630.349609375,25444.30078125,25471.099609375,oos,0.13869777050291435,high,25511.4576171875,25795.2921484375,25511.4576171875,downtrend,downtrend_high
2026-02-16,25423.599609375,25697.0,25372.69921875,25682.75,oos,0.14201257570125023,high,25510.87763671875,25789.2271484375,25510.87763671875,uptrend,uptrend_high
2026-02-17,25637.94921875,25764.400390625,25570.30078125,25725.400390625,oos,0.14121145306241398,high,25517.87265625,25783.06015625,25517.87265625,uptrend,uptrend_high
2026-02-18,25752.650390625,25828.05078125,25645.150390625,25819.349609375,oos,0.13132947858716784,high,25547.21513671875,25775.7181640625,25547.21513671875,uptrend,uptrend_high
2026-02-19,25873.349609375,25885.30078125,25388.75,25454.349609375,oos,0.14159235039144866,high,25562.0576171875,25765.594140625,25562.0576171875,downtrend,downtrend_high
2026-02-20,25406.55078125,25663.55078125,25379.75,25571.25,oos,0.14132083446471755,high,25576.12509765625,25760.2261328125,25576.12509765625,downtrend,downtrend_high
2026-02-23,25678.400390625,25771.44921875,25609.349609375,25713.0,oos,0.13705820000791868,high,25609.342578125,25759.3261328125,25609.342578125,uptrend,uptrend_high
2026-02-24,25641.80078125,25641.80078125,25327.599609375,25424.650390625,oos,0.14324195853068936,high,25621.805078125,25749.848125,25621.805078125,downtrend,downtrend_high
2026-02-25,25512.599609375,25652.599609375,25428.19921875,25482.5,oos,0.1415973016913458,high,25628.792578125,25738.559140625,25628.792578125,downtrend,downtrend_high
2026-02-26,25556.30078125,25572.94921875,25400.94921875,25496.55078125,oos,0.14124599451175437,high,25632.67509765625,25727.944140625,25632.67509765625,downtrend,downtrend_high
2026-02-27,25459.849609375,25476.400390625,25141.30078125,25178.650390625,oos,0.1476768157789684,high,25625.57509765625,25714.31515625,25625.57509765625,downtrend,downtrend_high
2026-03-02,24659.25,24989.349609375,24603.5,24865.69921875,oos,0.15071087526907992,high,25614.4400390625,25695.258125,25614.4400390625,downtrend,downtrend_high
2026-03-04,24388.80078125,24602.44921875,24305.400390625,24480.5,oos,0.12544944956123028,high,25552.0875,25668.557109375,25552.0875,downtrend,downtrend_high
2026-03-05,24615.94921875,24854.19921875,24529.400390625,24765.900390625,oos,0.13440784455549745,high,25501.58251953125,25644.547109375,25501.58251953125,downtrend,downtrend_high
2026-03-06,24656.400390625,24700.900390625,24415.75,24450.44921875,oos,0.13939514444493456,high,25441.96494140625,25610.1080859375,25441.96494140625,downtrend,downtrend_high
2026-03-09,23868.05078125,24078.150390625,23697.80078125,24028.05078125,oos,0.1479696431458838,high,25358.68251953125,25567.12609375,25358.68251953125,downtrend,downtrend_high
2026-03-10,24280.80078125,24303.80078125,24079.94921875,24261.599609375,oos,0.1509850061307926,high,25278.3974609375,25529.51609375,25278.3974609375,downtrend,downtrend_high
2026-03-11,24231.849609375,24299.0,23834.30078125,23866.849609375,oos,0.15619847445042467,high,25174.982421875,25486.0070703125,25174.982421875,downtrend,downtrend_high
2026-03-12,23674.849609375,23833.150390625,23556.30078125,23639.150390625,oos,0.15624421140878783,high,25059.2474609375,25439.9480859375,25059.2474609375,downtrend,downtrend_high
2026-03-13,23462.5,23492.400390625,23112.0,23151.099609375,oos,0.16630664366034498,high,24926.44248046875,25384.1930859375,24926.44248046875,downtrend,downtrend_high
2026-03-16,23116.099609375,23502.0,22955.25,23408.80078125,oos,0.17349746202036542,high,24823.3275390625,25329.777109375,24823.3275390625,downtrend,downtrend_high
2026-03-17,23493.19921875,23656.80078125,23346.599609375,23581.150390625,oos,0.17262557443326101,high,24718.24755859375,25278.4691015625,24718.24755859375,downtrend,downtrend_high
2026-03-18,23632.900390625,23862.25,23618.44921875,23777.80078125,oos,0.17720165672950836,high,24620.867578125,25227.4541015625,24620.867578125,downtrend,downtrend_high
2026-03-19,23197.75,23378.69921875,22930.349609375,23002.150390625,oos,0.20184567890211763,high,24480.0076171875,25162.49109375,24480.0076171875,downtrend,downtrend_high
2026-03-20,23110.150390625,23345.150390625,23067.599609375,23114.5,oos,0.2025706753366887,high,24363.01513671875,25101.207109375,24363.01513671875,downtrend,downtrend_high
2026-03-23,22824.349609375,22851.69921875,22471.25,22512.650390625,oos,0.21279168096520276,high,24210.08515625,25028.6451171875,24210.08515625,downtrend,downtrend_high
2026-03-24,22878.44921875,23057.30078125,22624.19921875,22912.400390625,oos,0.2257982287318648,high,24070.05517578125,24969.3561328125,24070.05517578125,downtrend,downtrend_high
2026-03-25,23064.400390625,23465.349609375,23063.19921875,23306.44921875,oos,0.23867271784526786,high,23964.1451171875,24921.8191015625,23964.1451171875,downtrend,downtrend_high
2026-03-27,23173.55078125,23186.099609375,22804.55078125,22819.599609375,oos,0.24439138089378307,high,23831.00009765625,24862.40609375,23831.00009765625,downtrend,downtrend_high
2026-03-30,22549.650390625,22714.099609375,22283.849609375,22331.400390625,oos,0.24967270191398278,high,23672.742578125,24794.3880859375,23672.742578125,downtrend,downtrend_high
2026-04-01,22899.0,22941.30078125,22618.599609375,22679.400390625,oos,0.2603862629686266,high,23547.780078125,24734.6641015625,23547.780078125,downtrend,downtrend_high
2026-04-02,22383.400390625,22782.30078125,22182.55078125,22713.099609375,oos,0.2598650319824049,high,23440.15009765625,24675.0391015625,23440.15009765625,downtrend,downtrend_high
2026-04-06,22780.30078125,22998.349609375,22542.94921875,22968.25,oos,0.2620278394970765,high,23364.53759765625,24622.6941015625,23364.53759765625,downtrend,downtrend_high
2026-04-07,22838.69921875,23153.849609375,22719.30078125,23123.650390625,oos,0.25894208023318616,high,23282.42509765625,24580.517109375,23282.42509765625,downtrend,downtrend_high
2026-04-08,23855.150390625,24025.150390625,23828.5,23997.349609375,oos,0.29421145413970134,high,23259.7701171875,24557.3141015625,23259.7701171875,uptrend,uptrend_high
2026-04-09,23909.05078125,23990.75,23682.80078125,23775.099609375,oos,0.2895877150743571,high,23247.12255859375,24527.0180859375,23247.12255859375,uptrend,uptrend_high
2026-04-10,23880.55078125,24074.05078125,23856.349609375,24050.599609375,oos,0.2905253595947051,high,23236.57255859375,24507.0570703125,23236.57255859375,uptrend,uptrend_high
2026-04-13,23589.599609375,23907.400390625,23555.599609375,23842.650390625,oos,0.28618681610993757,high,23235.36259765625,24480.4020703125,23235.36259765625,uptrend,uptrend_high
2026-04-15,24163.80078125,24280.900390625,24145.80078125,24231.30078125,oos,0.2893196078800789,high,23264.9701171875,24458.1730859375,23264.9701171875,uptrend,uptrend_high
2026-04-16,24385.19921875,24400.94921875,24102.80078125,24196.75,oos,0.2777097318027576,high,23317.25263671875,24433.730078125,23317.25263671875,uptrend,uptrend_high
2026-04-17,24165.900390625,24371.900390625,24096.05078125,24353.55078125,oos,0.2762475792960502,high,23364.49013671875,24414.3880859375,23364.49013671875,uptrend,uptrend_high
2026-04-20,24391.5,24480.650390625,24241.25,24364.849609375,oos,0.2755971702458989,high,23403.67509765625,24399.9170703125,23403.67509765625,uptrend,uptrend_high
2026-04-21,24374.55078125,24601.69921875,24354.900390625,24576.599609375,oos,0.2757109360570974,high,23443.6150390625,24376.898046875,23443.6150390625,uptrend,uptrend_high
2026-04-22,24470.849609375,24515.94921875,24352.900390625,24378.099609375,oos,0.24738382895027194,high,23512.4125,24348.9400390625,23512.4125,uptrend,uptrend_high
2026-04-23,24202.349609375,24310.19921875,24134.80078125,24173.05078125,oos,0.2505394974599832,high,23565.3400390625,24319.5450390625,23565.3400390625,uptrend,uptrend_high
2026-04-24,24100.55078125,24206.0,23813.650390625,23897.94921875,oos,0.23331536560804145,high,23634.60498046875,24283.6300390625,23634.60498046875,uptrend,uptrend_high
2026-04-27,23945.44921875,24130.69921875,23936.19921875,24092.69921875,oos,0.22773197802571074,high,23693.619921875,24248.1380078125,23693.619921875,uptrend,uptrend_high
2026-04-28,24049.900390625,24181.80078125,23957.05078125,23995.69921875,oos,0.22209397233801617,high,23728.082421875,24209.348984375,23728.082421875,uptrend,uptrend_high
2026-04-29,24096.900390625,24334.69921875,24059.94921875,24177.650390625,oos,0.20637867718816882,high,23795.9849609375,24173.825,23795.9849609375,uptrend,uptrend_high
2026-04-30,23996.94921875,24087.44921875,23796.849609375,23997.55078125,oos,0.18981156598651677,high,23879.29248046875,24137.63203125,23879.29248046875,uptrend,uptrend_high
2026-05-04,24063.55078125,24290.19921875,24004.75,24119.30078125,oos,0.1846599270583634,high,23951.2875,24110.5960546875,23951.2875,uptrend,uptrend_high
2026-05-05,24052.599609375,24081.69921875,23882.05078125,24032.80078125,oos,0.1861365725207278,high,24017.27255859375,24077.5970703125,24017.27255859375,uptrend,uptrend_high
2026-05-06,24171.0,24356.5,23997.900390625,24330.94921875,oos,0.18687835016153043,high,24085.40751953125,24049.708046875,24085.40751953125,uptrend,uptrend_high
2026-05-07,24398.5,24482.099609375,24284.0,24326.650390625,oos,0.18662337248853636,high,24145.55751953125,24019.8540625,24145.55751953125,uptrend,uptrend_high
2026-05-08,24233.650390625,24253.80078125,24126.650390625,24176.150390625,oos,0.13474501107393985,high,24154.49755859375,23994.290078125,24154.49755859375,uptrend,uptrend_high
2026-05-11,23970.099609375,23997.44921875,23799.099609375,23815.849609375,oos,0.14143528163771366,high,24156.53505859375,23959.1820703125,24156.53505859375,downtrend,downtrend_high
2026-05-12,23722.599609375,23757.55078125,23348.400390625,23379.55078125,oos,0.1489259104852073,high,24122.9826171875,23912.5130859375,24122.9826171875,downtrend,downtrend_high
2026-05-13,23362.44921875,23582.94921875,23262.55078125,23412.599609375,oos,0.14667282705752066,high,24101.480078125,23872.2720703125,24101.480078125,downtrend,downtrend_high
2026-05-14,23530.25,23777.19921875,23426.55078125,23689.599609375,oos,0.1404600469519204,high,24074.39501953125,23836.4140625,24074.39501953125,downtrend,downtrend_high
2026-05-15,23731.400390625,23839.30078125,23610.30078125,23643.5,oos,0.14048854784115306,high,24046.73251953125,23799.353046875,24046.73251953125,downtrend,downtrend_high
2026-05-18,23482.19921875,23695.650390625,23317.099609375,23649.94921875,oos,0.1377364018560675,high,24011.55244140625,23768.7790234375,24011.55244140625,downtrend,downtrend_high
2026-05-19,23675.30078125,23782.30078125,23587.19921875,23618.0,oos,0.13755613828951688,high,23974.2099609375,23743.8250390625,23974.2099609375,downtrend,downtrend_high
2026-05-20,23457.25,23690.900390625,23397.30078125,23659.0,oos,0.13284374210014732,medium,23928.32998046875,23727.3950390625,23928.32998046875,downtrend,downtrend_medium
2026-05-21,23830.05078125,23859.900390625,23596.599609375,23654.69921875,oos,0.13089091086264165,medium,23892.1599609375,23705.171015625,23892.1599609375,downtrend,downtrend_medium
2026-05-22,23671.19921875,23835.650390625,23671.0,23719.30078125,oos,0.12901915558080648,medium,23869.4724609375,23690.548046875,23869.4724609375,downtrend,downtrend_medium
2026-05-25,23940.25,24054.44921875,23922.849609375,24031.69921875,oos,0.13200525132449917,high,23876.1599609375,23690.621015625,23876.1599609375,uptrend,uptrend_high
2026-05-26,24004.099609375,24089.80078125,23885.44921875,23913.69921875,oos,0.1298435104858622,medium,23867.2099609375,23683.6630078125,23867.2099609375,uptrend,uptrend_medium
2026-05-27,23880.349609375,23983.19921875,23858.25,23907.150390625,oos,0.1291121286682018,medium,23862.78251953125,23684.4690234375,23862.78251953125,uptrend,uptrend_medium
2026-05-29,23902.150390625,24002.80078125,23484.75,23547.75,oos,0.13591759586922336,high,23831.2875,23682.641015625,23831.2875,downtrend,downtrend_high
