Date,baseline_return_1,baseline_return_3,baseline_return_5,baseline_return_10,period,trend_regime,volatility_regime,trend_volatility_regime
2007-09-17,0.011592998937300258,0.056396097444164184,0.09748338669286127,0.12791217043786896,development,,,
2007-09-18,0.040019800594747634,0.06313934502225149,0.08540192245618372,0.14516780499697823,development,,,
2007-09-19,0.0026821772113834186,0.04168032642763886,0.04343324458055098,0.10006648466485357,development,,,
2007-09-20,0.017799388989692133,0.039112528998744844,0.05209387837036239,0.09108025217068105,development,,,
2007-09-21,0.01965006147994197,0.02136590755770751,0.038080315688221456,0.0512595640652691,development,,,
2007-09-24,-5.061650807980378e-05,0.012441478369796588,0.026290234068725882,0.0785871706726371,development,,,
2007-09-25,0.0005873100871669479,0.01696168145325383,0.05533046452282164,0.10204352067625222,development,,,
2007-09-26,0.011704049828849206,0.025542718556899713,0.05380656251080507,0.11777973159202393,development,,,
2007-09-27,0.004983518572267531,0.04290037946862668,0.03790689288195814,0.08642131669652175,development,,,
2007-09-28,0.009449406614059574,0.037269720669869555,0.01266555763342625,0.12922431591033545,development,,,
2007-10-01,0.02797392083004535,0.023051903266176677,0.05094693233379366,0.11817908950236733,development,,,
2007-10-03,-0.000575633447413848,-0.024282100113936833,0.04409357828610205,0.06670630392640287,development,,,
2007-10-04,-0.004281713296590217,0.022868024133224862,0.06080857910214532,0.02742818473638109,development,,,
2007-10-05,-0.01950347598818991,0.0492070755001206,0.04666184622800684,0.005601312063147734,development,,,
2007-10-08,0.0522651383682986,0.09129610070380823,0.12004582811832254,0.02396967991013388,development,,,
2007-10-09,0.021264471729466772,0.018787027296701675,0.06379323190479957,0.027317229364122397,development,,,
2007-10-10,0.01580286397171271,0.04256375446443528,0.02213681158056735,0.010526025672090267,development,,,
2007-10-11,-0.017564622394818485,0.025835702142152472,-0.0315457641845297,0.00790009450491147,development,,,
2007-10-12,0.04458993991415694,0.02412329799579238,-0.039247706786770586,0.05046647730947407,development,,,
2007-10-15,-0.00045851845926436763,-0.05636918304754357,-0.08581907025200264,0.041485544699694454,development,uptrend,,
2007-10-16,-0.01760061131581392,-0.07838981167921422,-0.032727157261528084,0.03708319660670023,development,uptrend,,
2007-10-17,-0.03604692657960451,-0.06613105352058857,-0.009898973959360013,0.06296946524799374,development,uptrend,,
2007-10-18,-0.02705985436141034,0.02114602509000507,0.03891538684151574,0.09441549309951536,development,uptrend,,
2007-10-19,-0.0036038633415020893,0.056393234797703196,0.0960164921796165,0.14024312187665178,development,downtrend,,
2007-10-22,0.05561884586968069,0.07398808267135881,0.13896980402267745,0.12766860643266065,development,downtrend,,
2007-10-23,0.003386483926681061,0.04102156108975441,0.07140899214440921,0.056393292105409776,development,uptrend,,
2007-10-24,0.012711357981412652,0.07398552697403149,0.0730308165810607,0.05151804457694831,development,uptrend,,
2007-10-25,0.024810136979377173,0.054724356382261696,0.05431103838118334,0.024172170553084404,development,uptrend,,
2007-10-26,0.03450752393103329,0.03358790717652593,0.03914939897759351,-0.016080121609736486,development,uptrend,,
2007-10-29,-0.008246623399577269,-0.008635264773694362,-0.011871467468571595,-0.03754085891558989,development,uptrend,,
2007-10-30,0.005409872468147059,0.010819744936293896,-0.014040093324959146,0.011756888198492632,development,uptrend,,
2007-10-31,-0.006326367866563709,-0.009570107705064834,-0.020571447381196983,0.0014059238530004237,development,uptrend,,
2007-11-01,0.013245395423282291,-0.011674098656020426,-0.026661672810160963,0.008881525424675907,development,uptrend,,
2007-11-02,-0.014261888947725399,-0.02521111400217857,-0.053068967762439745,-0.004088066285545144,development,uptrend,,
2007-11-05,-0.010364128652516347,-0.02537156798730278,-0.025944518270400008,-0.011321885072402949,development,uptrend,,
2007-11-06,-8.613151691538867e-06,-0.028586712693547844,0.026891948434242918,-0.038279970495733284,development,uptrend,,
2007-11-07,-0.01393764078862414,-0.014517312681321726,0.022978612886813243,-0.04497944661400133,development,uptrend,,
2007-11-08,-0.007684697602646562,0.04898770446658385,0.043502454819579706,-0.00918630518017527,development,uptrend,,
2007-11-12,0.014797687821039851,0.053408998865765334,0.05261606983691536,0.021265618783491647,development,downtrend,,
2007-11-13,0.041015383904212444,0.035571822227776995,0.013490599391012825,-0.0010168905355303348,development,uptrend,,
2007-11-14,-0.005149190881341581,-0.005898041600078896,-0.06422171371290775,-0.054714251087657595,development,uptrend,,
2007-11-15,-0.0010653889706064845,-0.022365406286686706,-0.06659729775012346,-0.047106839719570304,development,uptrend,,
2007-11-16,-6.768770693721393e-05,-0.05873342498309464,-0.05068503430584892,-0.024593530774269734,development,uptrend,,
2007-11-19,-0.022051190130048637,-0.0662972979223937,-0.030374253277648533,-0.007824064284203902,development,uptrend,,
2007-11-20,-0.037680834664556295,-0.029452431782321264,-0.013956168247657663,0.013765884899529235,development,uptrend,,
2007-11-21,-0.008140638761195085,0.030019910668304783,0.009506420578493158,0.0674525988594823,development,downtrend,,
2007-11-22,0.015259905499194426,0.031470069294344594,0.019966384314471508,0.07791039694474855,development,downtrend,,
2007-11-23,0.02145677379854516,0.0011138239298458252,0.026990216275021295,0.06469089384544402,development,downtrend,,
2007-11-26,-0.005428301724702211,-0.01652046992952827,0.023694200811624544,0.04038052060151842,development,downtrend,,
2007-11-27,-0.014387101229040966,0.011088629361659663,0.0278619010993022,0.06977747522890643,development,downtrend,,
2007-11-28,0.0029905467536830432,0.04400302679106427,0.0573534491285459,0.09639004927661743,development,downtrend,,
2007-11-29,0.022870498214327073,0.039839223131942214,0.05694107075549826,0.07529423714752714,development,downtrend,,
2007-11-30,0.01726661428251286,0.030275138761828968,0.03622433674733694,0.04895541379049262,development,uptrend,,
2007-12-03,-0.0020186871421714603,0.014394739052933092,0.015399798871584824,-0.015876834215453606,development,uptrend,,
2007-12-04,0.013323342083173983,0.019174653988685453,0.04014911574354074,-0.020402958025337536,development,uptrend,,
2007-12-05,0.0022976394869185235,0.003290713529000344,0.036735931725029536,-0.03196403137269088,development,uptrend,,
2007-12-06,0.0017941691018912298,0.022410943080552137,0.015846132948642788,-0.03305052223969751,development,uptrend,,
2007-12-07,-0.00224303688378813,0.031017710861650505,0.012336825462420542,0.0018580679036239722,development,uptrend,,
2007-12-10,0.022959885225559695,0.0163915503847456,-0.030769731116805366,0.018513874817838616,development,uptrend,,
2007-12-11,0.015205083684779686,-0.0031892946321373516,-0.05352683931308644,0.0023817499077287696,development,uptrend,,
2007-12-12,-0.016422438177334908,-0.062061127572350494,-0.06625808299001501,-0.012915501836668453,development,uptrend,,
2007-12-13,-0.0014035203140376762,-0.051831244097240825,-0.04783530695314997,0.01360587491931442,development,uptrend,,
2007-12-14,-0.04321834180001782,-0.04749961223453025,-0.008752986683672859,0.017621858230356446,development,uptrend,,
2007-12-17,-0.00610985398298336,-0.001921229830488369,0.05073904344169988,0.06954441254085664,development,downtrend,,
2007-12-18,0.0036472932845426076,0.0444745164096243,0.06129750010907031,0.07823389986257134,development,downtrend,,
2007-12-19,0.002564436910505563,0.05546138131872902,0.05701746343504155,0.09085057672664831,development,downtrend,,
2007-12-20,0.03704543174054131,0.05374875778599342,0.06364255980436595,0.08798716236441395,development,downtrend,,
2007-12-24,0.013743089113761098,0.015237665343101003,0.026033430563684457,0.04999622482927335,development,uptrend,,
2007-12-26,0.0020596473883671695,0.011468132749423265,0.018190789643063088,0.03344867358708181,development,uptrend,,
2007-12-27,2.4737131832264225e-05,0.010658732151316075,0.016284100497649945,0.012731270095907687,development,uptrend,,
2007-12-28,0.007153420452215009,0.013847399892329859,0.02941752332854808,0.01724365835213293,development,uptrend,,
2007-12-31,0.0012384564559824174,0.0068113911577789565,0.023196333182262663,0.011414805016906282,development,uptrend,,
2008-01-01,0.005647095208602737,0.02109128277305783,0.023296482789014306,-0.011465196522727483,development,uptrend,,
2008-01-02,-0.000921727826737273,0.015337364701661471,0.014189271132311942,-0.04018272223794317,development,uptrend,,
2008-01-03,0.015406726793009806,0.017599650156379543,-0.003584648572395155,-0.04303214030221114,development,uptrend,,
2008-01-04,0.001291675595000763,0.00015946420028711827,-0.01130599622767503,-0.09020892924772761,development,uptrend,,
2008-01-07,0.0008595217114142351,-0.019976282516913302,-0.012041542435377361,-0.17089676117545327,development,uptrend,,
2008-01-08,-0.00247311038012088,-0.01390839194085658,-0.03392415349592626,-0.22079347967391538,development,uptrend,,
2008-01-09,-0.019297223755476267,-0.011356985689885413,-0.05453084409789144,-0.17118239253842238,development,uptrend,,
2008-01-10,0.005424370742984186,-0.014983808681701127,-0.0411000642236754,-0.18376261421952245,development,uptrend,,
2008-01-11,-0.0003221234478344437,-0.043977872258234796,-0.081094577992331,-0.1329483528214349,development,uptrend,,
2008-01-14,-0.02442845250759418,-0.050294297209793504,-0.16342645000829314,-0.15293871771817813,development,uptrend,,
2008-01-15,-0.021310799670239078,-0.059307534264220974,-0.19220118636644679,-0.12929929024113762,development,downtrend,,
2008-01-16,-0.004168105017037349,-0.12279496571065907,-0.1237043539955276,-0.12973333765318118,development,downtrend,,
2008-01-17,-0.034268578614954914,-0.17069953794803439,-0.14799201128813844,-0.13038801653548304,development,downtrend,,
2008-01-18,-0.08697637078220855,-0.08792289178900092,-0.05638035098049954,-0.06796669588080628,development,downtrend,,
2008-01-21,-0.05843356438877789,-0.03265202209251272,0.013597009363615076,0.04999661707578151,development,downtrend,,
2008-01-22,0.061257810877038965,0.09795949706845009,0.07704388391871042,0.11846710125215032,development,downtrend,,
2008-01-23,-0.03351570750528032,0.012692031039986507,-0.007757277715773836,0.02199497017809149,development,downtrend,,
2008-01-24,0.06917514353969079,0.048807858816255045,0.020337512953629178,0.019503321540350615,development,downtrend,,
2008-01-25,-0.0198571058601007,-0.03964914929748009,-0.011838094202765714,-0.04843012631547239,development,downtrend,,
2008-01-28,0.0002367626116321908,-0.026915099702030543,0.03484202292195038,-0.0800351962419854,development,downtrend,,
2008-01-29,-0.021982475011828706,0.006340193991010157,0.0378802748698841,-0.08431511710432926,development,downtrend,,
2008-01-30,-0.006728175298467809,0.05631011648702211,0.029058882437527078,-0.046942782094349655,development,downtrend,,
2008-01-31,0.03436367330426848,0.06678204843127555,-0.0014298131573395878,0.011944111811331926,development,downtrend,,
2008-02-01,0.02783346986647195,0.0013168910568437386,-0.0367223926411363,-0.0023797918952043196,development,downtrend,,
2008-02-04,0.003687925388927038,-0.06048959048272706,-0.11105010295126971,-0.0341981418725692,development,downtrend,,
2008-02-05,-0.027027292390983115,-0.06398980164823487,-0.11555826148521797,-0.03465927556320281,development,downtrend,,
2008-02-06,-0.03556562392723617,-0.08746743981192928,-0.07385550606380464,-0.031582533850027406,development,downtrend,,
2008-02-07,-0.0022895110727411128,-0.05725728104766448,0.013620136204216315,0.011632607684038287,development,downtrend,,
2008-02-08,-0.051469044290173516,-0.03732013488084074,0.03561142936044126,-0.0019138188400255052,development,downtrend,,
2008-02-11,-0.008118350679795827,0.06645343662764458,0.0818085420212562,0.06618696581335604,development,downtrend,,
2008-02-12,0.01920798800313439,0.09642206045397717,0.0918526672814246,0.0896300084783288,development,downtrend,,
2008-02-13,0.05204617166814307,0.06719383708895443,0.04242975683057071,0.06547480739668621,development,downtrend,,
2008-02-14,0.01922980728054613,0.01498211664148541,-0.002123892243931391,0.015808643042983572,development,uptrend,,
2008-02-15,-0.005193807454935806,-0.028278142781424154,-0.03651654519891079,-0.015260807874873605,development,uptrend,,
2008-02-18,0.00045466474464816997,-0.016406505618832945,-0.014720314578050342,-0.061647451569416645,development,uptrend,,
2008-02-19,-0.021396715324373372,-0.029693459507229125,0.0005505638528455759,-0.0764929629522163,development,uptrend,,
2008-02-20,0.006767612907880638,0.008493531733831716,0.0216215172121772,-0.04566697133154907,development,downtrend,,
2008-02-21,-0.01401587832551765,0.01671680826798072,0.019620364476704788,-0.0794458873414916,development,downtrend,,
2008-02-22,0.01730161774414407,0.030544261791530136,0.021761455327888868,-0.06100055702601592,development,downtrend,,
2008-02-25,0.013315259690939163,0.01620910170254386,-0.0476464801556401,-0.06439392303504998,development,uptrend,,
2008-02-26,-0.0005691087862004229,-0.009086751760657097,-0.07723752890816049,-0.07576733121047607,development,uptrend,,
2008-02-27,0.0035603405873727567,-0.05950043043961395,-0.06550080965297345,-0.12204847533513796,development,uptrend,,
2008-02-28,-0.011636707663197687,-0.07961210974456012,-0.0971428386648534,-0.10202463487464519,development,uptrend,,
2008-02-29,-0.051658078957066866,-0.05770849230583974,-0.08087614270886723,-0.13779959675753117,development,uptrend,,
2008-03-03,-0.019017617731368786,-0.03770249657561564,-0.018684878844246855,-0.08582142389398051,development,downtrend,,
2008-03-04,0.011208441516160406,-0.013653635098500483,0.0010581592283334107,-0.06018264307848786,development,downtrend,,
2008-03-05,-0.029827320996461903,-0.010654068361958924,-0.0599190205425012,-0.06271470208816365,development,downtrend,,
2008-03-07,0.006837555894062319,0.02185498544004605,-0.004614287701083963,0.02300855736531715,development,downtrend,,
2008-03-10,0.01451120665731298,-0.036006862386389615,-0.061130396132598186,0.0067865426045590205,development,downtrend,,
2008-03-11,0.00046203603881100896,-0.025453092112018072,-0.06915139380871704,-0.008111299348015799,development,downtrend,,
2008-03-12,-0.050341998443902525,-0.0750919306981036,-0.06053977204917649,0.015055312865243087,development,downtrend,,
2008-03-13,0.026385225388936506,-0.019637486163533557,-0.0030169357715504885,0.02394139019606234,development,downtrend,,
2008-03-14,-0.05106999076623764,-0.036139879872600034,0.027826612703245157,-0.0012433784745708998,development,downtrend,,
2008-03-17,0.002898315878512525,0.01990092640455532,0.06835332684077744,0.051837495969159875,development,downtrend,,
2008-03-18,0.008644400532002772,0.0755829979601963,0.06516345994817785,0.05223002318898495,development,downtrend,,
2008-03-19,0.007221266906824342,0.05507129516799125,0.07979378843235985,0.015338270911609886,development,downtrend,,
2008-03-24,0.05646772793739241,0.04623336604194561,0.02549389193635765,0.031277160962965844,development,downtrend,,
2008-03-25,-0.010217905520028991,0.01297472731534488,-0.02852202124629366,-0.03465068280505845,development,downtrend,,
2008-03-26,0.00030032210303931883,-0.019528621707605165,-0.015448892559717042,-0.01692967265295242,development,downtrend,,
2008-03-27,0.023188405797101463,-0.01872674851190481,-0.012091077089803282,-0.0200828157349896,development,downtrend,,
2008-03-28,-0.04201610765494479,-0.038029948654960344,-0.059720953062103455,-0.03325477796177512,development,uptrend,,
2008-03-31,0.000823519986521859,0.007591396335000944,0.005395308668426857,0.03040765321962091,development,downtrend,,
2008-04-01,0.0026996864285635525,-0.019909711116560036,-0.006696334553916383,0.030771482125274696,development,downtrend,,
2008-04-02,0.0037232999592131666,0.0015356429707640284,-0.0014409427621462356,0.0430173129853193,development,downtrend,,
2008-04-03,-0.025111752450932667,-0.011968508744236162,-0.007069921314883709,0.05670585386370819,development,uptrend,,
2008-04-04,0.02803720187812231,0.024981852935238358,0.03162138554486793,0.09024360029330514,development,downtrend,,
2008-04-07,-0.010712823048569908,-0.0058080100219378705,0.02499658711332975,0.055065990509969964,development,uptrend,,
2008-04-08,0.008497891813289637,0.0150306461447558,0.038293624983635866,0.06220463031369783,development,downtrend,,
2008-04-09,-0.003064697641114611,0.027824899809544057,0.04441240351982545,0.07670280578530342,development,uptrend,,
2008-04-10,0.009177544147561001,0.0323063786742277,0.06392638822667074,0.07504721817328042,development,uptrend,,
2008-04-11,0.020857896621814476,0.03733296367946437,0.05634987779561795,0.08693601140342677,development,uptrend,,
2008-04-15,0.0011573755711233868,0.031823277122282834,0.028914384514953095,0.058228264149694064,development,uptrend,,
2008-04-16,0.013863289439672632,0.032449945581791706,0.022338771892708387,0.06903040340960209,development,uptrend,,
2008-04-17,0.016364353448280022,0.01349904228536003,0.03143733651583003,0.04769065201346678,development,uptrend,,
2008-04-21,0.0024319791296485427,-0.0073852172350235,0.010442639976936618,0.021361729946786978,development,uptrend,,
2008-04-22,-0.004272164411975088,0.013351590661310864,0.02996419745211143,0.018069701860325083,development,uptrend,,
2008-04-23,-0.004588943665141509,0.013289136016597425,0.028469609743422275,0.011706443312022419,development,uptrend,,
2008-04-24,0.02251388639416141,0.039276697336920297,0.045817848522878846,-0.0033105237912032237,development,uptrend,,
2008-04-25,-0.004469456754278678,0.010444968673594124,0.01559902200489005,-0.01953058144865527,development,uptrend,,
2008-04-28,0.020245876135689622,0.026667248364812934,0.010260388225981965,-0.02643156473125785,development,uptrend,,
2008-04-29,-0.0062424028206816695,-0.0011734680315202972,-0.012090393389353804,-0.03589602357493804,development,uptrend,,
2008-04-30,-0.0070460582969978924,-0.02291415623405524,-0.03486973509306124,-0.028497865316978954,development,uptrend,,
2008-05-02,-0.006695681285570854,-0.01755225022717488,-0.04680279350399352,-0.013305237876034215,development,uptrend,,
2008-05-05,-0.009186629255610312,-0.0213101775232174,-0.0346086438573574,-0.016832436314955124,development,uptrend,,
2008-05-06,-0.004111194079456371,-0.033761919650575956,-0.038571253532598715,-0.007572728971959042,development,uptrend,,
2008-05-07,-0.010533823636509898,-0.02397871938687135,-0.024153940847592703,-0.021486353357131005,development,uptrend,,
2008-05-08,-0.017403393573158343,-0.022294150052079464,0.00875590906626722,-0.024512712972170392,development,uptrend,,
2008-05-09,0.006354126148112815,0.006173459144749982,0.035474843467677264,-0.02127086836227665,development,downtrend,,
2008-05-12,-0.010142613101118192,0.02129335548143607,0.01923693163311979,-0.0297089586046968,development,downtrend,,
2008-05-13,0.010749287093351656,0.04018392686254302,0.03210674722149087,-0.008087224047174879,development,downtrend,,
2008-05-14,0.020824622261450987,0.018769142230272706,0.002903728522284821,-0.03504362511294956,development,downtrend,,
2008-05-15,0.008219931733304264,0.00039095716833226213,-0.03305544767220614,-0.0479997281625939,development,uptrend,,
2008-05-16,-0.010093039497285239,-0.025508978996994336,-0.05467329752036065,-0.08093851121655027,development,uptrend,,
2008-05-20,0.002340463907814394,-0.0311711194423665,-0.04816193298046745,-0.07634609907699286,development,uptrend,,
2008-05-21,-0.0178913044142075,-0.047283602757963616,-0.03882155605701587,-0.1038498929731776,development,uptrend,,
2008-05-22,-0.015915489373127478,-0.03317384816211266,-0.03804796678263289,-0.06955061084821668,development,downtrend,,
2008-05-23,-0.015857213222745914,-0.0071160366814184695,-0.016856427316267908,-0.06577040668319178,development,downtrend,,
2008-05-26,-0.0035574255464061455,-0.008580851213151885,-0.02820290691114491,-0.07713515363767365,development,downtrend,,
2008-05-27,0.01144423881969825,0.001521768163063708,-0.030189048691560583,-0.08491175150444685,development,downtrend,,
2008-05-28,-0.018472282160621023,-0.03789856777567624,-0.06915935297057352,-0.08174486389319446,development,downtrend,,
2008-05-29,0.00537779214068812,-0.02645511658854982,-0.03449584874484579,-0.06290185264742687,development,downtrend,,
2008-05-30,-0.026626257091697858,-0.058253304378241055,-0.04958673210710063,-0.07232117930764492,development,downtrend,,
2008-06-02,-0.004937417616122541,-0.0131558694204853,-0.05029215690032007,-0.03519503124122325,development,downtrend,,
2008-06-03,-0.02820694092590792,-0.019263862263446896,-0.05698611471271742,-0.013923367154744404,development,downtrend,,
2008-06-04,0.019620880142098063,-0.01874884102467156,-0.013810940812260974,-0.00099200836612523,development,downtrend,,
2008-06-05,-0.01127004352077865,-0.049299763837339694,-0.030167333523476336,-0.03766647339398854,development,downtrend,,
2008-06-06,-0.027126629424684245,-0.02223088832998943,-0.023635853200590584,-0.060283884803856935,development,downtrend,,
2008-06-09,-0.01596642974624063,0.0038368194728548577,0.011167624944714794,-0.056523683692226934,development,downtrend,,
2008-06-10,0.012070340293142356,0.010616087691257103,0.04102113178038991,-0.062320273572531226,development,downtrend,,
2008-06-11,0.00330434878330621,0.010631265735668638,0.012819379641917816,-0.0600632140981231,development,downtrend,,
2008-06-12,-0.004934442635477487,0.02500275360722548,-0.0077651723758123126,-0.04926751896546977,development,downtrend,,
2008-06-13,0.007980115263786836,0.01016248917424134,-0.04160880191493488,-0.08810041654010159,development,downtrend,,
2008-06-16,0.017605248769819504,-0.014926189174412241,-0.06694370643110992,-0.1163367853847731,development,downtrend,,
2008-06-17,-0.015130653649190973,-0.0656056595627591,-0.09923051203838751,-0.1624935171132469,development,downtrend,,
2008-06-18,-0.01708651471881595,-0.06898995446167533,-0.07199046740447745,-0.10675273109543659,development,downtrend,,
2008-06-19,-0.034778736253336495,-0.06951291773889001,-0.041816546665102705,-0.12842461929522808,development,downtrend,,
2008-06-20,-0.01947760980478963,-0.02263769399140736,-0.049297313311237434,-0.07702559320312574,development,downtrend,,
2008-06-23,-0.0187189826125429,0.010489293035071068,-0.053967939125036724,-0.05643806925944683,development,downtrend,,
2008-06-24,0.015049122402582382,-0.012638484360863345,-0.06989929607364587,-0.04798788527348863,development,downtrend,,
2008-06-25,0.014873253667764041,-0.049863623185493755,-0.03744767820697925,-0.022456849411406687,development,downtrend,,
2008-06-26,-0.04139918671460352,-0.09699205701370961,-0.09027178233696553,-0.035478325100076535,development,downtrend,,
2008-06-27,-0.02313688756044119,-0.010371689898760916,-0.029072227258990613,-0.021093986098519202,development,downtrend,,
2008-06-30,-0.03539823008849563,-0.02821956804257686,-0.002413515687851975,-1.2389090444986373e-05,development,downtrend,,
2008-07-01,0.05084333590366352,0.03098604720018594,0.023939105802145644,-0.008779798922592286,development,downtrend,,
2008-07-02,-0.04123726215727386,-0.01577690033593926,0.015264005888090182,-0.06786991155581834,development,downtrend,,
2008-07-03,0.022754790948619652,0.015764111398734126,0.05998759727169811,0.005233481298105858,development,downtrend,,
2008-07-04,0.006996501749125361,0.03875564659076702,0.011744127936031967,0.0225512243878061,development,downtrend,,
2008-07-07,-0.009965969873748315,0.03313730130281667,0.002730409346270779,0.0324670614375433,development,downtrend,,
2008-07-08,0.041644791746065835,0.014558144548333374,-0.03252394393837643,0.06244210614406831,development,downtrend,,
2008-07-09,0.0015762379225101597,-0.027901761191788665,-0.08156364446887365,0.07728030750680515,development,downtrend,,
2008-07-10,-0.028084493518963027,-0.07318768659235475,-0.05252041498514759,0.064222228681589,development,downtrend,,
2008-07-11,-0.0019147858759207548,-0.057011205273382104,0.011068709772471319,0.06532511820382658,development,downtrend,,
2008-07-14,-0.044116542227055966,-0.02280100426878906,0.029757618824763243,0.07248781850535502,development,downtrend,,
2008-07-15,-0.011614532270496136,0.059742835973830344,0.09803059497908229,0.0850176858196503,development,downtrend,,
2008-07-16,0.03244707950166359,0.08797721937349445,0.1709715598499122,0.12827116772039582,development,downtrend,,
2008-07-17,0.032627222251416566,0.06993531331437075,0.11874988564426991,0.09336485413630147,development,downtrend,,
2008-07-18,0.016445933637444288,0.09398364158757389,0.05367532112439277,0.078527407592486,development,uptrend,,
2008-07-21,0.01963469526117878,0.06615435954603921,0.04175832201609442,0.056968315410098835,development,uptrend,,
2008-07-22,0.054183153694010056,0.015341300150093495,-0.013386887475362874,0.06031739717027529,development,uptrend,,
2008-07-23,-0.009528258068006834,-0.032192505108943115,-0.0363367104972937,0.009237658632494039,development,uptrend,,
2008-07-24,-0.029048492329899256,-0.05652070988220714,-0.024297127795576023,0.018690115220012737,development,uptrend,,
2008-07-25,0.011641099341759498,0.007309196027205367,0.030661405730048497,0.05773833849027965,development,uptrend,,
2008-07-28,-0.03285861484662567,0.00017312219338605495,0.01457686614115361,0.06652502055262488,development,uptrend,,
2008-07-29,0.029192022254588945,0.05305153631737247,0.07435815227635834,0.0861447289230668,development,uptrend,,
2008-07-30,0.004311216576131427,0.018774554258821796,0.04709856697573933,0.04976409011125105,development,uptrend,,
2008-07-31,0.018919038042221725,0.03953504389582507,0.04438313686991169,0.022878404151359888,development,uptrend,,
2008-08-01,-0.006947425345460001,0.020661463819960924,0.02336140169954648,-0.007467136359218585,development,uptrend,,
2008-08-04,0.024352859030248863,0.029130146653221667,0.05109425079293772,-0.006267301949948179,development,uptrend,,
2008-08-05,0.002507584951456421,0.005159500693481256,0.010208044382801651,-0.02008321775312072,development,uptrend,,
2008-08-06,0.0019046780701510446,0.023287725451248464,0.0030562659182769014,-0.05124852496401089,development,uptrend,,
2008-08-07,0.0024676933178626737,0.007502717056240282,-0.0193986522622972,-0.042249913844164766,development,uptrend,,
2008-08-08,0.02010217861821162,-6.629935029867084e-05,-0.030092682179564734,-0.042831751977041255,development,uptrend,,
2008-08-11,-0.014867114426420303,-0.04117118600260827,-0.05468576475220177,-0.06134024028218965,development,uptrend,,
2008-08-12,-0.0041776147614780434,-0.034080541475215886,-0.029089348263324544,-0.05627680390998635,development,uptrend,,
2008-08-13,-0.020666636303334873,-0.0344702242562297,-0.05312543372976186,-0.06856464831814846,development,uptrend,,
2008-08-14,-0.008497616395898855,-0.0033742285989732945,-0.02330331447594547,-0.01595688992617872,development,uptrend,,
2008-08-18,-0.005656619950341613,-0.024868543300045842,-0.013145614421763319,-0.010118184044159317,development,downtrend,,
2008-08-19,0.011522249123701034,-0.008704715046526812,-0.006402591728686291,0.03173780446201646,development,downtrend,,
2008-08-20,-0.029969225081039275,-0.018307616068235943,-0.028101103248891146,0.007144106537785078,development,downtrend,,
2008-08-21,0.010177783223578318,0.012523758096274706,-0.016305448618397222,0.015978548611843335,development,downtrend,,
2008-08-22,0.004029667216319144,-0.005986659522917215,0.009738371862915152,0.03806195114371991,development,downtrend,,
2008-08-25,0.0005304956135558925,-0.02795723146616147,0.0031024419692988747,0.030794425628682287,development,downtrend,,
2008-08-26,-0.010318548945047468,0.005337953081721913,0.03854177538533832,0.014618882579781278,development,downtrend,,
2008-08-27,-0.017887315737341924,0.013494121620637456,0.03659033968420444,-0.00010492228922687197,development,downtrend,,
2008-08-28,0.03058665422322404,0.06462437858289016,0.02876653529570694,-0.0005081790512274642,development,downtrend,,
2008-08-29,-0.0017102902012073873,0.02103943901405314,0.02897080053306178,-0.0650123250071486,development,downtrend,,
2008-09-01,0.033300044528211004,-0.001502757108410746,0.02520162317931418,-0.06514337243787749,development,downtrend,,
2008-09-02,-0.014447355386332905,-0.006791652754518762,-0.024972621109260018,-0.1118337613911008,development,uptrend,,
2008-09-04,-0.02078889161578279,0.005399689280575437,-0.034738088923935706,-0.09146855245658836,development,uptrend,,
2008-09-05,0.028451461706841208,0.009625357867162121,-0.029793638619202478,-0.02593896926638939,development,downtrend,,
2008-09-08,-0.003667593589827156,-0.04344338581736806,-0.09191443072718164,-0.058437310538782095,development,uptrend,,
2008-09-09,-0.015053161723559083,-0.05350863003637385,-0.0878791488878008,-0.07623952941382206,development,uptrend,,
2008-09-10,-0.024322063860935828,-0.07376203255585878,-0.08846438114730792,-0.0536699073284439,development,uptrend,,
2008-09-11,-0.01471476859603893,-0.050494032617541706,-0.05905727224000101,-0.042187130405655915,development,downtrend,,
2008-09-12,-0.03758321474220594,-0.05285983647923842,0.0031427129511665264,-0.05829468304843388,development,downtrend,,
2008-09-15,0.0005769980693794974,-0.008446832100755586,0.03695467312984424,-0.054634073819184725,development,downtrend,,
2008-09-16,-0.016332101705766933,0.04183026139427248,0.012785867500568093,-0.03769512511427986,development,downtrend,,
2008-09-17,0.008214194455714363,0.054378579286561424,0.03894887959553084,-0.013607140627925896,development,downtrend,,
2008-09-18,0.05059640385600561,0.021307625340331926,0.01726137275206252,-0.05506335312595523,development,downtrend,,
2008-09-19,-0.006095715278934932,-0.020640438527439575,-0.062062434999454186,-0.15217878956773556,development,downtrend,,
2008-09-22,-0.022964559350986735,-0.0268354128357432,-0.08850821803522946,-0.14614451548555252,development,downtrend,medium,downtrend_medium
2008-09-23,0.008604496152214702,-0.034054414348906215,-0.04957887628385749,-0.14836092774798526,development,downtrend,medium,downtrend_medium
2008-09-24,-0.012397462577499518,-0.0749852506128812,-0.05079103523510975,-0.2119577554559241,development,downtrend,medium,downtrend_medium
2008-09-25,-0.030057803468208077,-0.045646498041527206,-0.07069058744675993,-0.15042288988819597,development,downtrend,medium,downtrend_medium
2008-09-26,-0.03512352865990831,-0.009886710354023442,-0.09720060605026026,-0.11817704741579083,development,downtrend,medium,downtrend_medium
2008-09-29,0.018837529794424324,-0.00789874573997218,-0.06290432005277757,-0.13259023963994543,development,downtrend,medium,downtrend_medium
2008-09-30,0.007368946192263026,-0.08146665273895537,-0.10408357921595368,-0.16638831994575665,development,downtrend,medium,downtrend_medium
2008-10-01,-0.03420976042533963,-0.08775655977207486,-0.17037854316677037,-0.22238240070654458,development,downtrend,medium,downtrend_medium
2008-10-03,-0.05630941985759352,-0.07954578958957992,-0.08555787951657434,-0.18193487310833867,development,downtrend,medium,downtrend_medium
2008-10-06,-9.699428058640436e-05,-0.09065831365188748,-0.024480530648737453,-0.10314810403932784,development,downtrend,high,downtrend_high
2008-10-07,-0.025177561441223517,-0.03154476591177968,-0.07379869248887572,-0.1496088155061136,development,downtrend,medium,downtrend_medium
2008-10-08,-0.06342002386018741,0.004740038915543199,-0.06646107187356842,-0.15959227843456925,development,downtrend,medium,downtrend_medium
2008-10-10,0.06654650472877477,0.020012833253193918,-0.06066479593381913,-0.21048608967552696,development,downtrend,high,downtrend_high
2008-10-13,0.007026073667427912,-0.06433703744747177,-0.10626485745991743,-0.27758224417639277,development,downtrend,high,downtrend_high
2008-10-14,-0.05102476050566729,-0.12608369112264717,-0.08044572269138628,-0.23333519324092922,development,downtrend,high,downtrend_high
2008-10-15,-0.01936201296918083,-0.06330520048771737,-0.0805975636101337,-0.1344541556667851,development,downtrend,high,downtrend_high
2008-10-16,-0.05955857153109978,-0.010446504634157305,-0.09969261455669742,-0.06888849904656669,development,downtrend,high,downtrend_high
2008-10-17,0.004697283921758499,-0.013850476000391798,-0.16865065292026582,0.01090668136443207,development,downtrend,high,downtrend_high
2008-10-20,0.03503551654874171,-0.05831253781742618,-0.19235936838707668,-0.041738643133011566,development,downtrend,high,downtrend_high
2008-10-21,-0.05241600500432819,-0.20116238321768853,-0.16621322238836056,-0.10574398058286871,development,downtrend,high,downtrend_high
2008-10-22,-0.03969268616100741,-0.1763900055610339,-0.05847035640722953,-0.02995303033332508,development,downtrend,high,downtrend_high
2008-10-23,-0.11996594295444873,-0.08146443632928901,0.03664541427203072,0.0722009365687526,development,downtrend,high,downtrend_high
2008-10-24,-0.023047914398887315,0.11682635613207548,0.2161006667271408,0.13735845276971448,development,downtrend,high,downtrend_high
2008-10-27,0.004375674891574199,0.133523272002545,0.11531296194586615,0.06075667499985671,development,downtrend,high,downtrend_high
2008-10-29,0.07020733798169054,0.16533770009086335,0.07282195970769778,0.042298722976952696,development,downtrend,high,downtrend_high
2008-10-31,0.05491446616595308,0.037967024515090486,0.03035977702262138,-0.029753190691484743,development,downtrend,high,downtrend_high
2008-11-03,0.03011231789402502,-0.05166792808991061,0.032128514056224855,-0.12035082293459554,development,downtrend,high,downtrend_high
2008-11-04,-0.05095462214311175,-0.05791016398637405,-0.0687950875881328,-0.16501624019646677,development,downtrend,high,downtrend_high
2008-11-05,-0.03528491405593592,0.04995916265655165,-0.05002584750209882,-0.1485100822356864,development,downtrend,high,downtrend_high
2008-11-06,0.027564157953858137,0.01569166243627418,-0.028652865235893943,-0.06905730539294042,development,downtrend,high,downtrend_high
2008-11-07,0.05884032835529962,-0.041990413212907196,-0.05843675281560656,-0.08914339100508539,development,downtrend,high,downtrend_high
2008-11-10,-0.06626526819513656,-0.10703160229466746,-0.14744854347602976,-0.15671071391197422,development,uptrend,high,uptrend_high
2008-11-11,-0.030446902258485786,-0.047091411591407395,-0.10310082453868064,-0.0631913640746049,development,downtrend,high,downtrend_high
2008-11-12,-0.0132197690813729,-0.057882759008514695,-0.1035288264242451,-0.0326193477330583,development,downtrend,high,downtrend_high
2008-11-14,-0.0049228172305284534,-0.06341078713876791,-0.04263522973465261,-0.04638515835992063,development,downtrend,high,downtrend_high
2008-11-17,-0.04256991236480012,-0.08895789511740526,-0.033613428540439916,-0.051615516731445266,development,downtrend,high,downtrend_high
2008-11-18,-0.01779890038207066,0.003988426492172126,-0.01071661541328861,-0.009803391604929601,development,downtrend,high,downtrend_high
2008-11-19,-0.030768373825255102,0.028111020499860917,0.04481438425948192,0.05838586731417417,development,downtrend,high,downtrend_high
2008-11-20,0.05476576134375244,0.039317002860353556,0.07890820500239681,0.06296984591874266,development,downtrend,high,downtrend_high
2008-11-21,0.006466321687300658,0.022818031519938442,-0.0029545292468817763,0.03461727668326242,development,downtrend,high,downtrend_high
2008-11-24,-0.02004949519962551,0.01728023039706228,-0.018646383003925737,0.08121328774743652,development,downtrend,high,downtrend_high
2008-11-25,0.037625610535660714,0.011479934299390537,0.0015080397646081156,0.10092554283770849,development,downtrend,high,downtrend_high
2008-11-26,0.003423588393321353,-0.03201365914226495,0.015405925476333016,0.06397281189060977,development,downtrend,high,downtrend_high
2008-11-28,-0.026223618518374736,-0.03582380439188193,-0.014790483801021104,0.08204637019416938,development,downtrend,high,downtrend_high
2008-12-01,-0.005649240176328507,0.04306188105110986,0.041565379069687935,0.13799622549756596,development,downtrend,high,downtrend_high
2008-12-02,-0.0003951265580902641,0.021411063911100703,0.10188146754468486,0.1117027648753528,development,downtrend,high,downtrend_high
2008-12-03,0.04950122341426688,0.047995482778091514,0.09924709292066636,0.15217391304347827,development,downtrend,high,downtrend_high
2008-12-04,-0.025927189468340828,0.05081373786393306,0.04833768145729711,0.10437267250960613,development,uptrend,high,uptrend_high
2008-12-05,0.025527701062583175,0.07568053739537106,0.09816922856795207,0.11957126146339947,development,downtrend,high,downtrend_high
2008-12-08,0.051172075717687227,0.048695174951383535,0.09191587511799715,0.06567467939069038,development,uptrend,high,uptrend_high
2008-12-10,-0.004737528758218312,0.01606990390725671,0.006918780692317439,-0.005862187381140527,development,uptrend,high,uptrend_high
2008-12-11,0.0020580718606741932,0.04335668036760576,0.049873907926407224,-0.019929029348124794,development,uptrend,high,uptrend_high
2008-12-12,0.021693701273741484,0.012491927938728109,0.054696906335976125,0.001473679348860113,development,uptrend,high,uptrend_high
2008-12-15,0.019489844630796727,0.025857990286417554,0.018668705372288263,-0.0013742115303826408,development,uptrend,high,uptrend_high
2008-12-16,-0.028318128861959946,0.01218571245148925,-0.023614941860974015,-0.02673947939737986,development,uptrend,high,uptrend_high
2008-12-17,0.03566410031330558,0.02840609349073464,-0.013027221387588717,0.030926928899636996,development,uptrend,high,uptrend_high
2008-12-18,0.004733920992491036,-0.030803166064724108,-0.06717270649689844,0.01908258281811137,development,uptrend,high,uptrend_high
2008-12-19,-0.01233242381082944,-0.05212443004102685,-0.05038591236595169,0.011552538411934377,development,uptrend,high,uptrend_high
2008-12-22,-0.023229447283458105,-0.059883194867154765,-0.019659455457760933,-0.0391050744941186,development,uptrend,medium,uptrend_medium
2008-12-23,-0.017035049656628387,-0.01523217384221609,-0.002780211724575432,-0.03181232912665055,development,uptrend,medium,uptrend_medium
2008-12-24,-0.021439490234960612,0.02042909750457067,0.04346110180300422,-0.050259429454202253,development,uptrend,medium,uptrend_medium
2008-12-26,0.022767460949375984,0.035699911970431986,0.09250478898965597,-0.039269886077673455,development,downtrend,medium,downtrend_medium
2008-12-29,0.01948639038524269,0.04249711693446501,0.06509725986601533,-0.029854065299920296,development,uptrend,medium,uptrend_medium
2008-12-30,-0.006930044347269626,0.04753671388100589,-0.01993427260588687,-0.08158268799003976,development,uptrend,medium,uptrend_medium
2008-12-31,0.004003790269806462,0.025769441987519848,-0.053252518439270036,-0.0679332168490977,development,uptrend,medium,uptrend_medium
2009-01-02,0.020498553713730994,-0.04523092690028607,-0.09338778989579077,-0.06948918637617496,development,uptrend,medium,uptrend_medium
2009-01-05,-0.0027871059336457282,-0.07960916226173309,-0.12063112248218,-0.10408454343865126,development,uptrend,medium,uptrend_medium
2009-01-06,-0.061809349610106756,-0.10913002629248925,-0.08914803252604364,-0.13063805580363774,development,uptrend,medium,uptrend_medium
2009-01-07,-0.01607902599598754,-0.059932534093526724,-0.06275792498650723,-0.07060049171768001,development,downtrend,medium,downtrend_medium
2009-01-09,-0.033375741757376676,-0.011694598074515672,-0.014082348365772268,-0.0663332144762786,development,downtrend,medium,downtrend_medium
2009-01-12,-0.01082884642454951,-0.013801819397522563,0.025657640061936826,-0.0013152801238738299,development,downtrend,medium,downtrend_medium
2009-01-13,0.031618450579287805,0.02912605576788918,0.01753754803709473,0.03678507540697962,development,downtrend,medium,downtrend_medium
2009-01-14,-0.03375352046327329,0.004907637645771734,-0.04453982428047132,-0.0029481684540113573,development,downtrend,medium,downtrend_medium
2009-01-15,0.033412477592939416,0.02177570246848748,-0.008476416211865234,0.050347113199899596,development,downtrend,medium,downtrend_medium
2009-01-16,0.006186587585137904,-0.04332380632217814,-0.05308088695711466,-0.02193588924213008,development,downtrend,high,downtrend_high
2009-01-19,-0.016286118497991886,-0.045411325741434694,-0.02516789445471246,-0.020753456690951078,development,downtrend,medium,downtrend_medium
2009-01-20,-0.025653489776490068,-0.035590788864149236,0.02595956656994458,0.009235309061086161,development,downtrend,medium,downtrend_medium
2009-01-21,-0.00033149237850815805,0.020867921871041473,0.04024385824033305,0.024072677950297994,development,downtrend,medium,downtrend_medium
2009-01-22,-0.009942857132543947,0.05324439609970577,0.06259590852268238,0.05087883678082883,development,downtrend,medium,downtrend_medium
2009-01-23,0.03175668631540951,0.05133928997485104,0.030006832356228585,0.08706086977703542,development,downtrend,medium,downtrend_medium
2009-01-27,0.028291977763653886,0.037421943458333606,0.0046190336820837175,0.05896571635284875,development,downtrend,medium,downtrend_medium
2009-01-28,-0.008914364895092453,-0.0290242309572718,-0.016249336600023034,0.02679553262985368,development,downtrend,high,downtrend_high
2009-01-29,0.017970644684947912,-0.014217222000380558,-0.015580460416506514,0.024432994744067127,development,downtrend,medium,downtrend_medium
2009-01-30,-0.03679920334180298,-0.02412660242380338,-0.010183299042782812,0.026459170162444146,development,uptrend,medium,uptrend_medium
2009-02-02,0.003749739442491462,0.0023616545260951582,0.05278525413511814,0.027041644131963194,development,downtrend,high,downtrend_high
2009-02-03,0.008037579763624292,0.022440445779875473,0.05530983260646605,-0.003668123620305219,development,downtrend,medium,downtrend_medium
2009-02-04,-0.008099170875702444,0.041798199034430494,0.04386761258473815,-0.009490713640620818,development,downtrend,medium,downtrend_medium
2009-02-05,0.02293701684208793,0.05582236742128455,0.040908826587825464,0.0035979634262097715,development,downtrend,medium,downtrend_medium
2009-02-06,0.027030777578925136,0.02907085732726289,0.03703770493647429,-0.03749497751549935,development,uptrend,medium,uptrend_medium
2009-02-09,0.005069030748239944,-0.009127616806327454,-0.024386050745830112,-0.0636366927887747,development,uptrend,medium,uptrend_medium
2009-02-10,-0.002488935843206641,0.005233582562649275,-0.05540402318445281,-0.05813160586430277,development,uptrend,medium,uptrend_medium
2009-02-11,-0.01173391222979947,-0.02695221185208785,-0.051667009990300716,-0.04842180936281082,development,uptrend,low,uptrend_low
2009-02-12,0.017742849324539733,-0.043649339237194384,-0.03714246201322835,-0.04601392881302713,development,uptrend,low,uptrend_low
2009-02-13,-0.03383363011956242,-0.05837364458789107,-0.0718392432216145,-0.09281774013185784,development,uptrend,low,uptrend_low
2009-02-16,-0.029206193319229357,-0.022601046934094815,-0.0420310076590954,-0.08110103452966244,development,uptrend,low,uptrend_low
2009-02-17,0.007622089811569088,-0.006787271776380388,0.0026677668790353604,-0.03990706679093681,development,downtrend,low,downtrend_low
2009-02-18,0.00455582047280112,-0.015413998480484636,0.0032232330929735653,-0.07202794810998292,development,downtrend,low,downtrend_low
2009-02-19,-0.018947440838591012,-0.009608162750143867,-0.009195907946565773,-0.060642506551218944,development,downtrend,low,downtrend_low
2009-02-20,-0.001223891736688243,0.017681944412731854,-0.022887899294456115,-0.05995071610421043,development,downtrend,low,downtrend_low
2009-02-24,0.010627613216649845,0.011048291247815811,-0.04062633331937027,-0.04243721380384846,development,downtrend,low,downtrend_low
2009-02-25,0.008489592204187213,-0.031713798806802695,-0.042357541839200374,-0.015549182510720572,development,downtrend,low,downtrend_low
2009-02-26,-0.00791544287418644,-0.05862083199571755,-0.07502602708955741,-0.003033331414002527,development,downtrend,low,downtrend_low
2009-02-27,-0.03255443710513484,-0.0431889395452163,-0.05224994220139134,-0.002586322155756493,development,downtrend,low,downtrend_low
2009-03-02,-0.018617967486166953,-0.035720283165310285,-0.03704881972121654,0.04586196632181294,development,downtrend,low,downtrend_low
2009-03-03,0.012729952955293777,0.0031393982752985217,0.002105706503883198,0.07473341940732703,development,downtrend,low,downtrend_low
2009-03-04,-0.02615365422954108,-0.027495371210210062,0.02772217406685562,0.06090560959680569,development,downtrend,low,downtrend_low
2009-03-05,0.016842884386824464,0.01579507176554773,0.0778111962743766,0.14093330837052487,development,downtrend,low,downtrend_low
2009-03-06,-0.017919237266735832,0.037842028414273976,0.05242160543350538,0.12159835183419943,development,downtrend,low,downtrend_low
2009-03-09,0.016682832072975273,0.07875315595261223,0.08553115213512341,0.15919599831277909,development,downtrend,low,downtrend_low
2009-03-12,0.03923026007516239,0.053829338935585724,0.07282343406551872,0.17795990406055684,development,downtrend,low,downtrend_low
2009-03-13,0.022532703768945783,0.028957456942917625,0.03350453723754576,0.14454809243482725,development,downtrend,low,downtrend_low
2009-03-16,-0.006807551576557325,0.011093631424041517,0.058908206434615806,0.07268528736986601,development,uptrend,low,uptrend_low
2009-03-17,0.01343537074689416,0.017913857173236236,0.065653746936567,0.09547986805879316,development,uptrend,low,uptrend_low
2009-03-18,0.0036108948139330632,0.05107161152710682,0.06696342416418255,0.09413490793217649,development,uptrend,low,uptrend_low
2009-03-19,-0.00010687973273282303,0.046787842252123735,0.09792148922688826,0.14380107116276974,development,uptrend,low,uptrend_low
2009-03-20,0.04725261460281405,0.0630866854239025,0.10736482406046832,0.16006771668225128,development,uptrend,low,uptrend_low
2009-03-23,0.005096074319350885,0.054193155662399795,0.018588772353775873,0.14335792302614792,development,uptrend,medium,uptrend_medium
2009-03-24,0.015499539972543719,0.057795648119495,0.027953552803467563,0.1372158681434621,development,uptrend,medium,uptrend_medium
2009-03-25,0.033531729398943666,-0.0013748336511861803,0.026188313406404484,0.13424431139450088,development,uptrend,low,uptrend_low
2009-03-26,0.009498603925309546,-0.018980955064455407,0.04275188369791638,0.13143794662458164,development,uptrend,medium,uptrend_medium
2009-03-27,-0.04201048577603539,-0.015568927171290659,0.04755933981704863,0.08387615601125864,development,uptrend,medium,uptrend_medium
2009-03-30,0.01316363170096091,0.07691924117519289,0.12115571852158391,0.13505716798016687,development,uptrend,medium,uptrend_medium
2009-03-31,0.012070704175544567,0.07697140813309544,0.1052300679251621,0.11682126712359175,development,uptrend,medium,uptrend_medium
2009-04-01,0.04900279237754557,0.09209254923867416,0.10504566854476138,0.09939399720578801,development,uptrend,medium,uptrend_medium
2009-04-02,0.014090646807093599,0.04069937789319944,0.08494863418554033,0.03704048065599852,development,uptrend,medium,uptrend_medium
2009-04-06,0.026909503091140374,0.039089497652377236,0.03506532290518738,0.051714822819466155,development,uptrend,medium,uptrend_medium
2009-04-08,-0.0011804994536386282,0.04128807601427087,0.011476360533099195,0.04027196652719667,development,uptrend,medium,uptrend_medium
2009-04-09,0.01208789033409241,0.008168287124339368,0.0104422676662832,0.03823830132703887,development,uptrend,medium,uptrend_medium
2009-04-13,0.030371572152438242,0.0008723923803315436,-0.004776028797395915,-0.0056484211777275695,development,uptrend,medium,uptrend_medium
2009-04-15,-0.03296169857716191,-0.030780489042172232,-0.04421198918321867,-0.002984816735657758,development,uptrend,medium,uptrend_medium
2009-04-16,0.004421992088959881,-0.0012464612470322045,0.016085458130842945,0.08443389226888254,development,uptrend,medium,uptrend_medium
2009-04-17,-0.0022601085290642198,-0.016086845755779566,0.028362508309328627,0.08188194175160657,development,uptrend,medium,uptrend_medium
2009-04-20,-0.0034203617258999897,0.013873832761525762,0.027584849682371848,0.07350043501905557,development,uptrend,medium,uptrend_medium
2009-04-21,-0.010194390962545041,0.034521161199709605,-0.0006687273181640307,0.09489977870176047,development,uptrend,medium,uptrend_medium
2009-04-22,0.027983771557386294,0.041885602762347984,0.04307159620833967,0.08713404929346202,development,uptrend,medium,uptrend_medium
2009-04-23,0.016692925783847734,-0.017890524083677528,0.06729755104910717,0.03826381477488594,development,uptrend,medium,uptrend_medium
2009-04-24,-0.003245927863049003,-0.0021113082909139935,0.05187712951557244,0.057392366652044835,development,uptrend,medium,uptrend_medium
2009-04-27,-0.030883384448407547,0.05317769130998706,0.04483356357634394,0.04777345438824043,development,uptrend,medium,uptrend_medium
2009-04-28,0.030341242949635028,0.08608545027116765,0.09261044564055854,0.06578383143337163,development,uptrend,medium,uptrend_medium
2009-04-29,0.05039240270465739,0.04207034228604534,0.04081984706734021,0.055466109144272524,development,uptrend,medium,uptrend_medium
2009-05-04,-0.000709536814367584,0.005294010736457855,-0.02999042225235371,0.17973800036669396,development,uptrend,medium,uptrend_medium
2009-05-05,-0.010090101357693837,-0.011278003503037981,0.005215755777239206,0.1792600205659476,development,uptrend,medium,uptrend_medium
2009-05-06,0.01845375552634665,-0.017292566350919136,0.00500396669889791,0.1805703164031267,development,uptrend,medium,uptrend_medium
2009-05-07,-0.01659516998368704,-0.00019011113112943345,-0.023996441002919422,0.14370684081120366,development,uptrend,medium,uptrend_medium
2009-05-08,-0.016912093574984466,0.005393071976768304,0.015460112658162162,0.17223259351448528,development,uptrend,medium,uptrend_medium
2009-05-11,0.03557317845257435,0.010915294021653699,0.21619569327862398,0.19211453198062678,development,uptrend,medium,uptrend_medium
2009-05-12,-0.009131175468483854,0.0007904333475297065,0.17709034284497438,0.1220988607325384,development,uptrend,medium,uptrend_medium
2009-05-13,-0.01058673207019345,0.1903273819727025,0.17577574258909934,0.1773589360015304,development,uptrend,medium,uptrend_medium
2009-05-14,0.020512195529095445,0.2002863037917202,0.17039337049835934,0.2054699278554073,development,uptrend,medium,uptrend_medium
2009-05-15,0.17695983482330813,0.1625716124361607,0.15391424599783243,0.2112084487686523,development,uptrend,medium,uptrend_medium
2009-05-18,-0.0015029074801936604,-0.026370313603231943,-0.020208415514177958,0.047387761193962374,development,uptrend,high,uptrend_high
2009-05-19,-0.011218569102749654,-0.01858176555716351,-0.046784325253256154,0.04781476121562944,development,uptrend,high,uptrend_high
2009-05-20,-0.01392162093340521,-0.007680937679267141,0.0013347165691117713,0.060966921142868724,development,uptrend,high,uptrend_high
2009-05-21,0.006327362495303301,-0.02259099923729424,0.029737525575683987,0.08566302131414227,development,uptrend,high,uptrend_high
2009-05-22,-0.0001298442594723781,0.008954414987092152,0.049751089591502096,0.08230098314109968,development,uptrend,high,uptrend_high
2009-05-25,-0.028977041203566034,0.023009587683317845,0.06848606834037452,0.044898658212668696,development,uptrend,high,uptrend_high
2009-05-26,0.03855682304680963,0.08055045936839966,0.09908197475638114,0.10532397716855457,development,uptrend,high,uptrend_high
2009-05-27,0.01425352167357219,0.0593407634893528,0.05952791618208497,0.08865453885245378,development,uptrend,high,uptrend_high
2009-05-28,0.02492661298450738,0.04250417554570052,0.05342392497696258,0.06840988200483777,development,uptrend,high,uptrend_high
2009-05-29,0.01786356321779814,0.01804338817427631,0.03067140099659671,0.029884954817196885,development,uptrend,high,uptrend_high
2009-06-01,-0.0011478319125725056,0.009314682914936867,-0.02219432697279977,-0.010252887309203929,development,uptrend,high,uptrend_high
2009-06-02,0.0011490874627113623,0.013567540016296453,0.005623731148491906,-0.0017015126091040056,development,uptrend,high,uptrend_high
2009-06-03,0.00934818874733856,-0.022161867132913904,0.02758099920522117,-0.03844114293794798,development,uptrend,high,uptrend_high
2009-06-04,0.0029738040883107164,-0.004886976653507902,0.014081821305262254,-0.0703867920519472,development,uptrend,high,uptrend_high
2009-06-05,-0.03326899779885306,0.01590884607028098,0.00022909744238819307,-0.058648945251358775,development,uptrend,high,uptrend_high
2009-06-08,0.027824559948619543,0.04741690368979734,0.01270396928462536,-0.04347580599627354,development,uptrend,high,uptrend_high
2009-06-09,0.022749697968714955,0.00696436620845442,-0.007447852268458233,-0.06694206169955808,development,uptrend,high,uptrend_high
2009-06-10,-0.004229764985681506,-0.037231052943615506,-0.06468201277893304,-0.07825175305385468,development,uptrend,high,uptrend_high
2009-06-11,-0.011676403407897995,-0.02582182511095843,-0.08326593106416691,-0.0853251660243709,development,uptrend,high,uptrend_high
2009-06-12,-0.021953672469580687,-0.04984022877803318,-0.05912115656834227,-0.0456196016705287,development,uptrend,high,uptrend_high
2009-06-15,0.008865301392442682,-0.050624191145515085,-0.05423060949069736,-0.019461356477797898,development,uptrend,low,uptrend_low
2009-06-16,-0.03525755298468103,-0.04468092077837349,-0.05943062926516829,-0.04966392309566425,development,uptrend,low,uptrend_low
2009-06-17,-0.023329073022270053,-0.02703917803590905,-0.013783755225274863,-0.002768304811235023,development,downtrend,low,downtrend_low
2009-06-18,0.014702076771718087,-0.0009644792082196263,-0.002175907362214291,0.022994048070966944,development,downtrend,low,downtrend_low
2009-06-19,-0.018300076894503303,-0.004925594325244531,0.014208845652110336,0.025508738515906737,development,downtrend,low,downtrend_low
2009-06-22,0.005611771933925924,0.0043923694330580965,0.03969654023588909,-0.013638531962866907,development,downtrend,medium,downtrend_medium
2009-06-23,0.010748097079141594,0.030183928897840717,0.01031250323332733,-0.010630260264161362,development,downtrend,low,downtrend_low
2009-06-24,-0.012110343588469408,0.022613760482521394,0.01095748654876938,-0.05006001383928804,development,downtrend,low,downtrend_low
2009-06-25,0.030997018964265433,0.011109909441403776,0.024717514936818397,-0.03840767130600664,development,downtrend,low,downtrend_low
2009-06-26,0.003554027818216232,-0.007884993548022745,0.011164716082313397,-0.0849065247272599,development,downtrend,low,downtrend_low
2009-06-29,-0.02286232547961975,-0.009711921289707437,-0.0514174666258681,-0.09505862488258565,development,downtrend,low,downtrend_low
2009-06-30,0.011322624203270903,0.030741141419898144,-0.02100270401552562,-0.04214521598565746,development,downtrend,low,downtrend_low
2009-07-01,-0.0056361958028466885,-0.04751338851892073,-0.06736026012489993,-0.032010975191494206,development,downtrend,low,downtrend_low
2009-07-02,0.017700687500210588,-0.03338851904974238,-0.06126788247464132,-0.026660204621448025,development,downtrend,low,downtrend_low
2009-07-03,-0.059576462101710304,-0.07917197660756314,-0.0961035276158998,-0.012337434788450952,development,uptrend,low,uptrend_low
2009-07-06,0.008677364940890442,-0.020415278163256168,-0.04607536033890425,0.08071291406625059,development,downtrend,medium,downtrend_medium
2009-07-07,-0.029260966587332682,-0.04711024684648191,-0.021526278475034633,0.06360293532343508,development,downtrend,low,downtrend_low
2009-07-08,0.000539368966441911,-0.025669617204259865,0.0379405455102666,0.07849216116304025,development,downtrend,low,downtrend_low
2009-07-09,-0.018988582803536436,0.007350419149755982,0.036752095748780356,0.10838195429029862,development,downtrend,low,downtrend_low
2009-07-10,-0.007331232010682309,0.0574761710718783,0.09280868812312004,0.1411674866687409,development,downtrend,low,downtrend_low
2009-07-13,0.03454865285564224,0.06474416807952177,0.13289798680592613,0.1505245696715194,development,downtrend,low,downtrend_low
2009-07-14,0.027349107128257222,0.06167501520843066,0.0845224979317245,0.10757627499023026,development,downtrend,medium,downtrend_medium
2009-07-15,0.0018704634411625953,0.06599976322954904,0.04152951399165383,0.06866343080383563,development,uptrend,medium,uptrend_medium
2009-07-16,0.03391272338711815,0.056162755408775134,0.06907792628903042,0.08035070349561102,development,uptrend,medium,uptrend_medium
2009-07-17,0.028404052269371816,0.004796820500340138,0.04354825523573158,0.059058064080070194,development,uptrend,medium,uptrend_medium
2009-07-20,-0.007197579105575946,0.004942796845496034,0.015728047248139587,0.0466288797831278,development,uptrend,medium,uptrend_medium
2009-07-21,-0.015751886295457984,0.022207058004008795,0.0212114418615017,0.0472557681386665,development,uptrend,medium,uptrend_medium
2009-07-22,0.02586339198495513,0.03687316646783456,0.02353897092546986,0.06450545262320095,development,uptrend,medium,uptrend_medium
2009-07-23,0.009668936060923006,0.008685531883208641,0.010309934723890413,0.0134150013111336,development,uptrend,medium,uptrend_medium
2009-07-24,0.000798901737223856,-0.0120713785303308,0.014840334544778289,-0.01909754563492383,development,uptrend,medium,uptrend_medium
2009-07-27,-0.0019024902472949412,-0.0002951385218343816,0.030309679753347973,-0.02955517584767431,development,uptrend,medium,uptrend_medium
2009-07-28,-0.011454686347352805,0.015473825758296922,0.02512159976763373,-0.020686344358393227,development,uptrend,medium,uptrend_medium
2009-07-29,0.012929050185825242,0.04393871183811804,0.04011650545520218,-0.012319712936374794,development,uptrend,medium,uptrend_medium
2009-07-30,0.014185426605773488,0.023820959842830502,0.003040489554385184,0.00730595450832916,development,uptrend,medium,uptrend_medium
2009-07-31,0.016746536520147126,0.013023889723332571,-0.032888754104047346,-0.01159955161326287,development,uptrend,medium,uptrend_medium
2009-08-03,-0.005471447543160646,-0.02565737051792827,-0.05707306191899075,-0.06764411105577695,development,uptrend,low,uptrend_low
2009-08-04,0.002819877691599526,-0.04263029612418856,-0.044777254384407494,-0.04743701250893695,development,uptrend,low,uptrend_low
2009-08-05,-0.02318746906213831,-0.05468279739950854,-0.05045428924751527,-0.06395986531765196,development,uptrend,low,uptrend_low
2009-08-06,-0.024064113406217724,-0.026252707430745703,0.0028528709107016326,-0.03015085476070245,development,uptrend,low,uptrend_low
2009-08-07,-0.010888241982893176,-0.006463835952301378,0.020851399685166694,0.009428241321185693,development,uptrend,low,uptrend_low
2009-08-10,0.008196188874013632,0.03833145434047358,-0.010620089663190502,0.046854521913754166,development,downtrend,low,downtrend_low
2009-08-11,-0.0036433916131923816,0.023749386346853196,-0.0033304803509844882,0.04147487618340384,development,downtrend,low,downtrend_low
2009-08-12,0.0328470470731379,-0.015845937678989785,-0.014455307186092337,0.0498593270697647,development,downtrend,low,downtrend_low
2009-08-13,-0.0054504409603421955,-0.031757923868138915,-0.03294131792627286,0.01803422141079114,development,uptrend,low,uptrend_low
2009-08-14,-0.041692126864406265,-0.040338017583159136,-0.010919892140471621,0.03353505274713142,development,uptrend,low,uptrend_low
2009-08-17,0.015810434524148542,0.014568901996240946,0.05770584455803629,0.06210276743507226,development,downtrend,low,downtrend_low
2009-08-18,-0.014278481822388,0.01593849019965221,0.04522463073439509,0.0375974645631203,development,downtrend,low,downtrend_low
2009-08-19,0.013449109957754946,0.056538441751321056,0.06519735424649165,0.04869889636561675,development,downtrend,low,downtrend_low
2009-08-20,0.016919378475212188,0.04623379476893463,0.052711940114899436,0.03145866760168614,development,downtrend,low,downtrend_low
2009-08-21,0.023330564546280907,0.031717320258976,0.04306855793692299,0.03161809163773932,development,downtrend,low,downtrend_low
2009-08-24,0.0038133413085641443,0.010028824652467794,0.004405803053387114,0.030430989620453097,development,uptrend,low,uptrend_low
2009-08-25,0.00459279559748893,0.015645601795913233,-0.007318480985279208,0.03129120359182669,development,uptrend,low,uptrend_low
2009-08-26,0.0019662738432357774,-0.0036118620097777,-0.015099359338266671,0.028905749091686195,development,uptrend,low,uptrend_low
2009-08-27,0.009374242007498035,-0.013448043255862463,-0.020230803607182546,0.027941302518693645,development,uptrend,low,uptrend_low
2009-08-28,-0.014532271913257233,-0.02589386631816737,-0.010664086637937165,0.020862996077628315,development,uptrend,low,uptrend_low
2009-08-31,-0.007904014437925655,-0.014724891199228818,0.025889001324440164,0.03140146201592642,development,uptrend,low,uptrend_low
2009-09-01,-0.0033844944515030173,0.012197210714478768,0.039197664359861495,0.057980124925659515,development,uptrend,low,uptrend_low
2009-09-02,-0.0032981166937889883,0.03778679736235424,0.044589096826688435,0.07586653698806622,development,uptrend,low,uptrend_low
2009-09-03,0.015557468264951524,0.04264755708939583,0.045717815892114766,0.07742955589472955,development,uptrend,low,uptrend_low
2009-09-04,0.021463352574754513,0.02815865803991957,0.03142617149596627,0.06271354614473768,development,uptrend,low,uptrend_low
2009-09-07,0.004683379551185807,0.007641846167290689,0.0053838191610100505,0.049625242859390406,development,uptrend,low,uptrend_low
2009-09-08,0.001945950560112486,0.0051301593882790986,0.01814818145742536,0.03435041235473846,development,uptrend,low,uptrend_low
2009-09-09,0.001048906827519236,-0.001194346045336303,0.02992092427130033,0.03576800680014558,development,uptrend,low,uptrend_low
2009-09-10,0.0021060510747019645,0.015084906167912138,0.03032533205486332,0.028955948001095466,development,uptrend,low,uptrend_low
2009-09-11,-0.004502779210673213,0.026509425217362992,0.03016338445156297,0.036539794514198976,development,uptrend,low,uptrend_low
2009-09-14,0.017417616916210577,0.03269306598699506,0.044058792174786365,0.05731697818563308,development,uptrend,low,uptrend_low
2009-09-15,0.013024424886747044,0.01663038296258379,0.015384204074063268,0.0385625128999767,development,uptrend,low,uptrend_low
2009-09-16,0.0014117030736249259,0.01243314941935636,0.0056468122944999255,0.009004727669124302,development,uptrend,low,uptrend_low
2009-09-17,0.0024374961268600615,0.0012087147863943937,-0.001007262321995439,0.012782099846845085,development,uptrend,low,uptrend_low
2009-09-18,0.00865968069972034,0.0018986371272098346,0.0059773762665551455,0.0017379402009261025,development,uptrend,low,uptrend_low
2009-09-22,-0.009960258180786052,-0.012151514980558997,0.012749130471406245,-0.0035259703032567424,development,uptrend,low,uptrend_low
2009-09-23,0.001888611460009182,0.005967309784765451,0.02134755876047989,-0.006419277630397402,development,uptrend,low,uptrend_low
2009-09-24,-0.005245612290923574,0.019829109891439156,0.003630839361632887,0.013871316721656424,development,uptrend,low,uptrend_low
2009-09-25,0.009618623403570892,0.02505469736683663,0.013762439398684823,0.03207208818059337,development,uptrend,low,uptrend_low
2009-09-29,0.01523674666893915,-0.0008885818933083156,-0.004373289421351179,0.020209119504367656,development,uptrend,low,uptrend_low
2009-09-30,-0.0007470303551748714,-0.011755050061495909,-0.016698811143853853,0.010801561747438626,development,uptrend,low,uptrend_low
2009-10-01,-0.014351634081235076,-0.017789385085251186,-0.025777841906548304,0.007565014549214766,development,uptrend,low,uptrend_low
2009-10-05,0.004746535122066575,-0.00027977623756092473,0.01011263750338487,0.011981292952654155,development,uptrend,low,uptrend_low
2009-10-06,-0.00913214093226522,-0.017191008335628366,0.017191008335628366,-0.008565712578901596,development,uptrend,low,uptrend_low
2009-10-07,-0.001795959092042887,0.008580693439760534,0.01947619808555756,-0.0028336633200298778,development,uptrend,low,uptrend_low
2009-10-08,-0.009573363646605215,0.025075144264470328,0.0298718009901362,-0.004426216233977542,development,uptrend,low,uptrend_low
2009-10-09,0.021999979858380758,0.033040450492985984,0.034172824176893934,-0.019967848446557857,development,downtrend,low,downtrend_low
2009-10-12,0.012632701815779912,0.017371136346137517,0.0018301067043791086,-0.04514926566292243,development,uptrend,low,uptrend_low
2009-10-14,-0.0018950107748032519,-0.0008009318130001164,-0.025387993081994353,-0.07189536373427308,development,uptrend,low,uptrend_low
2009-10-15,0.006557505532847507,-0.008818338611700893,-0.02184532112976656,-0.07770148955580947,development,uptrend,low,uptrend_low
2009-10-16,-0.00605369670253586,-0.030511504396058986,-0.033951374377514054,-0.11304807685646934,development,uptrend,low,uptrend_low
2009-10-20,-0.010019843987897903,-0.023031035263913036,-0.052425759743501166,-0.0789955297329038,development,uptrend,low,uptrend_low
2009-10-21,-0.01476295309593556,-0.018258700964662422,-0.04684649308020328,-0.05881487300406052,development,uptrend,low,uptrend_low
2009-10-22,0.002105664319271394,-0.02804536500237842,-0.04732731231886089,-0.03818269340552227,development,downtrend,low,downtrend_low
2009-10-23,-0.005252994309353887,-0.03421950578664812,-0.05712250234826244,-0.019761264306616955,development,downtrend,low,downtrend_low
2009-10-26,-0.02491668210591169,-0.044260697235651514,-0.08181185549338166,-0.017875207545694383,development,downtrend,low,downtrend_low
2009-10-27,-0.004209159745767965,-0.027823836504181965,-0.028009616215788125,0.03247679214454058,development,downtrend,low,downtrend_low
2009-10-28,-0.015654522583450015,-0.0543296222637063,-0.012546422938503832,0.026221960201148198,development,downtrend,low,downtrend_low
2009-10-29,-0.008292795675508113,-0.008482307705668046,0.009481973387536868,0.05216688610255038,development,downtrend,low,downtrend_low
2009-10-30,-0.03148179694546127,0.011310903429890162,0.03950340120828688,0.07338316190514083,development,downtrend,low,downtrend_low
2009-11-03,0.0314190016282101,0.05010621317684838,0.06883725703802623,0.10836822991223927,development,downtrend,low,downtrend_low
2009-11-04,0.011439708692476902,0.03963579719857879,0.06203777849100134,0.07280895229463114,development,downtrend,low,downtrend_low
2009-11-05,0.006009418425537483,0.023953895188778107,0.03883584737152601,0.04646040901940229,development,downtrend,low,downtrend_low
2009-11-06,0.021319183528861974,0.043326480030827064,0.042283977168780185,0.05343875779268337,development,downtrend,low,downtrend_low
2009-11-09,-0.0035109325305914263,0.01097185104237064,0.03248686552415747,0.04177466501118765,development,downtrend,low,downtrend_low
2009-11-10,0.024916616244705647,0.023892508713414973,0.036857670055355785,0.04265407867826121,development,downtrend,low,downtrend_low
2009-11-11,-0.010340900209786064,0.010720546597130287,0.010051213721987473,0.020731756459233086,development,uptrend,low,uptrend_low
2009-11-12,0.009409693728701374,0.022191464693855467,0.007400507157419023,0.01074231546279969,development,uptrend,low,uptrend_low
2009-11-13,0.012318583946262285,0.011648192797458323,0.011197877576803794,-0.010957670369258432,development,uptrend,low,uptrend_low
2009-11-16,0.0006522706411613566,-0.013827017980393319,0.008815981113299953,-0.005188823567451317,development,uptrend,low,uptrend_low
2009-11-17,-0.0013434366665020514,-0.0017879689197866089,0.005739366726760897,0.011952978366096989,development,uptrend,low,uptrend_low
2009-11-18,-0.010894277933903296,0.011816058261318263,0.012728061250666833,0.015721766000226456,development,uptrend,low,uptrend_low
2009-11-19,0.012768768792282614,0.02040587415434736,0.003367537897770001,0.028654511713856134,development,uptrend,low,uptrend_low
2009-11-20,0.010013874552323943,0.010924253138781648,-0.022006984239753224,0.01107268127897898,development,uptrend,low,uptrend_low
2009-11-23,-0.002830596535259522,-0.01948093933643491,-0.01416254744123413,-0.00750241032076393,development,uptrend,low,uptrend_low
2009-11-24,0.0032603231418786294,-0.029421258837454167,0.005980535687673427,0.011077254036300666,development,uptrend,low,uptrend_low
2009-11-25,-0.02167526046214674,-0.01636877069119691,0.0013290082826820093,-0.0008697818101653931,development,uptrend,low,uptrend_low
2009-11-26,-0.012647187771881119,0.02336643987098186,0.025304521546695602,0.025893867736315634,development,uptrend,low,uptrend_low
2009-11-27,0.01830142046891603,0.03662299559917037,0.03371944000075877,0.035419050976275956,development,uptrend,low,uptrend_low
2009-11-30,0.01633029773557726,0.018255054156906203,0.0053574615460485475,0.01309601711256314,development,uptrend,low,uptrend_low
2009-12-01,9.760382607004736e-05,-0.002703645045385783,0.004919270960421551,-0.017510164523449334,development,uptrend,low,uptrend_low
2009-12-02,0.0013953207398744727,-0.011288720293455623,-0.002448957501792748,-0.01609897515768821,development,uptrend,low,uptrend_low
2009-12-03,-0.004443029035401724,0.0031665918470535903,0.0005748011222370675,-0.017528341853381035,development,uptrend,low,uptrend_low
2009-12-04,-0.00825036975797877,0.0006165579892811746,0.0016539352045437106,-0.023713732058673886,development,uptrend,low,uptrend_low
2009-12-07,0.015665307372844328,0.013041224848006738,0.007329589736031039,-0.02287630811559105,development,uptrend,low,uptrend_low
2009-12-08,-0.006925471432608243,-0.005895913325891011,-0.022262605233520638,-0.03143178105679478,development,uptrend,low,uptrend_low
2009-12-09,0.00435216345063294,-0.0013104818009597174,-0.013760679719909685,0.0062984500288676415,development,uptrend,low,uptrend_low
2009-12-10,-0.00365066553343929,-0.020054322663692892,-0.018360375828411102,0.008245655565411125,development,uptrend,low,uptrend_low
2009-12-11,-0.0022960653355772465,-0.01473397644281238,-0.025354423599246556,0.013776392013463479,development,uptrend,low,uptrend_low
2009-12-14,-0.014238886610684065,-0.01253488713705131,-0.029995574077021026,0.012476168107036223,development,uptrend,low,uptrend_low
2009-12-15,0.0018080070379944413,-0.008990750602329456,-0.009358347654645383,0.03339981578430118,development,downtrend,low,downtrend_low
2009-12-16,-0.0009709217874365184,-0.01863608661338323,0.019408953901678405,0.036767022987383546,development,downtrend,low,downtrend_low
2009-12-17,-0.010769497161344677,-0.011136434419625196,0.027052737473968635,0.04678696992141007,development,downtrend,low,downtrend_low
2009-12-18,-0.006230334252190883,0.0322956464571893,0.040994110134556117,0.05982561138645259,development,downtrend,low,downtrend_low
2009-12-21,0.006561216017292537,0.045433857944744416,0.043627059140944,0.06253343573404235,development,downtrend,low,downtrend_low
2009-12-22,0.030971693473594186,0.03965900108634157,0.04228414710446238,0.051041613867910174,development,downtrend,low,downtrend_low
2009-12-23,0.006530885346721638,0.004791321637537926,0.01698810331655043,0.02033122796361231,development,uptrend,low,uptrend_low
2009-12-24,0.0013897978695169844,0.003918313890363345,0.01875209233098496,0.005723090738551262,development,uptrend,low,uptrend_low
2009-12-29,-0.0037195480004817982,0.008373923452180243,0.01793299054444719,0.00871119158034217,development,uptrend,low,uptrend_low
2009-12-30,0.005772278822633314,0.020633451230136046,0.017771484157015127,0.017152634529920663,development,uptrend,low,uptrend_low
2009-12-31,0.00601824560296671,0.015554981611411778,0.008431251990927535,0.009863733956047005,development,uptrend,low,uptrend_low
2010-01-04,0.00014212217084574874,-0.0026623849895300866,-0.005258520321296034,-0.0004358043129452094,development,uptrend,low,uptrend_low
2010-01-05,0.000691511687102464,-0.006327956378980204,-0.012835937071418835,-0.009946667103313489,development,uptrend,low,uptrend_low
2010-01-06,-0.0035404043550939512,-0.0061342541447700905,-0.009059337942444179,-0.011378623120411047,development,uptrend,low,uptrend_low
2010-01-07,-0.003704231371990274,-0.01022939595502681,-0.0008263470876668233,-0.03231231374958443,development,uptrend,low,uptrend_low
2010-01-08,-0.0027356477977993343,-0.005670734162119606,-0.0022036570168703085,-0.04327668474105728,development,uptrend,low,uptrend_low
2010-01-11,-0.007750794034694919,0.001675802122192982,0.004522861792446209,-0.04631414194923622,development,uptrend,low,uptrend_low
2010-01-12,0.004095863341952777,0.007596995149130148,0.0025035115763758498,-0.06896750053042489,development,uptrend,low,uptrend_low
2010-01-13,0.004852402778441123,0.007708491289760255,-0.0024452774262107013,-0.07015951857866076,development,uptrend,low,uptrend_low
2010-01-14,-0.0014638504865499558,-0.006511530758358863,-0.03151200651672925,-0.07183598636314059,development,uptrend,low,uptrend_low
2010-01-15,0.0040353270024791055,-0.006081430553070644,-0.04142832247855954,-0.0673721533810897,development,uptrend,low,uptrend_low
2010-01-18,-0.009205242723228313,-0.03413793301376222,-0.05049112341344708,-0.08420235888105809,development,uptrend,low,uptrend_low
2010-01-19,-0.000841909313165079,-0.036375135206748954,-0.0713725326782928,-0.05630393496136099,development,uptrend,low,uptrend_low
2010-01-20,-0.024146639640743595,-0.040668994487871535,-0.06761238690221749,-0.07180760959950316,development,uptrend,low,uptrend_low
2010-01-21,-0.011415035571881393,-0.04731894610651255,-0.041636014197121596,-0.07371200439689407,development,downtrend,low,downtrend_low
2010-01-22,-0.005293403259003848,-0.033230340582137585,-0.02678483967910017,-0.05445370747718059,development,downtrend,low,downtrend_low
2010-01-25,-0.03102723417065989,-0.025247118960267545,-0.03561942744209845,-0.043096755047668966,development,downtrend,low,downtrend_low
2010-01-27,0.00087394612379188,0.007546821984885765,0.014157947286911332,-0.02175607745990127,development,downtrend,low,downtrend_low
2010-01-28,0.0032674501737177675,-0.007408280758086971,-0.00427438634339683,-0.00807615989564392,development,downtrend,low,downtrend_low
2010-01-29,0.0036153647199692607,0.010200693348300982,-0.033469527940264254,-0.016406962767584243,development,downtrend,low,downtrend_low
2010-02-01,-0.015841967145070246,-0.012734700277387656,-0.030043744690351315,-0.010615666049199501,development,downtrend,low,downtrend_low
2010-02-02,0.0208756153293832,-0.023256074861571108,-0.007938335263144247,0.017180707927965333,development,downtrend,low,downtrend_low
2010-02-03,-0.017429422350178303,-0.03465615742553296,-0.03530501414850251,-0.008831303391066081,development,downtrend,low,downtrend_low
2010-02-04,-0.020955878963508257,-0.005602066653611071,0.0014939249651719777,0.005238969740877009,development,downtrend,low,downtrend_low
2010-02-05,0.0010619206964359584,0.0003890560354666839,0.009799509331440692,0.021249708772715703,development,downtrend,low,downtrend_low
2010-02-08,0.006742939150566674,0.013927024333085791,0.019997731190368073,0.023001544882941927,development,downtrend,low,downtrend_low
2010-02-09,-0.007469185204986406,0.0018673472381598444,0.025245149175881387,0.013686646704829997,development,downtrend,low,downtrend_low
2010-02-10,0.014630321647222555,0.020705239371485717,0.0274318145987702,0.02154606127489611,development,downtrend,low,downtrend_low
2010-02-11,-0.005374947193634294,0.0178338613885618,0.003521199764673577,0.019552994936353763,development,downtrend,low,downtrend_low
2010-02-15,0.01123541120140703,0.017899579076286365,0.011370756773939172,0.04481656963341596,development,downtrend,low,downtrend_low
2010-02-16,0.011392073676588677,-0.002830004276160536,0.002346310718591038,0.04722509337456393,development,downtrend,low,downtrend_low
2010-02-17,-0.005564504712587959,-0.011942828049522514,-0.01149518806889449,0.0336005165840878,development,uptrend,low,uptrend_low
2010-02-18,-0.0086755271905119,-0.00352955633772567,-0.005637019579006863,0.041208928994254324,development,downtrend,low,downtrend_low
2010-02-19,0.001453762781719492,0.00190747209702824,0.01504319250253916,0.056636435153752274,development,downtrend,low,downtrend_low
2010-02-22,0.002769366791748107,0.0006485817815780059,0.033027199917316175,0.050426202985486945,development,downtrend,low,downtrend_low
2010-02-23,-0.0022486076681482725,0.01083262357214676,0.0448810057879212,0.05066180760180794,development,uptrend,low,uptrend_low
2010-02-24,0.00015435274747899186,0.032516978802222596,0.04553406050627706,0.05647250511293467,development,uptrend,low,uptrend_low
2010-02-25,0.013131584786971295,0.04725740406632695,0.04738091907224451,0.0573222187918081,development,uptrend,low,uptrend_low
2010-02-26,0.016492402288103447,0.02930745998089246,0.038171630321754524,0.0391643976138365,development,uptrend,low,uptrend_low
2010-03-02,0.014414509307405288,0.01453415077628728,0.017086047818816175,0.036345209152562674,development,uptrend,low,uptrend_low
2010-03-03,-0.003276507454959776,0.005307056896961093,0.003786539783192211,0.026476559876013495,development,uptrend,low,uptrend_low
2010-03-04,0.00160423397827536,0.004123607900304638,0.01040243668263785,0.032545709423750235,development,uptrend,low,uptrend_low
2010-03-05,0.006254744708436455,0.004732794226100401,0.008807693904613334,0.03351234853970131,development,uptrend,low,uptrend_low
2010-03-08,-0.0038175384800213097,0.002411633967110749,0.001532907891085955,0.01643225389996683,development,uptrend,low,uptrend_low
2010-03-09,0.002871628913148294,0.006938980254452609,0.018915633948716204,0.024247237075301076,development,uptrend,low,uptrend_low
2010-03-10,0.0033324155622795892,0.002452882318051186,0.022584421019279377,0.028154798232726153,development,uptrend,low,uptrend_low
2010-03-11,0.0010133277817561126,0.012919501050721038,0.022233933902103598,0.029268521966757888,development,uptrend,low,uptrend_low
2010-03-12,-0.0010809907112969697,0.01897957976497988,0.024997731888056318,0.03279803989480534,development,uptrend,low,uptrend_low
2010-03-15,0.013482272143517493,0.022801880029588384,0.014866590061585638,0.026028718337333334,development,uptrend,low,uptrend_low
2010-03-16,0.0064345537178391865,0.012378614194096693,0.005164925769455486,0.009743269713235136,development,uptrend,low,uptrend_low
2010-03-17,0.0025513560605368024,-0.005226822561822386,0.005322471585707866,0.01107494385635599,development,uptrend,low,uptrend_low
2010-03-18,0.003049477890447738,-0.004097735915289169,0.006708888584056938,0.023176050579938767,development,uptrend,low,uptrend_low
2010-03-19,-0.01059694502519204,-0.00010459953968777747,0.007964322182917316,0.019967838657948045,development,uptrend,low,uptrend_low
2010-03-22,0.0037361250643783706,0.01462775548954709,0.010872402507658085,0.032425022142588356,development,uptrend,low,uptrend_low
2010-03-23,0.006717336606171909,0.014841309755888377,0.004554818643592418,0.015147530971140855,development,uptrend,low,uptrend_low
2010-03-25,0.004077557690526312,0.0003612532331329632,0.005693358379729174,0.01923757003922355,development,uptrend,low,uptrend_low
2010-03-26,0.0035864031610617353,-0.006586007557043971,0.015991975919626755,0.010560437177093096,development,uptrend,low,uptrend_low
2010-03-29,-0.007637258225770216,-0.002347786581798461,0.011889571345254701,0.0037714855435901917,development,uptrend,low,uptrend_low
2010-03-30,-0.0021480885288712726,0.02053075849839492,0.02171888109668174,0.0025093520564127836,development,uptrend,low,uptrend_low
2010-03-31,0.007867828078719663,0.022250971641699202,0.010525413004697004,0.002552751246888141,development,uptrend,low,uptrend_low
2010-04-01,0.014551914695748902,0.015733076602871376,0.013295176882225368,-0.016583513175999487,development,uptrend,low,uptrend_low
2010-04-05,-0.0006797281778383457,-0.012142264061348107,-0.005577590266765298,-0.025988622577905685,development,uptrend,low,uptrend_low
2010-04-06,0.0016679476499765755,-0.0007361938179011318,-0.0079672733182794,-0.022513425754626004,development,uptrend,low,uptrend_low
2010-04-07,-0.01336413741517084,-0.006807583413240725,-0.019102302840646623,-0.019892809351517604,development,uptrend,low,uptrend_low
2010-04-08,0.011193063282536775,0.003875658823784045,-0.007505998306522987,0.00032064637594553247,development,uptrend,low,uptrend_low
2010-04-09,-0.0026987864170415765,-0.015044368603172598,-0.028109037427980765,-0.0059205863880228415,development,uptrend,low,uptrend_low
2010-04-12,-0.003351508096361866,-0.01465122566056265,-0.020736399257601512,-0.006085173597038862,development,uptrend,low,uptrend_low
2010-04-13,-0.009336259247973655,-0.022476641694760602,-0.01472768869315122,-0.020259916467607497,development,uptrend,low,uptrend_low
2010-04-15,-0.002047977564284431,-0.00821098446720403,-0.0007679684382935204,-0.0036503963963446795,development,downtrend,low,downtrend_low
2010-04-16,-0.014282854894984931,-0.006468948694787202,0.0047452276253401315,-0.0001988624328885802,development,downtrend,low,downtrend_low
2010-04-19,0.004185683195335521,0.011721731708647765,0.021917016090791108,0.002774455360556427,development,downtrend,low,downtrend_low
2010-04-20,0.002791445653490987,0.014110145828085896,0.01492271875099771,-0.01563960150318522,development,downtrend,low,downtrend_low
2010-04-21,0.003953435128209781,0.014070437122696289,-0.006315951249277529,-0.02356822638625833,development,downtrend,low,downtrend_low
2010-04-22,0.006537473257412829,0.00734397844822432,-0.0029413718723716453,-0.03393011072860386,development,downtrend,low,downtrend_low
2010-04-23,0.004359043511102723,-0.01583211163588838,-0.004028814338137954,-0.05308203605818773,development,uptrend,low,uptrend_low
2010-04-26,-0.002583566589823283,-0.012767553045915814,-0.018667461309117783,-0.02414460413034869,development,uptrend,low,uptrend_low
2010-04-27,-0.017472965711034183,-0.005689347462661365,-0.030085563738444954,-0.03241217110098482,development,uptrend,low,uptrend_low
2010-04-28,0.0074588758628542084,0.0014380902161927889,-0.017324212196203392,-0.01123629694765349,development,downtrend,low,downtrend_low
2010-04-29,0.0045296722246581655,-0.020117275966530457,-0.03108943161358446,-0.014331447255460206,development,downtrend,low,downtrend_low
2010-04-30,-0.010542949259876977,-0.02908078259319491,-0.04932367809810079,-0.03502953655740437,development,downtrend,low,downtrend_low
2010-05-03,-0.014433642250672007,-0.02546943991553241,-0.005800226890623539,-0.031394169694258456,development,downtrend,low,downtrend_low
2010-05-04,-0.004554895232003697,-0.0253091360333223,-0.002369729152268407,-0.015956549338233317,development,downtrend,low,downtrend_low
2010-05-05,-0.00654706996465193,0.013504058354393722,0.006293419837364755,-0.03995589803722255,development,downtrend,low,downtrend_low
2010-05-06,-0.010695345718694571,0.012587997577991006,0.021016127153552056,-0.024584451202196322,development,downtrend,low,downtrend_low
2010-05-07,0.0332232516523181,0.025872319691422785,0.01330917539569998,-0.018989017120539464,development,downtrend,low,downtrend_low
2010-05-10,-0.010328069301266951,-0.002090678290139203,-0.025020491864974237,-0.04736255208584228,development,downtrend,medium,downtrend_medium
2010-05-11,0.004460657870708484,-0.007840272705137541,-0.013157984842951054,-0.06369612856099338,development,downtrend,medium,downtrend_medium
2010-05-12,0.004139581480501864,-0.018933390086703472,-0.04612653514805265,-0.04656278881213849,development,downtrend,medium,downtrend_medium
2010-05-13,-0.016803198110118545,-0.022072871352676438,-0.04496621320394811,-0.034253064582197235,development,downtrend,medium,downtrend_medium
2010-05-14,-0.0066746501996154395,-0.034207582273029336,-0.03194997999963001,-0.005369186317082164,development,downtrend,medium,downtrend_medium
2010-05-17,0.0013144233937254501,-0.022126416648282077,-0.02284780540511744,0.005287031659460428,development,downtrend,medium,downtrend_medium
2010-05-18,-0.02871615417428841,-0.026445715332354847,-0.05100592143791893,-0.018736036902343267,development,downtrend,medium,downtrend_medium
2010-05-19,0.004731696666106844,0.003990494365573527,-0.001401194609877754,0.019403833389225023,development,downtrend,medium,downtrend_medium
2010-05-20,-0.00314356891559453,-0.028291626697958594,0.011401520229019413,0.033112943623047286,development,downtrend,medium,downtrend_medium
2010-05-21,-7.070958251131909e-05,-0.0054405888409613246,0.0247254423941079,0.03867083366005253,development,downtrend,medium,downtrend_medium
2010-05-24,-0.028016462127568698,0.011687924949254302,0.028511921535343543,0.017936262474607556,development,downtrend,medium,downtrend_medium
2010-05-25,0.022902690102434065,0.05392840274850563,0.03388604772811532,0.037401514420513315,development,downtrend,medium,downtrend_medium
2010-05-26,0.017893695423319977,0.03482089168066649,0.02130152638123506,0.017323968553460967,development,downtrend,medium,downtrend_medium
2010-05-27,0.012176303708278269,-0.007072059623845162,0.020956508769621296,0.014583666009232443,development,downtrend,medium,downtrend_medium
2010-05-28,0.00200935892417875,-0.011081341761950636,0.011701877662179339,0.008520320554744387,development,uptrend,medium,uptrend_medium
2010-05-31,-0.022816378409928784,0.004767756205455775,-0.010272794298353372,0.021912056094863575,development,uptrend,medium,uptrend_medium
2010-06-01,0.009877804688678715,0.033143891766836076,0.0032892617122668444,0.050616123855806494,development,downtrend,high,downtrend_high
2010-06-02,0.01799748999807127,0.0027589012132454016,-0.003954084647349365,0.04246889026420586,development,downtrend,high,downtrend_high
2010-06-03,0.004479110805918118,-0.024547196651960368,-0.006650236543160548,0.03173531997434731,development,uptrend,high,uptrend_high
2010-06-04,-0.019277450890301417,-0.02584291403141581,-0.002649567429793054,0.025258359697732713,development,uptrend,high,uptrend_high
2010-06-07,-0.009847736758763492,0.008318919276304237,0.03196537291416268,0.06285853775248507,development,uptrend,medium,uptrend_medium
2010-06-08,0.003059146968934945,0.026940612076225667,0.047602391604114835,0.0664988341116044,development,downtrend,medium,downtrend_medium
2010-06-09,0.01580126379248492,0.03962318861244851,0.04675373938599181,0.06471513688448316,development,downtrend,medium,downtrend_medium
2010-06-10,0.007994112263105979,0.02827469311469355,0.03861188238370672,0.04762000446098935,development,uptrend,medium,uptrend_medium
2010-06-11,0.01514609815100365,0.022108765850914258,0.02782148921993355,0.02908116074406153,development,uptrend,medium,uptrend_medium
2010-06-14,0.004047121634822792,0.014140752452389993,0.02922346446228974,0.025416761247517128,development,uptrend,medium,uptrend_medium
2010-06-15,0.0015885576748577712,0.007186590438824636,0.017511794800101788,0.00595211506469262,development,uptrend,medium,uptrend_medium
2010-06-16,0.007872172591072646,0.02286165574242327,0.01710087638072988,0.015065986286346478,development,uptrend,medium,uptrend_medium
2010-06-17,-0.0023412728459928367,0.007886256331285812,0.00865409163186337,-0.004464552668132837,development,uptrend,medium,uptrend_medium
2010-06-18,0.01648149713994118,0.010756650971945225,0.00048415545191304865,-0.005582436598072671,development,uptrend,medium,uptrend_medium
2010-06-21,-0.006985569394676983,-0.006229063857457806,-0.003819646161520973,-0.022049195203964644,development,uptrend,medium,uptrend_medium
2010-06-22,0.0013167424035416264,-0.008859813684991225,-0.01128636345892875,-0.005097692532014975,development,uptrend,medium,uptrend_medium
2010-06-23,-0.000497797838491576,0.0019255154276052178,-0.002019443009439681,-0.015432283350162002,development,uptrend,medium,uptrend_medium
2010-06-24,-0.0096701804929048,-0.01209474629381635,-0.01298751952941457,-0.004445052597265242,development,uptrend,medium,uptrend_medium
2010-06-25,0.011838117506342893,0.007854129418289446,-0.006450266428277063,0.0154332295249755,development,uptrend,medium,uptrend_medium
2010-06-28,-0.014511892675254545,-0.015402481527696743,-0.018308613572508237,0.009271535304505862,development,uptrend,medium,uptrend_medium
2010-06-29,0.011086263500975413,-0.003264005775086787,0.006623172610267902,0.027863139809439996,development,uptrend,medium,uptrend_medium
2010-06-30,-0.011417419748254387,-0.01433531407716715,-0.013356370824807007,0.013949435788584319,development,uptrend,medium,uptrend_medium
2010-07-01,-0.0026945779278743087,0.007198248928826478,0.008683665347536396,0.02427993334920253,development,uptrend,medium,uptrend_medium
2010-07-02,-0.0002100625656387134,0.0007829096154763349,0.022045101262650357,0.02995988205914646,development,uptrend,medium,uptrend_medium
2010-07-05,0.0101124321620496,0.011602146419468218,0.028055212773625993,0.028714137402290785,development,uptrend,low,uptrend_low
2010-07-06,-0.009824110453347634,0.011212729130614774,0.020318868470883933,0.014150479107114311,development,uptrend,low,uptrend_low
2010-07-07,0.010463582154950357,0.026898130484547922,0.027499027536007192,0.030017187649036714,development,downtrend,low,downtrend_low
2010-07-08,0.010430038126346686,0.019529129203535334,0.015394888182565403,0.02732575599617504,development,uptrend,low,uptrend_low
2010-07-09,0.00574524732589099,0.006333766611004821,0.007781755774440624,0.018095211855995164,development,uptrend,low,uptrend_low
2010-07-12,0.00567012512081555,0.0015920830465432356,0.0030259579548232995,0.009012681200599726,development,uptrend,low,uptrend_low
2010-07-13,-0.002934116559838995,-0.001499462727924894,-0.006293965198074791,0.005294353509117,development,uptrend,low,uptrend_low
2010-07-14,-0.001550017171554452,-0.00012064048040105746,0.0022739506929394526,0.001939764779161246,development,uptrend,low,uptrend_low
2010-07-15,0.003208317505009939,-0.0016087903249901725,0.012145163652981239,0.005998158813714349,development,uptrend,low,uptrend_low
2010-07-16,-0.0011589741268080989,0.0012331303619530498,0.010458564411345295,-0.004654458202231981,development,uptrend,low,uptrend_low
2010-07-19,-0.003527009467235942,0.010200518899665889,0.005865991768377654,0.008288454119872002,development,uptrend,low,uptrend_low
2010-07-20,0.005680918529149315,0.014947334818499192,0.011501531776228369,0.013168500841942654,development,uptrend,low,uptrend_low
2010-07-21,0.007927228127185382,0.0036024551391056203,-0.0002963610355688484,0.012724261514331703,development,uptrend,low,uptrend_low
2010-07-22,0.0013231032252907227,-0.002076444787717069,-0.006064058617797685,0.0009555845211817182,development,uptrend,low,uptrend_low
2010-07-23,-0.005131635261499956,-0.008996521055922191,-0.014495361258480166,-0.0013402621750043808,development,uptrend,low,uptrend_low
2010-07-26,0.001918730299435012,-0.0020848478951981386,0.0021124140472066344,0.012167393205934518,development,uptrend,low,uptrend_low
2010-07-27,-0.007091534790790721,-0.012600945304435007,0.0006345922571839857,0.004525320949637424,development,uptrend,low,uptrend_low
2010-07-28,0.002047075129466336,0.006261716067694323,0.012968125963778387,0.004214640938227987,development,uptrend,low,uptrend_low
2010-07-29,-0.0075437847467269,0.005759541251794564,0.0071555720751583785,0.001488479608407145,development,uptrend,low,uptrend_low
2010-07-30,0.011565233569867939,0.018306989700130227,0.01298064043500502,0.015373782900139021,development,downtrend,low,downtrend_low
2010-08-02,0.0012977091003221197,0.002687546738380009,0.009875729837781844,-0.002613933789691658,development,uptrend,low,uptrend_low
2010-08-03,0.004870114865686448,-0.0003859515779282008,0.0035561206886107755,-0.004998795303433279,development,uptrend,low,uptrend_low
2010-08-04,-0.0042137427856636656,0.002924965546765801,-0.009058216972494648,0.0016452931200556797,development,uptrend,low,uptrend_low
2010-08-05,-0.001651906575505846,0.0022851732781168366,-0.00583670071812048,0.016877014695085624,development,uptrend,low,uptrend_low
2010-08-06,0.008520552101257461,-0.003529487797456321,0.0022611664786176267,0.01670100020555232,development,uptrend,low,uptrend_low
2010-08-09,-0.004756800011675777,-0.012821610388426885,-0.01248450871881257,0.010333928215142674,development,uptrend,low,uptrend_low
2010-08-10,-0.007343398506050924,-0.0015749074932976947,-0.008524601480357608,0.00813080754403317,development,uptrend,low,uptrend_low
2010-08-11,-0.0004152287299353796,-7.389052919859473e-05,0.011155757811355249,0.00805541933866527,development,downtrend,low,downtrend_low
2010-08-12,0.005801923363267125,-0.0011991182085361318,0.022054605097639568,0.010561464221337413,development,downtrend,low,downtrend_low
2010-08-13,-0.0061994997089800385,0.004961355111423593,0.014407256521439704,-0.007960217451327911,development,uptrend,low,uptrend_low
2010-08-16,-0.0014754295148760033,0.02177186081073157,0.022380439464389612,-0.0012356181868660165,development,downtrend,low,downtrend_low
2010-08-17,0.01161318298522973,0.021121606710131635,0.01640435682552499,-0.002557137808677612,development,downtrend,low,downtrend_low
2010-08-18,0.011308391422899744,0.011910737918130687,-0.0029023688849084683,-0.0011682384600465445,development,uptrend,low,uptrend_low
2010-08-19,-0.0018318478742298527,-0.006443060260189926,-0.011352134089114174,-0.009863179373042152,development,uptrend,low,uptrend_low
2010-08-20,0.0022328264238538065,-0.012438607866756102,-0.02213820077075901,-0.009356101518433246,development,uptrend,low,uptrend_low
2010-08-23,-0.006496904832169914,-0.011405712619996233,-0.022675984936077365,0.006469852019351574,development,uptrend,low,uptrend_low
2010-08-24,-0.00780152009063706,-0.01754665736691574,-0.01869106242972196,0.017928214414129062,development,uptrend,low,uptrend_low
2010-08-25,0.002892624522622622,-0.008540653138847998,0.0017850277046704832,0.0266838756877672,development,uptrend,low,uptrend_low
2010-08-26,-0.014736939103868418,-0.015884617050653582,-0.0006284966575202944,0.027406314550213473,development,uptrend,low,uptrend_low
2010-08-27,0.0012110212958298394,0.011638262206557615,0.013034073706827298,0.06491155391951575,development,downtrend,low,downtrend_low
2010-08-30,-0.0020596286625266247,0.013410811810281364,0.03018359422564365,0.07056368072373376,development,downtrend,low,downtrend_low
2010-08-31,0.012733603326969378,0.014130926128056664,0.03719199388800054,0.08474850448865778,development,downtrend,low,downtrend_low
2010-09-01,0.0026042143047786404,0.0191981386435367,0.02484515392071951,0.0652059246946246,development,uptrend,low,uptrend_low
2010-09-02,-0.0012576604614014109,0.0214534749289379,0.028024352564297583,0.07266288843427637,development,uptrend,low,uptrend_low
2010-09-03,0.01777525418998449,0.02341438576924615,0.05118124760406184,0.09141269054558143,development,uptrend,low,uptrend_low
2010-09-06,0.00503956278778217,0.011504851856609877,0.03939272694824081,0.07768251043417784,development,uptrend,low,uptrend_low
2010-09-07,0.0006423870555827271,0.027791408306196086,0.045804558203595525,0.06901012624347591,development,uptrend,low,uptrend_low
2010-09-08,0.005661252269977268,0.03338801535600755,0.03929896729857174,0.06263038928596854,development,uptrend,low,uptrend_low
2010-09-09,0.021421442847145755,0.03932295224849902,0.04357887492702872,0.06722577604003499,development,uptrend,low,uptrend_low
2010-09-13,0.006119473151608323,0.011874449758559225,0.038218564673639044,0.04780134836596206,development,uptrend,low,uptrend_low
2010-09-14,0.011336904415253812,0.015478227050170323,0.036892248770544755,0.040421034467883254,development,uptrend,low,uptrend_low
2010-09-15,-0.005527955811009955,0.020363088100811666,0.022163058159626825,0.022214209766407977,development,uptrend,low,uptrend_low
2010-09-16,0.009650522091569691,0.030941651368522782,0.02244919192794148,0.034527423483171615,development,uptrend,medium,uptrend_medium
2010-09-17,0.01621063436863568,0.018003279297332364,0.022642119340071654,0.04389939018875788,development,uptrend,low,uptrend_low
2010-09-20,0.004773815682217242,-0.0035030842425382014,0.009221620657762664,0.02992227996195962,development,uptrend,medium,uptrend_medium
2010-09-21,-0.002895929469834857,0.001647677002971859,0.003511766526728577,0.022867968939642935,development,uptrend,medium,uptrend_medium
2010-09-22,-0.00525784312047517,0.007444454496331243,4.172891365450404e-05,0.032615384113835244,development,uptrend,medium,uptrend_medium
2010-09-23,0.009875006493264893,0.011754407267737355,0.011829950362779007,0.026990679358562142,development,uptrend,medium,uptrend_medium
2010-09-24,0.00288289022137711,-0.004486316879556362,0.02078661776849544,0.014148579065250022,development,uptrend,medium,uptrend_medium
2010-09-27,-0.0010851144207613128,-0.001010529994345477,0.020443898678431882,0.016534040671971617,development,uptrend,low,uptrend_low
2010-09-28,-0.006277849824489534,0.018949603484827326,0.019347653356305505,0.010241908229217334,development,uptrend,low,uptrend_low
2010-09-29,0.006442637640446058,0.028057131517320144,0.03256362831018178,0.04048333025679507,development,uptrend,low,uptrend_low
2010-09-30,0.01875530260839353,0.019153276576766354,0.014924631098778951,0.024385237505844204,development,uptrend,low,uptrend_low
2010-10-01,0.002400442581600881,0.006794473069955398,-0.006713102134985771,-0.013353018106781245,development,uptrend,medium,uptrend_medium
2010-10-04,-0.002216170306140075,-0.00635615020554825,-0.0038315266635665646,-0.01355640476865061,development,uptrend,low,uptrend_low
2010-10-05,0.0057714660130159245,-0.007722384101922719,-0.00976276689974065,-0.02010264864755873,development,uptrend,low,uptrend_low
2010-10-06,-0.010756732734475194,-0.008243290074107401,0.007604807607238362,-0.03309438515046048,development,uptrend,low,uptrend_low
2010-10-07,-0.0029322879272072333,-0.004982520417972092,0.009140098050296919,-0.0032508744178159077,development,uptrend,medium,uptrend_medium
2010-10-08,0.004896846745769956,0.020954921500911716,-0.0070914913459318996,-0.0065346734494544645,development,uptrend,medium,uptrend_medium
2010-10-11,-0.007342023897646044,0.006747105342441939,-0.009778436605602847,-0.00491372805601209,development,uptrend,low,uptrend_low
2010-10-12,0.023385187839320754,-0.004727986283284746,-0.01053121811196378,-0.001551386781389441,development,uptrend,low,uptrend_low
2010-10-13,-0.009134900279968883,-0.025399742446768236,-0.040453573766475515,-0.035553295363994875,development,uptrend,medium,uptrend_medium
2010-10-14,-0.018337408602918215,-0.02406128661506579,-0.01204681156109988,-0.030473244386591825,development,uptrend,medium,uptrend_medium
2010-10-15,-0.006020171720993006,-0.021373342986994448,-0.007639801286245973,-0.015549434327839395,development,downtrend,medium,downtrend_medium
2010-10-18,-0.014253185133769164,-0.002117965622228435,-0.0014147454552220218,0.000506931821503187,development,downtrend,medium,downtrend_medium
2010-10-19,-0.003473308452988877,0.010511433099057221,0.013168492510437169,0.019332128522092207,development,downtrend,medium,downtrend_medium
2010-10-20,0.015410490965265033,0.016126063658666423,0.0006240742999459314,0.02522925995107994,development,downtrend,medium,downtrend_medium
2010-10-21,-0.00774529695629711,-0.005136242163990001,-0.02056134214008465,0.02754603085579088,development,uptrend,medium,uptrend_medium
2010-10-22,0.0007457168100799549,-0.014521630429215282,-0.013693883169432541,0.028182781448473637,development,downtrend,medium,downtrend_medium
2010-10-25,-0.005607933846083379,-0.021025720367147782,0.00020437193072875282,0.030287920134004054,development,uptrend,medium,uptrend_medium
2010-10-26,-0.010336730768890745,-0.009505468425131225,0.007168160924288403,0.03296052038324704,development,downtrend,medium,downtrend_medium
2010-10-27,-0.008650733583954073,0.012847723386067544,0.019958741510990752,0.025546535931248116,development,downtrend,medium,downtrend_medium
2010-10-28,-0.0005729315973195259,0.016251064870210552,0.04328905716867992,0.008387102267682023,development,downtrend,medium,downtrend_medium
2010-10-29,0.004144576072991679,0.011194490996655482,0.029693284379375573,0.004809397749304223,development,downtrend,medium,downtrend_medium
2010-11-01,-0.0013953056213364956,0.025173194003580424,0.028396342020246435,-0.022659890788448878,development,uptrend,medium,uptrend_medium
2010-11-02,0.0016095831604336919,0.019933030226265025,0.020339494629787458,-0.02468056621444059,development,uptrend,medium,uptrend_medium
2010-11-03,0.011627110586155398,0.014807669670379386,-0.00247199455920577,-0.051420427716314054,development,uptrend,medium,uptrend_medium
2010-11-04,-0.009794373495521147,-0.00939975607710819,-0.04160847601219364,-0.05133972613551163,development,uptrend,high,uptrend_high
2010-11-08,0.0032717409150613275,-0.013811494984874995,-0.025378108954585255,-0.055126572201878665,development,uptrend,high,uptrend_high
2010-11-09,-0.004362863172337583,-0.03673535439044873,-0.04989528973455171,-0.06940128534039236,development,uptrend,high,uptrend_high
2010-11-10,-0.014650806306601982,-0.02620757632659121,-0.045742010626477536,-0.07740582215388703,development,uptrend,high,uptrend_high
2010-11-11,-0.017897854494189014,-0.03131514411970282,-0.047231614322327364,-0.06960995470467213,development,uptrend,medium,uptrend_medium
2010-11-12,0.006858697673036485,-0.01333905145790093,-0.011496883742576736,-0.041102634312682684,development,downtrend,high,downtrend_high
2010-11-15,-0.025189428591457563,-0.04120655048496291,-0.03397117070660716,-0.04569907642682847,development,uptrend,medium,uptrend_medium
2010-11-16,-0.012697666726188772,-0.010854301498945729,-0.034595444096080064,-0.018935358136659808,development,downtrend,high,downtrend_high
2010-11-18,-0.020128758160697036,-0.012734318229779218,-0.035192023615680856,6.660633107791192e-05,development,downtrend,high,downtrend_high
2010-11-19,0.015048404655680914,-0.009314445988509168,-0.028534464324311948,0.012143407848406396,development,downtrend,high,downtrend_high
2010-11-22,-0.006162521605130533,-0.02876971813123652,-0.023704031502238765,0.003466469507840575,development,downtrend,high,downtrend_high
2010-11-23,-0.013629146322298169,-0.0327654563419828,-0.014141994372958266,0.0050026906869389265,development,downtrend,high,downtrend_high
2010-11-24,-0.014310147522930916,-0.009169043503372887,0.01307789911147661,0.003356588574752628,development,downtrend,high,downtrend_high
2010-11-25,-0.013142138600822473,0.005859157383803382,0.0314229777152637,-0.010645839319687656,development,downtrend,high,downtrend_high
2010-11-26,0.006917124212903358,0.029525246550419215,0.035034776212621965,0.011640843197289863,development,downtrend,high,downtrend_high
2010-11-29,0.008792775964894473,0.03443115394965801,0.03108436563221262,0.016527256362019127,development,downtrend,high,downtrend_high
2010-11-30,0.015312536594064063,0.020746006589593025,0.017978164654658402,0.012451047122508996,development,downtrend,high,downtrend_high
2010-12-01,-0.0018843625311162349,-0.005113655985964027,-0.019815477747189614,-0.021708271430570303,development,downtrend,high,downtrend_high
2010-12-02,-0.0034174449574720933,-0.006119765583429637,-0.04105034525637574,-0.010742780082175551,development,downtrend,high,downtrend_high
2010-12-03,-0.006861502243885265,-0.02153749540237182,-0.029219428959412652,-0.01435285425205235,development,downtrend,high,downtrend_high
2010-12-06,-0.0030858792841945704,-0.038123086902263625,-0.014578678274767998,0.0009341202890209566,development,downtrend,high,downtrend_high
2010-12-07,-0.008514662747339807,-0.01629883888875172,-0.0017297804743423573,0.005038291094320302,development,downtrend,high,downtrend_high
2010-12-08,-0.026627843186901257,-0.002802058936785201,-0.005393120700932563,0.009410473899649663,development,downtrend,high,downtrend_high
2010-12-09,0.01672454394310874,0.031782693569909704,0.032589828154834244,0.04349940941785291,development,downtrend,high,downtrend_high
2010-12-10,0.004249785456387434,0.0016404005854411263,0.010947430734929764,0.019625542439046573,development,downtrend,high,downtrend_high
2010-12-13,0.0025975174720296312,0.0033818213144514164,0.01213583157538256,0.011351527732960776,development,downtrend,high,downtrend_high
2010-12-14,-0.006550179694648772,0.0026807453201389553,0.008978022959587939,0.021783329951152508,development,uptrend,high,uptrend_high
2010-12-15,0.006463052774245304,0.015243945256123936,0.011750208966587294,0.032365904914130716,development,downtrend,high,downtrend_high
2010-12-16,0.0034081690439982104,0.009710015225500301,0.0142993324621985,0.03503545710154943,development,uptrend,high,uptrend_high
2010-12-20,0.006752902600406507,0.0032883863461146134,0.00632511172575434,0.033085061160905704,development,uptrend,high,uptrend_high
2010-12-21,-0.005748479424530606,-0.0012294238816663583,-0.003821232762917459,0.02115801589238253,development,uptrend,medium,uptrend_medium
2010-12-22,-0.004312409924388305,-0.0012986904234710828,0.009066117683921293,0.01230455111563078,development,uptrend,medium,uptrend_medium
2010-12-23,0.01201129542632895,0.009385126888598938,0.027204258685450844,0.01818105298598538,development,uptrend,medium,uptrend_medium
2010-12-24,-0.0025276815600315805,0.007824371725499768,0.020155355503482797,-0.01807654874392195,development,uptrend,medium,uptrend_medium
2010-12-27,-0.0015569612935470989,0.016069004875779225,0.02535239370297826,-0.04038065992099982,development,uptrend,medium,uptrend_medium
2010-12-28,0.009192142779143042,0.021539861578770303,0.02351318411841663,-0.04180575152495658,development,uptrend,medium,uptrend_medium
2010-12-29,0.006515625023911342,0.015711728696899963,0.00287837336184138,-0.0328420652798036,development,uptrend,medium,uptrend_medium
2010-12-30,0.004815629862487736,0.0067566459747050445,-0.009311902630077196,-0.057853301282986935,development,uptrend,medium,uptrend_medium
2010-12-31,-0.0032133156931499762,-0.015807556117424904,-0.04416872480223166,-0.0846466380290336,development,uptrend,medium,uptrend_medium
2011-01-03,-0.0042768461939572955,-0.02016929245474064,-0.06640474704851973,-0.08391721679964359,development,uptrend,medium,uptrend_medium
2011-01-04,-0.010022273928372849,-0.03855015529734285,-0.06305616742933906,-0.06794927602775913,development,uptrend,medium,uptrend_medium
2011-01-05,-0.009620108072703415,-0.05635334900012279,-0.03991321434419515,-0.0681103971364827,development,uptrend,medium,uptrend_medium
2011-01-06,-0.02094211589192796,-0.045896932326787376,-0.046261752726417193,-0.052943973512711184,development,uptrend,medium,uptrend_medium
2011-01-07,-0.02346088346863462,-0.006447698972568139,-0.04181282228772765,-0.03470418576680756,development,downtrend,medium,downtrend_medium
2011-01-10,-0.002401216582540111,-0.0027826684394386403,-0.019625723433689735,-0.004282317717058892,development,downtrend,medium,downtrend_medium
2011-01-11,0.010896491830367117,-0.025085991482764358,-0.013103335757320256,-0.01942223017683542,development,downtrend,medium,downtrend_medium
2011-01-12,-0.016895286528436526,-0.0334999786352177,-0.027295679239840998,-0.042122838151091746,development,downtrend,medium,downtrend_medium
2011-01-13,-0.01695907430548671,-0.0048765307439937455,-0.007040906679719017,-0.04171523291297907,development,downtrend,medium,downtrend_medium
2011-01-14,0.0010533556716885162,0.007479464923671131,0.008444306217564534,-0.025297391885824805,development,downtrend,high,downtrend_high
2011-01-17,0.0073030596169640916,0.005112193287736266,0.010681858918760057,-0.04669551847237918,development,downtrend,high,downtrend_high
2011-01-18,-0.008069978680168788,-0.007120028752112817,-0.008706143857755033,-0.0532214510983019,development,downtrend,high,downtrend_high
2011-01-19,0.00983028600711644,0.015426096181046622,-0.009140770034034684,-0.022851838755304055,development,downtrend,high,downtrend_high
2011-01-20,0.0007818264887344828,-0.0008169117459092545,-0.031605468770775524,-0.052055026722270026,development,downtrend,high,downtrend_high
2011-01-21,0.004573980146765466,-0.019730333742974504,-0.0369418396923088,-0.05616485493893775,development,downtrend,high,downtrend_high
2011-01-24,-0.013169521787157024,-0.04357744883226111,-0.06005233479152072,-0.07821040294197235,development,downtrend,high,downtrend_high
2011-01-25,-0.021134264427678184,-0.038321120260657704,-0.051228724205388376,-0.08239743176658842,development,downtrend,high,downtrend_high
2011-01-27,-0.01814216203353225,-0.035055184304862874,-0.015541503384396194,-0.0691485919687389,development,downtrend,high,downtrend_high
2011-01-28,0.009784431058361909,-0.003768843096093044,-0.010417108824695154,-0.02614369603097466,development,downtrend,high,downtrend_high
2011-01-31,-0.02168920116503925,-0.0019052254816632752,-0.02551781728847069,-0.014682211105614518,development,downtrend,high,downtrend_high
2011-02-01,-0.0068652459577787095,-0.01349284809953688,-0.028704373413959594,0.002093443833839359,development,downtrend,high,downtrend_high
2011-02-02,0.017733300412298147,-0.006343893061064643,-0.03257564000452451,0.0094375232543773,development,downtrend,high,downtrend_high
2011-02-03,-0.022491332187208002,-0.03756410466215321,-0.05327996935802681,0.004809922904123187,development,downtrend,high,downtrend_high
2011-02-04,-0.006288942839130507,-0.03252214042563106,-0.022126443008855246,0.005303774939310557,development,downtrend,high,downtrend_high
2011-02-07,-0.02205312448850394,-0.03802227199198094,0.004353530593316002,0.015877106307491395,development,downtrend,high,downtrend_high
2011-02-08,-0.007462616347387985,0.0032023494843160805,0.035508865823641544,0.03327956416903577,development,downtrend,high,downtrend_high
2011-02-09,-0.0038600472267544816,0.04002062563815212,0.044919587003241945,0.03646558841241232,development,downtrend,high,downtrend_high
2011-02-10,0.017309608756648664,0.050070426665761225,0.0626096192432386,0.008247735724463023,development,downtrend,medium,downtrend_medium
2011-02-11,0.021675015214643434,0.02648756056598467,0.022227460383408948,-0.006872374011048121,development,downtrend,high,downtrend_high
2011-02-14,0.002423300260619099,0.014393524815966341,0.00930000414361487,-0.02459878377760505,development,downtrend,high,downtrend_high
2011-02-15,0.002578845819813047,-0.0015820290784357427,0.00029265082077523097,0.010004335733093894,development,downtrend,high,downtrend_high
2011-02-16,0.008133849248660896,0.0030717599548861774,-0.011696402088771873,0.00627078880623011,development,downtrend,high,downtrend_high
2011-02-17,-0.017741561090795166,-0.01589722314327835,-0.05305388520788601,-0.003382750555225522,development,uptrend,high,uptrend_high
2011-02-18,0.011362386630940913,-0.0035278377846066356,-0.028048654882092072,0.00120034537446001,development,downtrend,high,downtrend_high
2011-02-21,-0.006394830981713784,-0.04391027383899471,-0.031093289982596528,0.002979416945481539,development,uptrend,high,uptrend_high
2011-02-22,-0.002769415054764135,-0.027308895137274303,0.012810682697303788,0.014406331442519127,development,uptrend,high,uptrend_high
2011-02-23,-0.02700250606655885,-0.013958862953547535,0.023563706089669623,0.015835433758955464,development,uptrend,high,uptrend_high
2011-02-24,-0.0032888246948156175,0.037821483990379434,0.04091301590913887,0.023378918670411863,development,downtrend,high,downtrend_high
2011-02-25,0.0005816154729318956,0.03865750433738202,0.024952393917011095,0.03777569136802583,development,downtrend,high,downtrend_high
2011-02-28,0.02606833977842804,0.029124860646599693,0.02578963297798209,0.012569658555137586,development,downtrend,high,downtrend_high
2011-03-01,0.010541302364930116,-0.0027928141031274833,0.009592093167601012,0.005968787862528746,development,uptrend,high,uptrend_high
2011-03-03,-0.00849418095547605,-0.01170749137846494,-0.016433405491944497,-0.024981255252156886,development,uptrend,high,uptrend_high
2011-03-04,-0.004899755612559731,0.007458984302389338,-0.00812371671690848,-0.021192814913201463,development,uptrend,high,uptrend_high
2011-03-07,0.01000708110974835,0.005177330122372759,0.011964636793203365,-0.0185415736714567,development,uptrend,high,uptrend_high
2011-03-08,-0.002056853086138566,-0.01749236950409372,-0.016734627893014054,-0.02319388837913683,development,uptrend,high,uptrend_high
2011-03-09,-0.0039339741716653,0.0027918098060426555,-0.0008974085358971484,-0.006499174601904412,development,uptrend,high,uptrend_high
2011-03-10,-0.001961036119380366,-0.0011913162424675994,-0.001741154508221876,0.012142261702073442,development,uptrend,high,uptrend_high
2011-03-11,0.01747447806493141,0.013731242958475054,-0.011551513784144207,0.04005334314356657,development,downtrend,high,downtrend_high
2011-03-14,0.005470461687038686,0.004916956151983287,-0.010193726937269387,0.04930811808118074,development,uptrend,high,uptrend_high
2011-03-15,0.006428054634496361,-0.018672558433334152,-0.011340515424959285,0.04755337303225593,development,downtrend,high,downtrend_high
2011-03-16,-0.001603915415300916,-0.016616545801675375,0.00455513768029614,0.06090295962671011,development,uptrend,high,uptrend_high
2011-03-17,-0.018565005073787333,-0.011232158474455467,0.008593022153531304,0.06545698374559916,development,downtrend,high,downtrend_high
2011-03-18,-0.00813496648948464,0.013219320545412527,0.04538941529928353,0.07715272561821118,development,downtrend,high,downtrend_high
2011-03-21,0.004266488509854893,0.02440242305099405,0.05498203381181277,0.09601455953696147,development,downtrend,high,downtrend_high
2011-03-22,0.01272315831369819,0.044877499729980785,0.06004919266302222,0.09214804142044253,development,downtrend,high,downtrend_high
2011-03-23,0.003744247044157989,0.03370718708348819,0.05195574317566187,0.0708768419709247,development,uptrend,high,uptrend_high
2011-03-24,0.011738093958746365,0.026428600447946815,0.04385676360823054,0.05315242467490644,development,uptrend,high,uptrend_high
2011-03-25,0.007439883087551502,0.025224729169434523,0.032026890693503285,0.03485230946370832,development,uptrend,high,uptrend_high
2011-03-28,0.008766393679108475,0.025894662797854462,0.03903107277103657,0.017444859810516133,development,uptrend,high,uptrend_high
2011-03-29,0.005533565922551942,0.01220508050728042,0.026799055775772462,0.02705100952011885,development,uptrend,high,uptrend_high
2011-03-30,0.005290355303809724,0.018162930557628743,0.015285099783367562,0.00370494838466362,development,uptrend,medium,uptrend_medium
2011-03-31,-0.0015338809447300594,0.01286200594472997,0.008688979488003401,-0.01814908352077982,development,uptrend,medium,uptrend_medium
2011-04-01,0.01137456270326953,0.008515919205751565,0.0,-0.017331393358438918,development,uptrend,medium,uptrend_medium
2011-04-04,-0.002329615493513293,-0.00644005194507602,-0.02332096526183347,-0.012188052385232684,development,uptrend,medium,uptrend_medium
2011-04-05,-0.0027505077860527916,-0.011171293161814533,0.0005924170616113944,-0.003943771951167907,development,uptrend,medium,uptrend_medium
2011-04-06,-0.0004839237960986287,-0.017466033707166373,-0.010868550343083427,-0.0023859532743215617,development,uptrend,medium,uptrend_medium
2011-04-07,-0.007601817641313069,0.0042043572429608655,-0.026780465000849407,-0.0031171865046503155,development,uptrend,medium,uptrend_medium
2011-04-08,-0.003384791961415612,0.003307243612922006,-0.011127683355794615,0.00491784374882509,development,uptrend,medium,uptrend_medium
2011-04-11,0.028453587649537537,-0.003279446935991581,0.01804116311164594,0.0065240648797864065,development,uptrend,medium,uptrend_medium
2011-04-13,-0.012578969326128453,-0.026785335876244987,-0.002381827452850205,-0.02530197075651619,development,uptrend,medium,uptrend_medium
2011-04-15,-0.016353755938937953,0.004687184703832559,0.008610385966312473,-0.021126870965099798,development,uptrend,medium,uptrend_medium
2011-04-18,0.004329951014695688,0.029513680075664794,0.026661984314861886,-0.02637333799860042,development,uptrend,medium,uptrend_medium
2011-04-19,0.01133763100398899,0.015286801582807596,0.008269907669561594,-0.04301724159755882,development,uptrend,medium,uptrend_medium
2011-04-20,0.00031449002193451037,-0.0024563256028327096,-0.016556584092216498,-0.07190392292479542,development,uptrend,medium,uptrend_medium
2011-04-21,0.002542818980037609,-0.004385998171236971,-0.018789694829223658,-0.052588896376564165,development,uptrend,medium,uptrend_medium
2011-04-25,-0.001437878314417107,-0.015552532534427121,-0.029871494091496587,-0.05542935323974185,development,uptrend,medium,uptrend_medium
2011-04-26,-0.008548365334140162,-0.02289184440390135,-0.05420451118685321,-0.05828323033361482,development,uptrend,medium,uptrend_medium
2011-04-27,-0.011262341381717333,-0.025643704523653832,-0.05369704257455943,-0.04892892891222267,development,uptrend,medium,uptrend_medium
2011-04-28,-0.0057068741893644415,-0.037570255079982684,-0.055797648481409445,-0.05124947646454825,development,downtrend,medium,downtrend_medium
2011-04-29,-0.011375279399177596,-0.03983942913707006,-0.03735970984058323,-0.03852154642973171,development,downtrend,medium,downtrend_medium
2011-05-02,-0.021872891547964013,-0.040397576281016256,-0.02435982440172102,-0.03351673880279482,development,downtrend,medium,downtrend_medium
2011-05-03,-0.005487057833047593,-0.00291861979452146,-0.004750650068185869,-0.02312444914120837,development,downtrend,medium,downtrend_medium
2011-05-04,-0.012970930423983562,0.003525200603033962,0.006047021917839457,-0.02006652650957741,development,downtrend,medium,downtrend_medium
2011-05-05,0.013472984634737672,0.011610836543065162,0.0015517603628452115,-0.009045814458915835,development,downtrend,medium,downtrend_medium
2011-05-06,-0.004322732244935845,-0.0018206324920017058,-0.005461722314133555,-0.015936664970515824,development,downtrend,medium,downtrend_medium
2011-05-09,-0.0025739675082085967,-0.012491995353042018,-0.010178975380579991,-0.030420031489485688,development,downtrend,medium,downtrend_medium
2011-05-10,0.0032177690991004315,-0.0004416994567043586,-0.019514348894686284,-0.027464322954305675,development,downtrend,medium,downtrend_medium
2011-05-11,-0.009326791174363303,-0.007006357408344321,-0.021163586833176207,-0.03410192062471218,development,downtrend,medium,downtrend_medium
2011-05-12,0.009540524804875439,-0.009722596228258884,-0.01169808895238078,-0.014565713870668628,development,downtrend,high,downtrend_high
2011-05-13,-0.00770525178330983,-0.021852516987238668,-0.009987927117217299,-0.01183753998668824,development,downtrend,medium,downtrend_medium
2011-05-16,-0.010398264465401708,-0.012372409306918852,-0.019932368592680216,-0.004184785500869648,development,downtrend,medium,downtrend_medium
2011-05-17,-0.005065911065455397,0.007002294514906637,-0.009792242528486983,0.02639400160280858,development,downtrend,medium,downtrend_medium
2011-05-18,-0.0036801125238633547,-0.011306608437801957,-0.01820796211730058,0.018758697382488476,development,downtrend,medium,downtrend_medium
2011-05-19,0.006549713511621702,-0.010237275496910225,-0.007026649183803024,0.012127012161949224,development,downtrend,low,downtrend_low
2011-05-20,-0.012855826436142026,-0.01974636614497549,0.0035552443142130574,0.013808640144776119,development,downtrend,low,downtrend_low
2011-05-23,0.0018105513032604659,0.005060258770651194,0.01634138612173608,0.03176353300506807,development,downtrend,medium,downtrend_medium
2011-05-24,-0.007450205343413674,0.016143697170857285,0.03765005263717258,0.025560853853857424,development,downtrend,medium,downtrend_medium
2011-05-25,0.007370545373644788,0.018677604142431692,0.03305571591014833,0.027602215753105952,development,downtrend,medium,downtrend_medium
2011-05-26,0.011526294418331418,0.032934924036222446,0.019035003965813813,0.013317990796281709,development,downtrend,medium,downtrend_medium
2011-05-27,-0.0037587990614333933,0.010302634385665588,0.006971523037542671,-0.0019932096131968224,development,downtrend,medium,downtrend_medium
2011-05-30,0.005565531041712868,-0.007966086664096927,-0.0008811110340388728,-0.01088819679990305,development,downtrend,medium,downtrend_medium
2011-06-01,0.003698113107586831,0.0003887778046107737,-0.0005515117346350795,-0.014900794553049046,development,uptrend,medium,uptrend_medium
2011-06-02,-0.008794975222295776,-0.00171591940521576,-0.0080224210895522,-0.030355604754778498,development,uptrend,medium,uptrend_medium
2011-06-03,0.005041513177819201,0.0040968504203833245,-0.003361008785212838,-0.025053123419315426,development,uptrend,medium,uptrend_medium
2011-06-06,0.008531261779608723,0.0021600251499214185,-0.0047829698090153805,-0.045605947279291015,development,uptrend,medium,uptrend_medium
2011-06-07,-0.0015175289903346378,-0.008933687785104505,-0.00627794589223607,-0.04686326766519122,development,uptrend,medium,uptrend_medium
2011-06-08,-0.0004526074876483044,-0.007377502048667717,-0.013768284414302001,-0.04440079453830059,development,uptrend,medium,uptrend_medium
2011-06-09,-0.005844456128794695,-0.0031804360795351094,-0.021982368586897838,-0.0358912680561998,development,uptrend,medium,uptrend_medium
2011-06-10,0.0023674701865776804,-0.004086053046650551,-0.01891280262997097,0.00025593065966278417,development,uptrend,medium,uptrend_medium
2011-06-13,0.002716184570237923,-0.016196969533782024,-0.04150871212974239,0.00747411391098618,development,uptrend,low,uptrend_low
2011-06-14,-0.008545021547843867,-0.023305387876296324,-0.0397856181939269,0.009254722049966357,development,uptrend,low,uptrend_low
2011-06-15,-0.0042253471638171725,-0.02984510123616113,-0.02608103848094001,0.03336014248642938,development,downtrend,low,downtrend_low
2011-06-16,-0.008517339058891404,-0.02524709512124712,-0.017090069284064646,0.043399520063510444,development,downtrend,low,downtrend_low
2011-06-17,-0.0212762534554245,-0.01747894479191836,0.018437474607503557,0.047466585519746474,development,downtrend,low,downtrend_low
2011-06-20,-0.0009373025326308015,0.00742315496938617,0.046546035081762804,0.07000837164558593,development,downtrend,medium,downtrend_medium
2011-06-21,-0.00496735847630736,0.03140642657353143,0.04536584068204452,0.06172889848354046,development,downtrend,low,downtrend_low
2011-06-22,0.009660075041351135,0.048869825060742,0.06288551963619704,0.06763016284597789,development,downtrend,low,downtrend_low
2011-06-23,0.02392673204192919,0.03778491335735357,0.05689261622860342,0.07215448965360771,development,downtrend,low,downtrend_low
2011-06-24,0.015695048753640917,0.02926743995510228,0.03418363473562969,0.04033112165589903,development,uptrend,medium,uptrend_medium
2011-06-27,-0.0006398249918933008,0.017760401335968012,0.018319093245406926,0.012119628178170805,development,uptrend,medium,uptrend_medium
2011-06-28,0.006099020086679285,0.010904553186472654,0.011784801519132415,-0.007248737565121677,development,uptrend,medium,uptrend_medium
2011-06-29,0.005859809839478203,0.006411969008816465,0.001950342027339902,-0.005174067982456121,development,uptrend,medium,uptrend_medium
2011-06-30,-0.013766779947859575,-0.012908014256451827,0.004066107928405449,-0.021846365919248156,development,uptrend,medium,uptrend_medium
2011-07-01,-0.0051148076320282065,-0.009525334090802362,-0.003327711349260687,-0.019807907997769547,development,uptrend,medium,uptrend_medium
2011-07-04,-0.004902956707544481,0.012208821163808725,-0.007729886701083655,-0.008180480431438153,development,uptrend,medium,uptrend_medium
2011-07-05,0.0004890888549051731,0.006749374093053762,-0.017171517174122353,-0.009897449391200741,development,uptrend,medium,uptrend_medium
2011-07-06,0.01697038103419568,-0.0030621210649017794,-0.008502915940494904,-0.016286933779985135,development,uptrend,medium,uptrend_medium
2011-07-07,-0.012904013542266335,-0.03635793004814225,-0.0267757940418899,-0.01755987004369597,development,uptrend,medium,uptrend_medium
2011-07-08,-0.005656767935143581,-0.011083402508782147,-0.014341233310792623,0.005709935484852657,development,uptrend,medium,uptrend_medium
2011-07-11,-0.005533660951321129,0.00435498132732115,0.010194515528317627,0.0032302534916868186,development,uptrend,medium,uptrend_medium
2011-07-12,0.007831108011387977,0.004510966317706977,0.004510966317706977,0.0008570836003642945,development,uptrend,high,uptrend_high
2011-07-13,-0.0038997486849927654,0.0018917907540687562,-0.010949606103508924,-0.02056063168451472,development,uptrend,high,uptrend_high
2011-07-15,-0.002633617649034803,-0.002633617649034803,0.009351940755587318,-0.017870739463429874,development,uptrend,high,uptrend_high
2011-07-18,0.007845759987264112,-0.005071949784050234,0.01982992452125898,-0.009524545910324034,development,uptrend,medium,uptrend_medium
2011-07-19,-0.013293041110287396,-0.0014355792053218908,-0.011910512908875681,-0.03287812167944415,development,uptrend,medium,uptrend_medium
2011-07-20,-0.0023404025080915325,0.02262983920017736,-0.001404294248300797,-0.026968690875146528,development,downtrend,medium,downtrend_medium
2011-07-21,0.010220639956209254,-0.0003765674038141986,-0.015994440005484334,-0.04395778732810851,development,downtrend,medium,downtrend_medium
2011-07-22,0.008253754413018122,-0.015442508256614529,-0.026944479738381544,-0.07500263043353528,development,uptrend,medium,uptrend_medium
2011-07-25,-0.01997030715850523,-0.03528205195114209,-0.030175247164235808,-0.10019428416234721,development,uptrend,low,uptrend_low
2011-07-26,-0.007470632178133485,-0.0190657341190964,-0.023619723293739403,-0.09227791199045898,development,downtrend,medium,downtrend_medium
2011-07-27,-0.0008466066612822232,0.004442484665644564,-0.015949329840106663,-0.06033790478408774,development,downtrend,medium,downtrend_medium
2011-07-28,0.0005475451724767932,-0.004097498688172996,-0.026866252110330335,-0.06218291573507939,development,downtrend,medium,downtrend_medium
2011-07-29,-0.0019358110018091734,-0.022198135741745784,-0.057213930348258724,-0.08223424779511534,development,downtrend,medium,downtrend_medium
2011-08-01,-0.0066719561133553595,-0.029381851177156748,-0.06821164020787773,-0.08326665229046493,development,downtrend,medium,downtrend_medium
2011-08-02,0.0005182903901332914,-0.03531099592743425,-0.06093111853827282,-0.0639392636697057,development,downtrend,medium,downtrend_medium
2011-08-03,-0.014891748413000228,-0.054301217139642866,-0.04644887792472341,-0.08651430205614186,development,downtrend,medium,downtrend_medium
2011-08-04,0.0013257951933052237,-0.025267323975614264,-0.012691362365974457,-0.06892314863176452,development,downtrend,medium,downtrend_medium
2011-08-05,0.006815681359236825,0.015175487251152031,-0.0021440251255195886,-0.03639963598731233,development,downtrend,medium,downtrend_medium
2011-08-08,0.025253177667016402,0.038480952747964814,0.017765093085677197,0.00020210594792469116,development,downtrend,medium,downtrend_medium
2011-08-09,-0.006841039925265968,-0.023784936933252898,-0.026931274074388667,-0.05920272371222868,development,downtrend,medium,downtrend_medium
2011-08-10,0.0020085422557527544,-0.01797975727622858,-0.03585220313109394,-0.056240230566253935,development,downtrend,high,downtrend_high
2011-08-11,-0.023380892752683735,-0.026528532126554927,-0.06713961315197192,-0.08597722663877705,development,downtrend,medium,downtrend_medium
2011-08-12,-0.017548689521045713,-0.03542898066746325,-0.04427648545334828,-0.0402184855569917,development,downtrend,medium,downtrend_medium
2011-08-16,0.005228374846414141,-0.03670753424511264,-0.016181918673693563,-0.005824663702985844,development,downtrend,medium,downtrend_medium
2011-08-17,-0.026349272407646285,-0.035280060602086105,-0.03722964694361597,-0.007473526492546623,development,downtrend,medium,downtrend_medium
2011-08-18,-0.002809026586625185,0.01843889063395876,-0.004054021736268787,0.03249447388956783,development,downtrend,high,downtrend_high
2011-08-19,0.011375520191840627,0.009331648369771628,-0.019798993900945305,0.04554361345247693,development,downtrend,high,downtrend_high
2011-08-22,0.004822188252320503,-0.017369990027468862,-0.0011268295985994436,0.04050638131949302,development,downtrend,medium,downtrend_medium
2011-08-23,-0.009210979037358569,-0.037806456630906426,0.013507331467097927,0.044362458684827466,development,downtrend,high,downtrend_high
2011-08-24,-0.015270630905308114,0.001007232541658576,0.025505397158904763,0.029462992450326242,development,downtrend,medium,downtrend_medium
2011-08-25,-0.01889759679960734,0.03342460091956401,0.03677226746138351,0.022224477902050843,development,downtrend,medium,downtrend_medium
2011-08-26,0.023594502462537692,0.04864545694861522,0.053701385478433616,0.028036701453139967,development,downtrend,high,downtrend_high
2011-08-29,0.00557985220931978,0.008837318717639375,0.030442849714723774,0.007902237910320187,development,downtrend,high,downtrend_high
2011-08-30,-0.013659988131720646,-0.008904458440477492,0.00850330677781952,-0.006673374824532008,development,downtrend,high,downtrend_high
2011-09-02,0.0036608640553434935,0.02515553470895493,0.01211272362952509,0.017073776095463122,development,uptrend,high,uptrend_high
2011-09-05,0.014208838884449904,0.03202256986122465,-0.009322457279852925,0.007730300680172109,development,uptrend,high,uptrend_high
2011-09-06,0.008759584038941393,-0.004074625243184249,-0.027400708582837163,0.011820575007254419,development,uptrend,high,uptrend_high
2011-09-07,0.002733850434609497,-0.03743780808548569,-0.024643988521894644,-0.0011578057064068892,development,uptrend,high,uptrend_high
2011-09-08,-0.019733325563165316,-0.04269265838323866,-0.016584893847332416,-0.04604458398791633,development,uptrend,high,uptrend_high
2011-09-09,-0.00700571878208156,0.006192586499691011,0.02058530233995093,-0.022873756116379873,development,uptrend,high,uptrend_high
2011-09-12,-0.007402790554232319,0.019667402158843217,0.01087837855070184,-0.02860699665134281,development,downtrend,high,downtrend_high
2011-09-13,0.009566872814680494,0.024007854906100468,0.035276663380021,0.0012487679995971668,development,downtrend,high,downtrend_high
2011-09-14,0.0026371344136058017,-0.006005096794436282,0.014005333684166787,-0.023003188848280898,development,uptrend,high,uptrend_high
2011-09-15,-0.0076317442515078104,0.003288882730063447,-0.03897844018191454,-0.021060419508147632,development,uptrend,high,uptrend_high
2011-09-16,-0.007191560992334978,0.012794984394633557,-0.03958841176896177,-0.02469219176763804,development,uptrend,high,uptrend_high
2011-09-19,0.019365280345714275,-0.02357932136500107,-0.04108038797181257,-0.038284164195670045,development,uptrend,high,uptrend_high
2011-09-20,-0.003977686150861026,-0.05549357264128063,-0.035411108416201764,-0.07404319139582827,development,uptrend,high,uptrend_high
2011-09-21,-0.02587824351104584,-0.04333810493807955,-0.021476182131425436,-0.059976927046613615,development,uptrend,high,uptrend_high
2011-09-22,-0.0012310848935624952,0.020005129520389797,0.02907416164401133,0.002934045588612433,development,downtrend,high,downtrend_high
2011-09-23,-0.008855039242354423,0.013794900860972792,0.013251732269428773,0.0207026601849416,development,downtrend,high,downtrend_high
2011-09-26,0.01347565293053865,0.022486630411854946,-0.011345199117596683,0.014107661680111905,development,downtrend,high,downtrend_high
2011-09-27,-0.011906921917141156,-0.012436320047947258,-0.046618738918439706,0.018759345189041987,development,downtrend,high,downtrend_high
2011-09-28,0.018530928146841763,-0.015170015911134094,-0.03511238044090681,0.031203016987411347,development,downtrend,high,downtrend_high
2011-09-29,-0.00939849568882134,-0.043686062396163794,-0.020460326774611737,0.02848609863943885,development,downtrend,high,downtrend_high
2011-09-30,-0.005108301091951373,-0.02525441082440938,0.021582183944718336,0.05002669098589951,development,downtrend,high,downtrend_high
2011-10-03,-0.010645816866642455,0.013382358181299958,0.03127399142868259,0.04436612418368413,development,downtrend,high,downtrend_high
2011-10-04,-0.008348465266328486,0.039300461387227204,0.06430407409589045,0.07260036145430426,development,downtrend,high,downtrend_high
2011-10-05,0.0009009454878488032,0.018572214865150594,0.03976538023728926,0.04264228684780558,development,downtrend,high,downtrend_high
2011-10-07,0.01897950584661534,0.04349423461739477,0.05022656765120925,0.033375301962806914,development,downtrend,high,downtrend_high
2011-10-10,-0.0090738472028562,0.011544093794667809,0.019592043580456853,0.015627840562293382,development,uptrend,high,uptrend_high
2011-10-11,0.01760051556386677,0.024165789562404116,0.005248204753843355,0.03599934053971676,development,uptrend,high,uptrend_high
2011-10-12,-0.010319971358632052,-0.0024459743442015736,0.001627445617469192,0.044807905078456445,development,uptrend,high,uptrend_high
2011-10-13,0.014819956218966146,-0.0039249997079398025,0.006831602325398034,0.05323934368806693,development,uptrend,high,uptrend_high
2011-10-14,-0.007360108970749568,-0.0033067554250997278,-0.02060625964379581,0.019733523941235065,development,uptrend,high,uptrend_high
2011-10-17,-0.002366632969980298,0.008406797847151148,0.009684203319629603,0.04139064490506672,development,uptrend,high,uptrend_high
2011-10-18,0.011554036507514631,-0.006003404979373905,0.021877963186471838,0.03647310721763741,development,uptrend,high,uptrend_high
2011-10-19,0.0010518126945930906,0.002319901194691054,0.053897121064725884,0.038857457061141076,development,uptrend,high,uptrend_high
2011-10-20,-0.011093467524459277,0.016645125597168242,0.04308150154561208,0.035787020033911876,development,uptrend,high,uptrend_high
2011-10-21,-0.003196687397481135,0.048096660724210816,0.028007506702208085,0.020792931220576127,development,uptrend,high,uptrend_high
2011-10-24,0.010451779196399613,0.03672710619107633,0.023462950867096266,0.00602390001766695,development,uptrend,high,uptrend_high
2011-10-25,0.0035194019566897605,-0.01571532761114025,-0.014255209520182,-0.036232390764675326,development,uptrend,high,uptrend_high
2011-10-28,-0.006027320023905158,-0.018744464136625782,-0.013939373452110826,-0.05419020837033017,development,uptrend,high,uptrend_high
2011-10-31,-0.003912003554298216,-0.002434376050187148,0.0020365247984541757,-0.0470105516146091,development,uptrend,high,uptrend_high
2011-11-01,0.007993519971725593,0.012929543357933504,0.0008242305434418284,-0.05405664446254854,development,uptrend,high,uptrend_high
2011-11-02,0.004616992342771908,0.009119496093694002,-0.013869887674487935,-0.06405548215906298,development,uptrend,high,uptrend_high
2011-11-03,-0.00773645318412941,-0.01959479092083294,-0.03324629284827585,-0.10272464316656094,development,uptrend,high,uptrend_high
2011-11-04,-0.0005479526371108268,-0.02331709619608857,-0.042278803911379836,-0.0906797491319854,development,uptrend,high,uptrend_high
2011-11-08,-0.016695931477122228,-0.030387798128167942,-0.052592423249532394,-0.11361281763753062,development,uptrend,high,uptrend_high
2011-11-09,0.0017636702662435777,-0.017684965356848714,-0.04360676389359952,-0.08715542328843451,development,uptrend,high,uptrend_high
2011-11-11,-0.013225104451203396,-0.03582276420892472,-0.05971427777267724,-0.0701601936073234,development,downtrend,high,downtrend_high
2011-11-14,-0.01221940149007994,-0.038285427937885363,-0.06876560730929748,-0.06355240201973644,development,downtrend,high,downtrend_high
2011-11-15,-0.0056630431876655285,-0.030301889666063397,-0.048773496320879905,-0.04487958106896062,development,downtrend,medium,downtrend_medium
2011-11-16,-0.018370451326263804,-0.04948180763617038,-0.06378426848775987,-0.017952696036841687,development,downtrend,medium,downtrend_medium
2011-11-17,0.0013573584144810358,-0.017717319620282446,-0.03859855310117877,0.030821673761760593,development,downtrend,high,downtrend_high
2011-11-18,-0.019584248606077104,-0.034336578456515054,-0.004616521174784394,0.03392632120367778,development,downtrend,high,downtrend_high
2011-11-21,0.0036497491357558864,-0.017685702627116773,0.002137710208085508,0.05584116177706533,development,downtrend,high,downtrend_high
2011-11-22,-0.015283984661052408,0.015022451027827177,0.010994833076158672,0.0343445762828225,development,downtrend,high,downtrend_high
2011-11-23,-0.0044913661947498795,0.015598312517763668,0.0434447829252127,0.028618011162778734,development,downtrend,high,downtrend_high
2011-11-25,0.017193299511053306,0.013157067613641438,0.05888707130137161,-0.000985408178079128,development,downtrend,high,downtrend_high
2011-11-28,-0.012150013421158734,0.014935631640687896,0.035966798241537035,-0.013075139817958048,development,downtrend,high,downtrend_high
2011-11-29,0.013826653314312098,0.0595868795189054,0.062199091800851924,-0.0006084370830057306,development,downtrend,high,downtrend_high
2011-11-30,-0.006839876345502982,0.013740065249544298,-0.005471940367971384,-0.04516330116368861,development,downtrend,medium,downtrend_medium
2011-12-01,0.022121659740162558,0.0246415085650451,-0.015007519126905677,-0.058542557309562815,development,downtrend,high,downtrend_high
2011-12-02,0.0005261396493101422,-0.01843544081331283,-0.05398588351906086,-0.08406629650426889,development,uptrend,high,uptrend_high
2011-12-05,0.0024751984630564383,-0.03631609251247625,-0.049404961322606855,-0.10017621285933287,development,uptrend,high,uptrend_high
2011-12-07,-0.01861079164200974,-0.054154883466880355,-0.05442289825276658,-0.06833882690945992,development,uptrend,high,uptrend_high
2011-12-08,-0.0008314540240209611,-0.014402279391007577,-0.025540194496484148,-0.028106534382538628,development,downtrend,high,downtrend_high
2011-12-09,-0.028990084711971398,-0.029265230198256997,-0.05201911509828261,-0.039302219105565195,development,downtrend,high,downtrend_high
2011-12-12,0.01415413186956238,0.0026935101692078245,-0.025456311795257758,0.003570200691882963,development,downtrend,high,downtrend_high
2011-12-13,-0.005314635344558116,-0.028629918780560315,-0.05105769624904333,-0.017311668562201565,development,downtrend,high,downtrend_high
2011-12-14,0.0071189726615121796,-0.021155090638920293,-0.0041694752924165135,-0.014121076100306107,development,downtrend,high,downtrend_high
2011-12-15,-0.021230910540504966,-0.043829522290899536,-0.003924229846133609,-0.026975317267227794,development,downtrend,high,downtrend_high
2011-12-16,-0.002173800309266505,0.015141191931612008,0.019651125223128174,0.030747413634951704,development,downtrend,high,downtrend_high
2011-12-19,-0.01975918142159172,0.021150674554497817,0.024742266738205787,0.02455889004118128,development,downtrend,high,downtrend_high
2011-12-20,0.012229120262862825,0.01672611619249209,0.014957479634983173,0.024479935126823893,development,downtrend,high,downtrend_high
2011-12-21,0.02090840806451233,0.024499148148276806,0.002016454496143849,0.025275549996941038,development,downtrend,high,downtrend_high
2011-12-22,-0.010329231041121933,-0.012050803718367309,-0.029161149002658537,-0.004282916902186074,development,downtrend,high,downtrend_high
2011-12-23,-0.0062131697625602555,-0.028021879804082772,-0.0031171059822162617,0.014507678871484186,development,downtrend,high,downtrend_high
2011-12-27,-0.010596776534905428,-0.027732304194216906,-0.001377211366166975,0.02202388370936048,development,downtrend,high,downtrend_high
2011-12-28,-0.007455412253787541,0.01797633147821598,0.014697306090177387,0.032064791939497184,development,downtrend,high,downtrend_high
2011-12-29,-0.0076503801823593065,0.019249069898103155,0.020204057639598094,0.044217168864759016,development,downtrend,high,downtrend_high
2011-12-30,0.019141110342294043,0.015858333060081886,0.014329099362387687,0.042367104224106056,development,downtrend,high,downtrend_high
2012-01-03,-0.005298545939513066,-0.0043665581426834965,0.01562311779675385,0.040283060871258325,development,downtrend,high,downtrend_high
2012-01-04,0.00020008324120857068,-0.0013055791350811141,0.02357342499736781,0.04354596855917037,development,downtrend,high,downtrend_high
2012-01-05,0.0063398062998891724,0.026544437610147797,0.022670766142097953,0.06228633851225096,development,uptrend,high,uptrend_high
2012-01-06,-0.001000516096810622,0.023886087622089658,0.024949753069583025,0.06341171875048213,development,uptrend,high,uptrend_high
2012-01-09,0.016282931240738874,0.012447981627278004,0.021385794314373596,0.05750388145648677,development,uptrend,medium,uptrend_medium
2012-01-10,-0.0004523214532601294,0.0005860600050342502,0.021416140656810967,0.05432696927256364,development,uptrend,high,uptrend_high
2012-01-11,-0.0020037792005984656,0.006806454456638633,0.023724600489839487,0.06555523121933593,development,uptrend,medium,uptrend_medium
2012-01-12,0.0008329589001969673,0.02166817946357602,0.03217838536932893,0.07049640293116366,development,uptrend,medium,uptrend_medium
2012-01-13,0.006172564480543041,0.02308005877116015,0.04223784014373444,0.050227044733174964,development,uptrend,medium,uptrend_medium
2012-01-16,0.012804527411051092,0.023223550279080518,0.028902028749107966,0.060097869303700646,development,uptrend,medium,uptrend_medium
2012-01-17,-0.004409662058661001,0.014233357974235306,0.03005375875772187,0.05182064091456984,development,uptrend,medium,uptrend_medium
2012-01-18,0.004684665133883881,0.010260260260260168,0.03269265359109119,0.055035015484234284,development,uptrend,medium,uptrend_medium
2012-01-19,0.0007433322947973942,0.016353310485544004,0.031685797310511576,0.05570036662348943,development,uptrend,medium,uptrend_medium
2012-01-20,0.0041588947909314555,0.026455809933173757,0.012327441039409859,0.0669206718243065,development,uptrend,low,uptrend_low
2012-01-23,0.012350003036814883,0.02762209682908323,0.026546003889051262,0.05337823963072341,development,uptrend,low,uptrend_low
2012-01-24,0.0013199659686498055,-0.012462427508977969,0.016344791868873054,0.042055692971707304,development,uptrend,low,uptrend_low
2012-01-25,-0.0023098298150189267,-0.0033545790003354226,0.010188316929841346,0.03749462743206977,development,uptrend,low,uptrend_low
2012-01-27,-0.014766972893488828,0.013973021149036091,0.03143192166393227,0.04222875758277822,development,uptrend,low,uptrend_low
2012-01-30,0.01443832008194712,0.028222994457587358,0.04612456023486655,0.05169507737427437,development,uptrend,medium,uptrend_medium
2012-01-31,0.007223780320728901,0.02456647032339765,0.026355530828041207,0.041918741559473505,development,uptrend,medium,uptrend_medium
2012-02-01,-0.00041732806125549526,0.016985604034208235,0.018218509305276687,0.049287777705846025,development,uptrend,low,uptrend_low
2012-02-02,0.009429313144020846,0.011191941698325936,0.02582399830900184,0.04659693582490254,development,uptrend,low,uptrend_low
2012-02-03,-0.003308942795726688,-0.002100640875641324,0.0003996509430690409,0.034362175066900535,development,uptrend,low,uptrend_low
2012-02-06,-0.014372992575494847,-0.00011086332491472284,-0.004202883673251057,0.035876869364034114,development,uptrend,low,uptrend_low
2012-02-07,0.004556700951800385,0.007073673107213407,0.013520341824299509,0.030231352010425372,development,uptrend,low,uptrend_low
2012-02-08,0.012970175368373305,0.008824621208590289,0.03535441321532806,0.026249053466983918,development,uptrend,low,uptrend_low
2012-02-09,-0.003370441069954322,0.0030093708262839414,0.022621281351757228,0.005463165500023015,development,uptrend,low,uptrend_low
2012-02-10,0.0015050068763635682,0.02784230968158785,0.03385290197605073,-0.0187473106246554,development,uptrend,low,uptrend_low
2012-02-13,0.00655107071058314,0.02623223233505856,0.042066255179957546,-0.0009849473832650446,development,uptrend,low,uptrend_low
2012-02-14,0.013066347357477026,0.018990533123961706,0.008195069992253723,-0.013807988315444053,development,uptrend,low,uptrend_low
2012-02-15,0.0014872265359329173,0.0169394517966448,-0.005522592666062143,-0.03155746996146003,development,uptrend,low,uptrend_low
2012-02-16,-0.001776109626153266,-0.012351565290774413,-0.025994830746633557,-0.038543663687738317,development,uptrend,low,uptrend_low
2012-02-17,0.00813570916314621,-0.014131879220467214,-0.050468313338930315,-0.05062115637299702,development,uptrend,low,uptrend_low
2012-02-21,-0.01861043760305714,-0.03216724369401491,-0.04175765408440657,-0.06904944028811444,development,uptrend,low,uptrend_low
2012-02-22,-0.0012294970428567975,-0.03804147809309133,-0.0190981162475935,-0.04910695147880284,development,uptrend,medium,uptrend_medium
2012-02-23,-0.009098144519631868,-0.018917150322792398,-0.025441885115083385,-0.026573483159124445,development,uptrend,low,uptrend_low
2012-02-24,-0.030634514666048385,-0.011545291242135769,-0.0162900824891562,-0.01625342621859016,development,uptrend,medium,uptrend_medium
2012-02-27,0.012239902080783294,0.005507955936352449,-0.005677413114348884,0.022408436117126396,development,downtrend,medium,downtrend_medium
2012-02-28,-0.007327256208609301,-0.012092294914141766,-0.03733680230719283,0.0071797354130376245,development,downtrend,medium,downtrend_medium
2012-02-29,-0.0048919120387626025,-0.015961591938827846,-0.027124451115821846,0.0027021990309354926,development,downtrend,medium,downtrend_medium
2012-03-01,-0.001881030140677642,-0.027386471169268733,-0.006686045930054618,-0.009600665076240578,development,downtrend,medium,downtrend_medium
2012-03-02,-0.011642326099922662,-0.022854182710261517,0.0031820012206689174,-0.016003594374540575,development,downtrend,medium,downtrend_medium
2012-03-05,-0.008279547598984083,0.012827536021173591,0.031048233953665072,0.0016806110247340467,development,downtrend,medium,downtrend_medium
2012-03-06,0.0025735092091756506,0.029287217468654925,0.04932737486494321,0.030324348056524286,development,downtrend,medium,downtrend_medium
2012-03-07,0.007451636029457642,0.025575621889675437,0.01632003565289586,-0.012400578215892466,development,downtrend,medium,downtrend_medium
2012-03-09,-0.011171434452831086,0.008080995534831548,-0.01885577636411051,-0.02618031028709411,development,downtrend,medium,downtrend_medium
2012-03-12,0.007132227804511837,-0.001956911004295847,-0.024856012252657655,-0.03835983939671417,development,downtrend,medium,downtrend_medium
2012-03-13,-0.0048537766328971,-0.03144492054262982,-0.03928562980106265,-0.045059221962167606,development,uptrend,medium,uptrend_medium
2012-03-14,-0.015011441647597268,-0.03761101973684211,-0.017858087814645263,-0.049016018306636155,development,uptrend,medium,uptrend_medium
2012-03-15,-0.011607087676265504,-0.01960838943286558,-0.02823234540256392,-0.03745109450921713,development,downtrend,medium,downtrend_medium
2012-03-16,-0.01504497391018278,0.005171123713314074,-0.011082260159348323,-0.007831656571883006,development,downtrend,medium,downtrend_medium
2012-03-19,0.00336688046589817,-0.005459176086733852,-0.013866810666983254,0.01155569103572951,development,downtrend,medium,downtrend_medium
2012-03-20,0.01855824657794325,0.002088396034346518,-0.004566048769164555,0.017333650004180967,development,downtrend,medium,downtrend_medium
2012-03-21,-0.024743037795869838,-0.032987650749808806,-0.031029097503509462,-0.007125439670339295,development,uptrend,medium,uptrend_medium
2012-03-22,0.004290676393549964,-0.002378392821490216,-0.014612808332847949,-0.004043267796533301,development,downtrend,medium,downtrend_medium
2012-03-23,-0.01708269189341216,-0.015091925295520614,0.004019397013609316,-0.005830102179539498,development,downtrend,medium,downtrend_medium
2012-03-26,3.8090583318606264e-05,-0.012225959673154874,0.014295330727776001,-0.0030708088111621734,development,downtrend,high,downtrend_high
2012-03-27,-0.00706275090946662,0.012204370852941349,0.024236825497208292,0.008630063011677125,development,downtrend,medium,downtrend_medium
2012-03-28,0.006393358096181911,0.033414568836651615,0.034386206689764665,0.011951145593290136,development,downtrend,medium,downtrend_medium
2012-03-29,0.01708402899452377,0.029174489973241347,0.0053393393320171345,0.003764471495529831,development,downtrend,medium,downtrend_medium
2012-03-30,0.004068802909580338,0.005012849263731356,-0.00995968903629374,-0.0012555632126155514,development,uptrend,medium,uptrend_medium
2012-04-02,0.000990025497671576,-0.022192387475584607,-0.02360272230560101,-0.009938017143293898,development,uptrend,medium,uptrend_medium
2012-04-03,-0.0010790725803679901,-0.0159608542963372,-0.009720999809861075,0.0007037429871965539,development,uptrend,medium,uptrend_medium
2012-04-04,-0.009105555637718865,-0.010534766179602473,-0.014207251242309482,0.0015807094474680206,development,uptrend,medium,uptrend_medium
2012-04-09,-0.0019984392769151205,0.00432995176664952,-0.0053101200634140255,-0.010182523934758159,development,downtrend,high,downtrend_high
2012-04-10,0.0033400650148083244,-0.0003839176736538663,0.015404696655360928,0.0025338004081749688,development,downtrend,medium,downtrend_medium
2012-04-11,0.005736903350883837,-0.0039166731190737325,0.010149139943774754,-0.008529089436317694,development,downtrend,medium,downtrend_medium
2012-04-12,-0.009180508439776247,0.006469166568961571,0.014593622958108954,-0.012691019813494964,development,downtrend,medium,downtrend_medium
2012-04-13,0.006858570682862775,0.021076542265921816,0.019313759124935492,0.0,development,downtrend,medium,downtrend_medium
2012-04-16,0.004386149931248751,0.012493791719022429,-0.012531803967681387,-0.003503245921540721,development,downtrend,medium,downtrend_medium
2012-04-17,-0.003890502105481697,-0.005610182224239479,-0.01842808077311542,-0.015326985166462692,development,uptrend,medium,uptrend_medium
2012-04-18,0.002217758236086498,-0.02255384689649209,-0.0222907370370673,-0.02484685803970399,development,uptrend,medium,uptrend_medium
2012-04-19,-0.0043470670230644215,-0.017181247398458277,-0.02351361806565666,-0.04273658753079357,development,uptrend,medium,uptrend_medium
2012-04-20,-0.014552583868694957,-0.014287320221888833,-0.016447456378841263,-0.030933793728138537,development,uptrend,medium,uptrend_medium
2012-04-23,0.0012941199268350356,-0.005157288837476126,0.006183017428211812,-0.04140219541678969,development,downtrend,medium,downtrend_medium
2012-04-24,-0.003868138822144762,-0.006051108053003129,0.0032457022705609795,-0.047374742708460094,development,downtrend,low,downtrend_low
2012-04-25,-0.0049379164868881276,0.006404890424996479,-0.005052993462054789,-0.04775872375233714,development,downtrend,low,downtrend_low
2012-04-26,0.0003083633949219067,0.009664656454760001,-0.01968585514429566,-0.05012528380347847,development,downtrend,low,downtrend_low
2012-04-27,0.008978209014350425,-0.0025089720133263382,-0.016783837139770053,-0.05645548445116999,development,downtrend,low,downtrend_low
2012-04-30,-0.0028833342037761778,-0.03186908118220888,-0.04840789807008883,-0.05928477848220659,development,downtrend,low,downtrend_low
2012-05-02,-0.004375247949456873,-0.018623405229384105,-0.04536390500553855,-0.06772915683223613,development,downtrend,low,downtrend_low
2012-05-03,-0.01544517360297637,-0.03226456411448164,-0.03889361788188761,-0.0573775488245819,development,downtrend,low,downtrend_low
2012-05-04,0.019201662363301564,-0.008569492939879852,-0.017716908964901745,-0.025180281058038156,development,downtrend,low,downtrend_low
2012-05-07,-0.02243533259391539,-0.0291317172679163,-0.040452105250395554,-0.049699920934851316,development,downtrend,low,downtrend_low
2012-05-08,0.0013888972160036595,-0.007850399719527501,-0.005052456400018945,-0.026620906741218198,development,downtrend,low,downtrend_low
2012-05-09,-0.003701675790805159,-0.015318579728179293,-0.025260055337530396,-0.012589910261425419,development,downtrend,low,downtrend_low
2012-05-10,-0.0020146785417159974,0.0007997219905750974,-0.013899976914935719,-0.003735726929889105,development,downtrend,low,downtrend_low
2012-05-11,-0.005380707173850752,-0.015422516876618997,-0.008694134282066224,0.010396466337454724,development,downtrend,low,downtrend_low
2012-05-14,0.014979867053065865,7.189084863590267e-05,-0.0019199970160785895,0.02469275184833175,development,downtrend,low,downtrend_low
2012-05-15,-0.0034971807623208617,0.0033126969154742003,-0.008132813146306872,0.01547601139112631,development,downtrend,low,downtrend_low
2012-05-16,-0.00172178538425094,-0.0037101007038772282,0.008772968439873186,0.009357172432657546,development,downtrend,low,downtrend_low
2012-05-17,0.01981700752731319,0.008183220915507938,0.025852723401859734,0.009423775380033028,development,downtrend,low,downtrend_low
2012-05-18,-0.019012289664189996,-0.006720950139476489,0.006246534767235801,-0.021504892075922988,development,downtrend,low,downtrend_low
2012-05-22,-0.0015176745108920198,0.015981809280146697,0.03037375545245724,0.004191576437641897,development,downtrend,low,downtrend_low
2012-05-23,0.011925813456559187,0.02513673612179934,0.017960706380356406,0.02749109635176561,development,downtrend,low,downtrend_low
2012-05-24,0.002945343196727901,0.017152620592062462,0.0037301244323648675,0.029290902131161367,development,downtrend,low,downtrend_low
2012-05-25,0.010939372811536341,0.003862725618561935,-0.018269581298126947,0.02770847718473113,development,downtrend,low,downtrend_low
2012-05-28,-0.0030467399287695818,-0.016202682344682584,-0.03140643356517836,0.009739578460820741,development,downtrend,low,downtrend_low
2012-05-29,-0.0027194440247771956,-0.024706632893941705,-0.02033543744019739,0.03054840153975924,development,uptrend,low,uptrend_low
2012-05-30,0.005749454010800514,-0.009793548815608122,0.02062866321878265,0.04602644822644142,development,downtrend,low,downtrend_low
2012-05-31,-0.014101428189194798,-0.00968270096280155,0.02826390582635452,0.029302442445235277,development,downtrend,low,downtrend_low
2012-06-01,0.010599733126239741,0.041648490005465666,0.056500594918813096,0.07123799093524896,development,downtrend,low,downtrend_low
2012-06-04,-0.0012630564803641775,0.03700617108779891,0.03792007206922454,0.040004476249704934,development,downtrend,low,downtrend_low
2012-06-05,0.022602436744962207,0.03718297789767022,0.04691353065625714,0.04444766857726523,development,downtrend,low,downtrend_low
2012-06-06,0.0028398829098608136,0.0037236735552363953,0.017099128359779003,0.016920314452595342,development,uptrend,low,uptrend_low
2012-06-07,0.004777736562670443,0.014204272655746752,0.0020815780343956813,0.023938147395549336,development,uptrend,medium,uptrend_medium
2012-06-08,-0.008358368360656176,0.00485608316195707,0.008309221212177587,0.009682658874145211,development,uptrend,medium,uptrend_medium
2012-06-11,0.020017924901555073,0.007825740205363418,0.009719868407935373,0.019768697506479915,development,uptrend,low,uptrend_low
2012-06-12,0.00076215977838201,0.004201229264111372,-0.002677005120439002,0.0006350695399237605,development,uptrend,medium,uptrend_medium
2012-06-13,-0.009862705273764538,-0.008001821095536266,0.0030263279339699523,0.007208439400511413,development,uptrend,low,uptrend_low
2012-06-14,0.013709304115276266,0.006765944569088633,0.018828140365490187,0.015701610739211835,development,uptrend,low,uptrend_low
2012-06-15,-0.021211828372632358,-0.010330536395921963,-0.005402047799091592,0.020274430294501267,development,uptrend,medium,uptrend_medium
2012-06-18,0.010503345018647359,0.022610319103622878,0.012641581556448234,0.04510182580535771,development,uptrend,medium,uptrend_medium
2012-06-19,0.0011731237800247651,0.0061588998451300725,0.0012220039375259173,0.03390335361796226,development,uptrend,medium,uptrend_medium
2012-06-20,0.01327158249829763,0.003393881988889458,0.008739796920753662,0.0402561533149548,development,uptrend,medium,uptrend_medium
2012-06-21,0.008683256664379968,0.0037339745552995574,0.009290910441270173,0.04421028170480712,development,uptrend,medium,uptrend_medium
2012-06-22,-0.008500552031840636,-0.0032180086568285304,0.02334009932029657,0.030716331358437543,development,uptrend,medium,uptrend_medium
2012-06-25,0.0026137522373201882,0.008164486277227212,0.033509852431028664,0.032834330364133635,development,uptrend,low,uptrend_low
2012-06-26,-0.0014662328369779987,0.025138549189015702,0.026896075259855046,0.03804287737787537,development,uptrend,low,uptrend_low
2012-06-27,3.878597066875322e-05,0.025179871124366482,0.02983124783666269,0.030559551637972415,development,uptrend,low,uptrend_low
2012-06-28,0.016884161299060896,0.018627535817481444,0.026207523176017267,0.008475800626053465,development,uptrend,low,uptrend_low
2012-06-29,-0.0009935936680581792,0.003539030571579671,0.006264389989211194,-0.010711904503376446,development,uptrend,low,uptrend_low
2012-07-02,-0.002057031647030527,0.005369034131355033,-0.004472705374885533,-0.019173989787178325,development,uptrend,low,uptrend_low
2012-07-03,-0.0014782498118052212,0.0012334839351475502,0.0065814620283257685,-0.022135772606431958,development,uptrend,low,uptrend_low
2012-07-04,0.0057107259918967035,-0.00413435839783316,0.0017462550553732914,-0.015244334672583681,development,uptrend,low,uptrend_low
2012-07-05,-0.0014554810065781076,0.0038781342772928884,-0.016799104556392774,-0.015399928069600444,development,uptrend,low,uptrend_low
2012-07-06,-0.0016182396147941258,0.004277231587638042,-0.010683837694383302,-0.014875957141925134,development,uptrend,low,uptrend_low
2012-07-09,0.01111300248075242,-0.009713255534311238,-0.01690124011760641,-0.031901392053187205,development,uptrend,low,uptrend_low
2012-07-10,-0.0016838709961901621,-0.016556135647429526,-0.023028061209491524,-0.03519115840035747,development,uptrend,low,uptrend_low
2012-07-11,-0.0009064885496182784,-0.008158396946564839,-0.004522938036736646,-0.024885477546517154,development,uptrend,low,uptrend_low
2012-07-12,-0.002956463687949995,-0.00951788705235801,-9.499725811878967e-06,-0.038100233656001126,development,uptrend,low,uptrend_low
2012-07-13,-0.006708285378681511,-0.0030675112844492647,-0.005207984842643842,-0.02532322905138773,development,uptrend,low,uptrend_low
2012-07-16,-0.006732856102420803,0.0028022668437213127,-0.02105940331254763,-0.005403544544405614,development,downtrend,low,downtrend_low
2012-07-17,0.0033082084799642697,0.001154045870881637,-0.013636956590951543,0.00575097647326106,development,downtrend,low,downtrend_low
2012-07-18,-0.001361925047525081,-0.025124508298367543,-0.026715048504454164,-0.0017810218353518925,development,downtrend,low,downtrend_low
2012-07-19,-0.005436024895715819,-0.020129665964130572,-0.0364092846726769,-0.0011081970945046038,development,uptrend,low,uptrend_low
2012-07-20,-0.008773505967656026,-0.010390723351329068,-0.012279068870139964,0.010158368336319112,development,downtrend,low,downtrend_low
2012-07-23,-0.00011691027098614803,-0.01672902198465276,0.013843394693454192,0.029977773719980005,development,downtrend,low,downtrend_low
2012-07-24,-0.0017192491511791586,-0.0036241413413214962,0.02160833459019207,0.042650104941739375,development,downtrend,low,downtrend_low
2012-07-25,-0.016249499221900887,0.014337827048818141,0.022277314956896443,0.04129688145022681,development,downtrend,low,downtrend_low
2012-07-26,-0.004771326417881361,0.020432097906669,0.0201881621402924,0.038766348222499136,development,downtrend,low,downtrend_low
2012-07-27,0.01365559816511519,0.02158974608899067,0.01675524056971578,0.037165534839660896,development,downtrend,low,downtrend_low
2012-07-30,0.002713386210297708,0.0024736861275356237,0.012982100302686872,0.025513639356056883,development,downtrend,low,downtrend_low
2012-07-31,0.0037925573097028487,-0.0009577259396142956,0.02221924179905077,0.03058017054629847,development,uptrend,low,uptrend_low
2012-08-01,-0.0010223572177887608,0.0094494097396296,0.020045460699429585,0.024813226430429935,development,uptrend,low,uptrend_low
2012-08-02,0.0038686768185483,0.0271576131734812,0.02451114313314795,0.03285466622195443,development,uptrend,low,uptrend_low
2012-08-03,0.004124752963578615,0.014664911737006348,0.011319426249006836,0.03044182962276354,development,uptrend,low,uptrend_low
2012-08-06,0.0077992774352075855,0.005202684117691758,0.009914265394151522,0.022179664893772433,development,uptrend,low,uptrend_low
2012-08-07,-0.001356344417941191,-0.004649005688461716,0.0065665960724474726,0.013114465676301368,development,uptrend,low,uptrend_low
2012-08-08,-0.004739751005129245,-7.477186364901467e-05,0.0027392612905057234,0.007179924841039131,development,uptrend,low,uptrend_low
2012-08-09,0.0022982756079967803,0.013592159242121982,0.0109452558752976,0.007921668953750682,development,uptrend,low,uptrend_low
2012-08-10,0.0059344858987764315,0.008765430568012045,0.019684539283800317,-0.005370280821298201,development,uptrend,low,uptrend_low
2012-08-13,0.006943358004257716,0.004313817374725026,0.013025798466523186,-0.0052777233542319335,development,uptrend,low,uptrend_low
2012-08-14,-0.004270369974831434,0.0065076362417915146,0.00545862870572722,-0.023663455971691394,development,uptrend,low,uptrend_low
2012-08-16,-0.0004284716549765033,0.008242372163148826,0.003371474374511907,-0.021392932154955968,development,uptrend,low,uptrend_low
2012-08-17,0.009741613944687089,0.008689235875842138,-0.003436622392997357,-0.017639315265766564,development,uptrend,low,uptrend_low
2012-08-21,0.0031691790124170893,-0.0016772097831626587,-0.020006522784135616,-0.03151550844414586,development,uptrend,low,uptrend_low
2012-08-22,-0.0019903255313376,-0.013987800504915326,-0.020474940732518654,-0.034600960787851465,development,uptrend,low,uptrend_low
2012-08-23,-0.001094073774599802,-0.019434093214940718,-0.024867428555388926,-0.009364684769031628,development,uptrend,low,uptrend_low
2012-08-24,-0.0069786829579030485,-0.013511937349633851,-0.024889352009734744,-0.004528689904413685,development,uptrend,low,uptrend_low
2012-08-27,-0.010488747241119811,-0.0159716489228775,-0.013071118459495268,0.008636077266461983,development,uptrend,low,uptrend_low
2012-08-29,0.008816328089109149,-0.0028186040657851574,-0.008142561885240429,0.030824108744938572,development,downtrend,low,downtrend_low
2012-08-30,-0.007493147455549964,-0.004567625688042254,-0.01128690701828472,0.025886130626979975,development,downtrend,low,downtrend_low
2012-08-31,-0.004311570169620027,-0.009627557033545009,0.012432502161707548,0.05707379936392498,development,downtrend,low,downtrend_low
2012-09-03,0.004734118498912476,-0.0020479506586771334,0.021775010257892413,0.06874448327244953,development,downtrend,low,downtrend_low
2012-09-04,-0.0034706434848452705,0.018726557932314813,0.027860962332814765,0.06791699097547022,development,downtrend,low,downtrend_low
2012-09-05,0.0039768862204954125,0.02794367113501761,0.04089007534990308,0.06451182121380938,development,downtrend,low,downtrend_low
2012-09-06,0.006149394220248183,0.015171025572217278,0.023712417992902912,0.07189062765260279,development,downtrend,low,downtrend_low
2012-09-07,0.0002891312775294974,0.012887241260517657,0.04023760307530044,0.057386411704179796,development,uptrend,low,uptrend_low
2012-09-10,0.010100991615098032,0.01859972605153959,0.051329603517755285,0.06330462294661032,development,uptrend,low,uptrend_low
2012-09-11,0.004912581988548492,0.03204760905771198,0.036192323419808936,0.04792346874149045,development,uptrend,low,uptrend_low
2012-09-12,2.757991212165578e-05,0.03216069296550539,0.021903481087996113,0.039428134564816864,development,uptrend,low,uptrend_low
2012-09-13,0.008917634342369363,0.01296945847580222,0.029448172024510333,0.03164591676374107,development,uptrend,low,uptrend_low
2012-09-14,-0.003862032227993084,-0.01376126426066493,0.0067208412405113105,0.015456972466373786,development,uptrend,low,uptrend_low
2012-09-17,-0.00041948052570595085,0.015841425379661267,0.012762387770656636,0.022999089658406247,development,uptrend,low,uptrend_low
2012-09-18,0.0031244284447682347,0.0239572142902873,0.022846512166046384,0.04526858532264688,development,uptrend,low,uptrend_low
2012-09-20,0.020467976034382218,0.01737491524901391,0.012999820692128461,0.03047340780213381,development,uptrend,low,uptrend_low
2012-09-21,-0.003926615112454068,-0.005007071218485093,0.0019939755243021384,-0.0028022373290679248,development,uptrend,medium,uptrend_medium
2012-09-24,-0.0001762145618792177,-0.004475832663279222,0.007735802058044916,0.005233606904719856,development,uptrend,medium,uptrend_medium
2012-09-25,0.0017777431532099985,0.008826529735330269,0.01377049191655022,-0.00022110588700474665,development,uptrend,medium,uptrend_medium
2012-09-26,-0.004274069178233142,0.0079400404824852,0.0200661110652125,0.006045350022031215,development,uptrend,medium,uptrend_medium
2012-09-27,0.003254292259288638,0.008170946543130553,0.010932731628254144,-0.0015391922847987072,development,uptrend,medium,uptrend_medium
2012-09-28,0.002462825660633605,0.014523002350015357,-0.00503965993251243,-0.003067619089355378,development,uptrend,medium,uptrend_medium
2012-10-01,0.0006197609103921753,0.003360860265653187,-0.004033049368602604,-0.013914868550160109,development,uptrend,low,uptrend_low
2012-10-03,0.006267926766341914,-0.013135556024556516,-0.017282281423128598,-0.015873948377025382,development,uptrend,low,uptrend_low
2012-10-04,-0.011702459963456535,-0.01898536583727428,-0.018392123011607864,-0.016560585500859815,development,uptrend,low,uptrend_low
2012-10-05,-0.013187078308448452,-0.01733358721450784,-0.013178419409719533,-0.011752757201338615,development,uptrend,low,uptrend_low
2012-10-08,-0.0006218835784327359,-1.7535919336841843e-05,-0.0036614144164589524,0.0015766930010552294,development,uptrend,medium,uptrend_medium
2012-10-09,-0.003350290563144509,0.0008640050832944279,-0.004082047334735939,0.0035707044159829504,development,uptrend,low,uptrend_low
2012-10-10,0.007866126015273256,0.004193519908183951,-0.0005738500926988355,0.007380560552220361,development,uptrend,medium,uptrend_medium
2012-10-11,-0.0009944894011939542,-0.005931357543346505,0.006512135228558202,-0.0028336760305538444,development,uptrend,medium,uptrend_medium
2012-10-12,0.0022910516808389847,-0.0024672864255187443,0.0017623474467991507,-0.013455539966735652,development,uptrend,medium,uptrend_medium
2012-10-15,-0.010095361867353936,0.0022960069812167916,0.002024292710637754,-0.015055366810414195,development,uptrend,medium,uptrend_medium
2012-10-16,-0.003670081022661753,0.0005544528858150155,0.0018129947563763071,-0.00634565354404204,development,downtrend,low,downtrend_low
2012-10-17,0.007647241928814719,0.007374076982097799,0.005286064354736109,0.003946996880499265,development,downtrend,low,downtrend_low
2012-10-18,-0.0033401373485298924,-0.002086494266699712,-0.006610156983202109,0.00015787187344762366,development,uptrend,low,uptrend_low
2012-10-19,0.00874264306474104,0.006651793771907055,-0.012298008700600382,0.01002184411546403,development,downtrend,low,downtrend_low
2012-10-22,-0.004242737119020568,-0.008756625325665346,-0.016787191075489982,0.0077769275711363495,development,uptrend,low,uptrend_low
2012-10-23,0.0029004360438917853,-0.01597874867539717,-0.007690550116379646,0.008780445265685222,development,downtrend,low,downtrend_low
2012-10-25,7.058926956915457e-05,-0.008031490226532045,0.005736778733237191,0.003715632980616723,development,uptrend,low,uptrend_low
2012-10-29,-0.01033355331677921,-0.0019978064960003428,0.008459536066566464,0.004835290811928905,development,downtrend,low,downtrend_low
2012-10-30,0.004100628992272259,0.018037288660829986,0.02280786212422381,0.006119622995488516,development,downtrend,low,downtrend_low
2012-10-31,0.006274625242830734,0.016818648629429278,0.02678324685766076,-0.0063816844203568035,development,downtrend,low,downtrend_low
2012-11-01,0.00023701100408235476,0.004924171479390171,0.007443345583902028,-0.021935132702589732,development,downtrend,low,downtrend_low
2012-11-02,0.0019585970626532223,0.011777570066845877,-0.0011944045671093972,-0.021341812239190405,development,uptrend,low,uptrend_low
2012-11-05,0.005321263091242701,0.007841432636937373,-0.0018264347597315433,-0.013926747266243322,development,uptrend,low,uptrend_low
2012-11-06,0.007257020825255589,-0.005656995961215827,-0.015318451397248856,-0.015886772305250818,development,uptrend,low,uptrend_low
2012-11-07,0.0052110702399719155,-0.004431565017954053,-0.023638149467945402,-0.014433333743869348,development,uptrend,low,uptrend_low
2012-11-08,-0.007825739716985858,-0.017466122725231403,-0.027865539353920887,-0.01661115557053916,development,uptrend,low,uptrend_low
2012-11-09,-0.0008350253297311205,-0.02011099450589726,-0.02055048152154526,0.006855997444108253,development,downtrend,low,downtrend_low
2012-11-12,-0.0034245838438005105,-0.013972620093974042,-0.006291697391192841,0.030909571853998008,development,downtrend,low,downtrend_low
2012-11-15,-0.009022543337045885,-0.00946700359995456,0.0005244978336902406,0.04534388810712886,development,downtrend,low,downtrend_low
2012-11-16,-0.001057842065221526,0.00672368373822807,0.008839455416636444,0.05265099616452362,development,downtrend,low,downtrend_low
2012-11-19,-0.005932415279523817,0.004094739529020508,0.005548832918214064,0.050751178494297555,development,downtrend,low,downtrend_low
2012-11-20,0.005785903213166188,0.007899704013658804,0.02596510439991051,0.05696372592924326,development,downtrend,low,downtrend_low
2012-11-21,-0.00015103180924225246,0.0012969130087141512,0.03489320593686007,0.053707813566889806,development,downtrend,low,downtrend_low
2012-11-22,-0.0015704331241559455,0.016325226345984767,0.04336830135541603,0.04825696219575404,development,downtrend,low,downtrend_low
2012-11-23,-0.0022571765325214432,0.03121986681863187,0.03935458858523222,0.04607295628146768,development,downtrend,low,downtrend_low
2012-11-26,0.012185242610674107,0.03911815810837682,0.040779358487231576,0.042467050399841,development,downtrend,low,downtrend_low
2012-11-27,0.015392089821889332,0.02340195503151743,0.028552965835889843,0.02637401285343932,development,uptrend,low,uptrend_low
2012-11-29,0.007513724752613138,0.009124400274160394,0.016261121032171033,0.0026559287183001157,development,uptrend,low,uptrend_low
2012-11-30,-0.0012418329753752788,0.003785140135244225,0.004958942260664401,0.00022967680113139544,development,uptrend,low,uptrend_low
2012-12-03,0.003826650995413683,0.010925905057308283,0.007175990157805012,-0.0015169943819522969,development,uptrend,low,uptrend_low
2012-12-04,-0.001032759549553841,0.00013540864021210908,-0.00132060624382635,-0.0016592105114139333,development,uptrend,low,uptrend_low
2012-12-05,0.000776217506345489,-0.0029360482792293308,-0.006462684297072863,0.0005568893031937527,development,uptrend,low,uptrend_low
2012-12-06,-0.0044826588567997705,-0.005931950676188014,-0.01390293225480288,-0.0029659753380940623,development,uptrend,low,uptrend_low
2012-12-07,-0.0012085602014514363,-0.004741306380699362,-0.006161156216495933,-0.011553251177981005,development,uptrend,low,uptrend_low
2012-12-10,-0.004220264158862563,-0.01220497097661688,-0.01112459983735492,-0.011487526069610343,development,uptrend,low,uptrend_low
2012-12-11,-0.005035622304069065,-0.0064550522646933395,-0.0035486161568638597,-0.002061527499052418,development,uptrend,low,uptrend_low
2012-12-12,-0.008279186293649654,-0.007194521445322732,0.004957332957516991,-0.005126814426150039,development,uptrend,low,uptrend_low
2012-12-13,0.00559274074444005,0.008534420492430028,0.011886640982538665,0.010509876402684304,development,uptrend,low,uptrend_low
2012-12-14,-0.00044366481635527144,0.011790819495990146,-0.002184080656513987,0.00761028882454573,development,uptrend,low,uptrend_low
2012-12-17,0.003949827473018974,0.007286809448361797,-0.0030390386406069503,0.020370794802917258,development,uptrend,low,uptrend_low
2012-12-18,0.002078700315134574,-0.011762055611896693,-0.0019772036938168203,0.01558146424142004,development,uptrend,low,uptrend_low
2012-12-19,-0.0030416116699416573,-0.013261581565662706,-0.010843480952469453,0.013767022106914384,development,uptrend,low,uptrend_low
2012-12-20,-0.006844396176545531,0.0029891470204228554,0.003456198650857667,0.017051613849142333,development,uptrend,low,uptrend_low
2012-12-21,-0.0022576248083149286,0.00018744209511845078,0.006150979324629491,0.02261035871741357,development,downtrend,low,downtrend_low
2012-12-24,0.006930988497777735,0.007399875684952484,0.02187568528545092,0.018167213895978085,development,downtrend,low,downtrend_low
2012-12-26,-0.010134581578503221,-0.0042325885854730405,0.013372196903265188,0.0064837114709284105,development,uptrend,low,uptrend_low
2012-12-27,0.003601096568657036,0.01802231969904655,0.02191213102092804,0.01089659740415505,development,downtrend,low,downtrend_low
2012-12-28,0.0006608659619526946,0.01835216584814825,0.01477660546078674,0.020817732886368345,development,uptrend,low,uptrend_low
2012-12-31,0.001780146118729009,0.005607896924389788,0.003192608120962781,0.012369203823098696,development,uptrend,low,uptrend_low
2013-01-02,-0.0010472098294546095,-0.004554656609816021,-0.007363909392892665,-0.002318844955641719,development,uptrend,low,uptrend_low
2013-01-03,0.0006985598507660562,-0.0017049376104266711,-0.0072023705390159565,0.004532639013085538,development,uptrend,low,uptrend_low
2013-01-04,-0.008895840200712435,-0.01169284170131979,-0.015036054901750973,0.0036824640830857014,development,uptrend,low,uptrend_low
2013-01-07,0.003050079703896813,-0.002473538257299235,0.006785317509086397,0.01652050341330491,development,uptrend,low,uptrend_low
2013-01-08,-0.005777395721771272,-0.009140619499804048,0.008391312427961317,0.00704268977256417,development,uptrend,low,uptrend_low
2013-01-09,-0.005025989085381877,0.004209175305411872,0.0005084838747855258,0.009251850671301298,development,uptrend,low,uptrend_low
2013-01-10,-0.01016234758975898,0.007351506225537374,0.004457503393662021,0.001155976885335086,development,uptrend,low,uptrend_low
2013-01-11,0.009527015604346323,0.00580672697573803,0.0162889971594391,0.01800672065865272,development,uptrend,low,uptrend_low
2013-01-14,0.0031054099881144825,0.00022360569315460488,0.007361843423125736,0.006119679427879943,development,uptrend,low,uptrend_low
2013-01-15,-0.007794660661886277,0.002545859207100376,-8.265829062659158e-05,0.00014876877893033047,development,uptrend,low,uptrend_low
2013-01-16,0.006323715111435035,0.013505487138096184,0.008839792491147636,0.009081441366382004,development,uptrend,low,uptrend_low
2013-01-17,0.0007508114250647235,-0.0018729997398185816,-0.006683333638180966,-0.004142032765126924,development,uptrend,low,uptrend_low
2013-01-18,-0.0005669301749989808,-0.0051678421414780296,-0.0018239490048473916,-0.01427105905701842,development,uptrend,low,uptrend_low
2013-01-21,-0.005205447703114929,-0.009999721333196598,-0.0008799285777786325,-0.015279212492432026,development,uptrend,low,uptrend_low
2013-01-22,0.0002395081668735699,0.003601576833356823,-0.00048740597650720474,-0.0158520686559962,development,uptrend,low,uptrend_low
2013-01-23,-0.004440821803595951,0.004730179029991843,0.0015794721277841983,-0.014389202671034496,development,uptrend,low,uptrend_low
2013-01-24,0.008324326059216514,0.0042161013102746114,0.0017013860071375397,-0.014225279328159979,development,uptrend,low,uptrend_low
2013-01-25,-0.0012002914867453862,-0.0043324011826776365,-0.013679517596982937,-0.02936487311760516,development,uptrend,low,uptrend_low
2013-01-28,-0.0024403997711526237,-0.004938446147040976,-0.01277065523739529,-0.027511681086100692,development,uptrend,low,uptrend_low
2013-01-29,-0.0015251442704039553,-0.010898614617683378,-0.017823594007625676,-0.023495465787304215,development,uptrend,low,uptrend_low
2013-01-30,-0.0018029331039371987,-0.0096598220682792,-0.014299489455672165,-0.018641454409650704,development,uptrend,low,uptrend_low
2013-01-31,-0.006960873970021986,-0.013913422599307168,-0.016909656150495,-0.023837309586120625,development,uptrend,low,uptrend_low
2013-02-01,-0.006298578318115422,-0.010953992873356633,-0.02019853139604899,-0.02287065798675969,development,downtrend,low,downtrend_low
2013-02-04,0.0014625780480801431,-0.0015803756289857196,-0.008464761777172258,-0.008405904031172806,development,downtrend,low,downtrend_low
2013-02-05,-0.004817863965061897,-0.014119756422418805,-0.010946770121415317,-0.008074349905565548,development,downtrend,low,downtrend_low
2013-02-06,0.0003957936641758586,-0.0065022187311079005,-0.0005895779270183032,0.001111709718412346,development,downtrend,low,downtrend_low
2013-02-07,-0.0043177037382737815,-0.00111317021934898,-0.005422391562668771,-0.012961511256426306,development,downtrend,low,downtrend_low
2013-02-08,-0.0037499189641397868,0.0021791017053243156,-0.005515139808097147,-0.011781995473209017,development,downtrend,low,downtrend_low
2013-02-11,0.004775743190914783,0.00044111693624770965,0.0006531844210917459,-0.0067183144876304945,development,downtrend,low,downtrend_low
2013-02-12,-0.001716212311459242,-0.009380547506973369,-0.0005804509541126324,-0.030589806361068783,development,downtrend,low,downtrend_low
2013-02-13,-0.006109687657031904,-0.0058990087723066464,0.0016600837744833452,-0.02297247496830357,development,downtrend,low,downtrend_low
2013-02-14,0.0029727180726650815,0.011882553970508969,-0.0030153910550441143,-0.030136608444525703,development,downtrend,low,downtrend_low
2013-02-15,0.0016218136800676408,0.009238094171993172,-0.006512545030226025,-0.02869073723741089,development,downtrend,low,downtrend_low
2013-02-18,0.00669468809403817,-0.008126875991529059,-0.0077031615551974575,-0.03418531382591794,development,downtrend,low,downtrend_low
2013-02-19,-0.0038968876457956547,-0.01944253621128178,-0.03435122500385057,-0.03051301655080596,development,downtrend,low,downtrend_low
2013-02-20,-0.009712910797132879,-0.009289873892864065,-0.019078964382523544,-0.015406971003712022,development,downtrend,low,downtrend_low
2013-02-21,0.002115401632736713,-0.013121060491018688,-0.024820422541690368,0.004342210626488985,development,downtrend,low,downtrend_low
2013-02-22,-0.002691367114351695,-0.012545656675111094,-0.025695993457810373,0.012801252544522246,development,downtrend,low,downtrend_low
2013-02-25,-0.013180156827415357,-0.024878818296275362,-0.023945293897935205,0.01782201950047324,development,downtrend,low,downtrend_low
2013-02-26,0.002074366056902477,-0.011270671598800575,-0.00011234461351472547,0.02233404164178454,development,downtrend,low,downtrend_low
2013-02-27,-0.024218685989637945,-0.02328452961895844,-0.002699529465385875,0.002888084769376187,development,downtrend,low,downtrend_low
2013-02-28,0.0030250154598772117,0.014344676741717244,0.02820710464200471,0.03621250391099351,development,downtrend,low,downtrend_low
2013-03-01,-0.0010868573457365471,0.01996597515104126,0.042245865996258125,0.02943185383899971,development,downtrend,low,downtrend_low
2013-03-04,0.010799535614678168,0.024613514240871215,0.03842757819436837,0.019711801909590987,development,downtrend,low,downtrend_low
2013-03-05,0.00037827442222693186,0.022230296255360216,0.016797365544472198,-0.012112252976770321,development,downtrend,medium,downtrend_medium
2013-03-06,0.010687260111932773,0.024313567255183077,0.008601587972522973,-0.018426888101417238,development,downtrend,medium,downtrend_medium
2013-03-07,0.010546224537260729,0.005175392115083222,0.004300101703650361,-0.03822455551853299,development,uptrend,medium,uptrend_medium
2013-03-08,-0.0006306654678548407,-0.015960024349599533,-0.012361043169954566,-0.04957030577338928,development,uptrend,medium,uptrend_medium
2013-03-11,-0.005130706775721583,-0.005997022803570173,-0.018394861867892964,-0.05227433214935984,development,uptrend,medium,uptrend_medium
2013-03-12,-0.005709558606944665,-0.0020730878595959235,-0.023594619015654628,-0.041326759635481713,development,uptrend,medium,uptrend_medium
2013-03-13,0.010776691195644394,-0.00183036032723638,-0.02592397949101044,-0.027951040492274593,development,uptrend,medium,uptrend_medium
2013-03-14,-0.007151398229197192,-0.028563409325710554,-0.04330587272360298,-0.0355880916795549,development,uptrend,medium,uptrend_medium
2013-03-15,0.0031804701938367153,-0.021034099395065953,-0.028435105917178793,-0.011802106389951383,development,uptrend,medium,uptrend_medium
2013-03-18,-0.01937875325326388,-0.034260602440481236,-0.038510095117970766,-0.03184573729093776,development,downtrend,high,downtrend_high
2013-03-19,-0.00803928263213849,-0.01553853029171759,-0.01723697387843437,-0.028882216917988313,development,downtrend,high,downtrend_high
2013-03-20,-0.008263359531488268,-0.012627246520378832,-0.004092272569776179,-0.026752993385153467,development,downtrend,high,downtrend_high
2013-03-21,-0.0014929339062932367,-0.0032156096786633004,0.007880154633616465,-0.02064553754679166,development,downtrend,high,downtrend_high
2013-03-22,-0.01286943205102431,-0.004336551582531656,0.0071487909107630365,-0.037180403044004606,development,downtrend,high,downtrend_high
2013-03-25,0.004961050573369041,0.01614783386216878,0.010536611417278907,-0.009806244433311018,development,downtrend,high,downtrend_high
2013-03-26,0.006161711245628698,0.017768155045150724,-0.0129255013058297,-0.009517064317648649,development,downtrend,medium,downtrend_medium
2013-03-28,0.0012373830933085639,-0.00429150304850634,-0.025292477237010447,-0.029627860334261458,development,downtrend,medium,downtrend_medium
2013-04-01,0.008137906370786707,-0.02226532279211535,-0.027842572313870884,-0.023379042812236794,development,downtrend,medium,downtrend_medium
2013-04-02,-0.011724380801859113,-0.03256858453563438,-0.042698876226721305,-0.008928260035573565,development,downtrend,medium,downtrend_medium
2013-04-03,-0.01168303360156564,-0.017320647216671703,-0.014528415776557724,0.008518573887875025,development,downtrend,medium,downtrend_medium
2013-04-04,-0.0026669954555056385,-0.013110396494259824,0.004651479299851546,0.03861281159268293,development,downtrend,medium,downtrend_medium
2013-04-05,-0.0013602026281416268,0.0014773795716602756,-0.003954633873074487,0.05114852758197452,development,downtrend,medium,downtrend_medium
2013-04-08,-0.013225571689113313,0.004534231200897798,-6.286826599322115e-05,0.048152619949495046,development,downtrend,medium,downtrend_medium
2013-04-09,0.0040551267216075715,-0.0013908684240234725,0.027581882196884067,0.06864751495822974,development,downtrend,medium,downtrend_medium
2013-04-10,-0.0013656516342710479,-0.00593575117682521,0.015540116659616299,0.048164433278107044,development,downtrend,medium,downtrend_medium
2013-04-11,0.0014218503264613602,0.030476206649087123,0.047530185132412583,0.06944769481764035,development,downtrend,medium,downtrend_medium
2013-04-12,0.010874085929699628,0.032713115242352764,0.05916309382658613,0.07655445135926287,development,downtrend,medium,downtrend_medium
2013-04-15,0.0227417766556548,0.039667753345403955,0.04933971494477918,0.07854450592868711,development,downtrend,medium,downtrend_medium
2013-04-16,-0.0034946453842018554,0.02202797546725921,0.03637460798892178,0.04122692785199944,development,uptrend,high,uptrend_high
2013-04-17,0.017667640187417843,0.027134936162644063,0.033214843914464165,0.05074165440099265,development,uptrend,high,uptrend_high
2013-04-18,0.007694465994125377,0.0218398930712278,0.019732807943723563,0.043818009577475614,development,uptrend,high,uptrend_high
2013-04-22,-0.0010611139992257046,0.004851893204366187,0.014906487344138908,0.03871227657420784,development,uptrend,high,uptrend_high
2013-04-23,0.010279828901036625,0.008196581205845543,0.024461672036195647,0.03313635379374125,development,uptrend,high,uptrend_high
2013-04-25,-0.004796780319081262,0.005161268750794479,0.007500317810076762,0.033052247976609106,development,uptrend,high,uptrend_high
2013-04-26,0.004508642908619631,0.020714236759412863,0.01589929656298228,0.01749865522447891,development,uptrend,high,uptrend_high
2013-04-29,-0.000404527914277919,0.0019215693213932017,0.018701699963744822,0.010585544896631438,development,uptrend,high,uptrend_high
2013-04-30,0.01487806556237703,0.010090655907089019,0.026711084506589655,0.03981292105833312,development,uptrend,high,uptrend_high
2013-05-02,-0.008258947192792188,0.00835068068532574,0.00945188993805779,0.029431868247893567,development,uptrend,high,uptrend_high
2013-05-03,0.00439871196711672,0.020925483084198948,0.025206496344399643,0.0407744295657837,development,uptrend,high,uptrend_high
2013-05-06,0.010044306781743284,0.011147365625856276,-0.0005013829650241108,0.02898824279796508,development,uptrend,high,uptrend_high
2013-05-07,0.0008492373088864191,0.005046065507784192,-0.01133712080128968,0.008236965793539275,development,uptrend,medium,uptrend_medium
2013-05-08,-0.004639449004981366,-0.016106328324441033,0.01125303762449037,0.0026569549440689233,development,uptrend,medium,uptrend_medium
2013-05-09,0.008021500930328607,-0.008410187745503395,0.020450676426504,-0.0130990606264213,development,uptrend,medium,uptrend_medium
2013-05-10,-0.01930897580084545,0.0079613333660018,0.014610804257211507,-0.01880069314764843,development,uptrend,medium,uptrend_medium
2013-05-13,0.0009515846946246409,0.03008492932121598,0.027914536884851016,0.015601733640088211,development,uptrend,high,uptrend_high
2013-05-14,0.021249889973760094,0.02798702481340154,0.01582528198153499,0.015351753382216726,development,uptrend,high,uptrend_high
2013-05-15,0.006796377814832999,0.0046750544354017265,-0.005507281850446688,-0.0039081622506424996,development,uptrend,high,uptrend_high
2013-05-16,0.0023245950349473077,-0.009533544868212007,-0.03335526516662213,-0.00792172123179169,development,uptrend,high,uptrend_high
2013-05-17,-0.006631187101685976,-0.01669893514036791,-0.03459990243828659,-0.034212617729509565,development,uptrend,high,uptrend_high
2013-05-20,-0.006217136442636995,-0.03011861971888441,-0.011247766172939655,-0.03462909125569946,development,uptrend,high,uptrend_high
2013-05-21,-0.0053124759427608526,-0.023420733399329485,-0.002578696957124871,-0.03388247459914162,development,uptrend,high,uptrend_high
2013-05-22,-0.013775965060419004,0.00541286535247254,0.008908485920553932,-0.020915940554355417,development,uptrend,high,uptrend_high
2013-05-23,-0.004517009623300372,0.016728467802455738,0.018857970900527876,-0.014856886896204125,development,downtrend,high,downtrend_high
2013-05-24,0.0156526532755501,0.01918387554966694,-0.0005759687259987434,-0.0180986249225622,development,downtrend,high,downtrend_high
2013-05-27,0.004091105826025121,0.006194140400462178,-0.024160669466808504,-0.03423235507541411,development,uptrend,high,uptrend_high
2013-05-28,-0.002638758605922331,-0.021975507635534797,-0.03284072144789951,-0.054187254211953695,development,uptrend,high,uptrend_high
2013-05-29,0.008547203738122011,-0.021878593215390207,-0.02442294855570981,-0.05137384815069246,development,uptrend,high,uptrend_high
2013-05-30,-0.01848754593424029,-0.029391508724723403,-0.02907181650034607,-0.06552217437469465,development,uptrend,high,uptrend_high
2013-05-31,-0.0096793237052204,-0.012255412607765526,-0.01940025107117216,-0.031505613685340994,development,downtrend,high,downtrend_high
2013-06-03,-0.003644089812977702,-0.003315917084156128,-0.010620945047053243,-0.015325493843247884,development,downtrend,high,downtrend_high
2013-06-04,0.0026319404029586657,-0.004620585547443157,-0.020225784735092733,-0.016028250116237763,development,downtrend,high,downtrend_high
2013-06-05,0.004478354935326445,-0.002883799830364686,-0.022866803170059402,-0.012340966921119634,development,downtrend,high,downtrend_high
2013-06-06,-0.0032287532000773167,-0.01885577303290109,-0.03405898487019521,-0.04138099006380869,development,downtrend,high,downtrend_high
2013-06-07,-0.005061003544066134,-0.02500037398613597,-0.016841856098565033,-0.04066588872040455,development,downtrend,high,downtrend_high
2013-06-10,-0.010250086824107663,-0.02558664712011116,0.0002222363218635781,-0.04419747809360974,development,downtrend,high,downtrend_high
2013-06-11,-0.002001092335513488,0.006349876959977463,0.007250850722267943,-0.028180344322562445,development,downtrend,high,downtrend_high
2013-06-12,-0.0017953006602638988,0.024643734334842904,0.019774562850874533,-0.02113198530131799,development,downtrend,medium,downtrend_medium
2013-06-13,0.01034096748302371,0.011245514423914083,-0.01618561473095037,-0.011584740760244072,development,downtrend,medium,downtrend_medium
2013-06-14,0.00509413491190025,0.00031786435421810033,-0.026243901203161446,0.0037454974459696366,development,downtrend,high,downtrend_high
2013-06-17,-0.004844280997718942,-0.031838957036113835,-0.04307672273583274,0.009748574310499913,development,downtrend,high,downtrend_high
2013-06-18,0.0028420100762176492,-0.02378677994337508,-0.03387157599685653,0.008922155567756107,development,downtrend,high,downtrend_high
2013-06-19,-0.017074633380680826,-0.028483773472253726,-0.028753110335874243,0.0029109425865283534,development,downtrend,high,downtrend_high
2013-06-20,0.0049203000905153615,-0.005461055199703191,0.007526763958143778,0.0349386152911797,development,downtrend,high,downtrend_high
2013-06-21,-0.008478074217747933,-0.008752957331801259,0.03620939823115221,0.040767660027613006,development,downtrend,high,downtrend_high
2013-06-24,0.0003834352489071602,0.013447578401317939,0.052060370107760656,0.036490356120168155,development,downtrend,high,downtrend_high
2013-06-25,-0.006974119997133488,0.03806892253212335,0.040796311517865336,0.04105398887146161,development,downtrend,high,downtrend_high
2013-06-26,0.006090687976020082,0.0444231789706615,0.021768907794776915,0.029878096329541526,development,downtrend,high,downtrend_high
2013-06-27,0.01612317511305328,0.01879290454604754,0.015210052232802918,0.03228108490412218,development,downtrend,high,downtrend_high
2013-06-28,0.011098541148790497,-0.010832895263125475,0.005793490704946613,0.029978899815930937,development,uptrend,high,uptrend_high
2013-07-01,-0.004748992492141668,-0.008249053553224028,-0.012564811029224354,0.02468775884589247,development,uptrend,high,uptrend_high
2013-07-02,-0.007063084092127636,0.009626666635301762,0.008095355793903192,0.02465606205694515,development,uptrend,high,uptrend_high
2013-07-03,0.007282487650459357,0.0028991422731783345,0.0037879451766684724,0.03081233956382934,development,uptrend,high,uptrend_high
2013-07-04,-0.0037437146728844795,-0.005254746523515874,0.00766558304341558,0.025144458690476545,development,uptrend,high,uptrend_high
2013-07-05,-0.0037029903256164953,-0.002820038453776208,0.030146678998527632,0.033609678518629726,development,uptrend,high,uptrend_high
2013-07-08,0.0041819322550573634,0.017224830891215737,0.033626933079794696,0.03379832443194597,development,uptrend,high,uptrend_high
2013-07-09,-0.009063137006818156,0.023697183933359733,0.014540298655207229,0.03541796381582918,development,uptrend,high,uptrend_high
2013-07-10,0.00688779330838063,0.023123217353040904,0.013368361131139261,0.016286368648740446,development,uptrend,high,uptrend_high
2013-07-11,0.0014165486209483102,-0.007541038246812737,0.006257779299641664,-0.015498708440963238,development,uptrend,high,uptrend_high
2013-07-12,0.006609628802920486,-0.002987780418188146,0.006342635659167373,-0.017525703795067904,development,uptrend,high,uptrend_high
2013-07-15,0.004122579772997126,0.018083564364326232,0.017029743597174463,-0.016717796184147926,development,uptrend,high,uptrend_high
2013-07-16,0.00017578043241650576,0.00953580230440787,0.017673373466867703,-0.03636823564192726,development,uptrend,high,uptrend_high
2013-07-17,0.008914332821013504,0.007870003147674831,0.000969105301555917,-0.04055344251038573,development,uptrend,high,uptrend_high
2013-07-18,-0.004622597750965629,0.0034008467131301234,-0.024714420934666914,-0.054373322168074445,development,uptrend,high,uptrend_high
2013-07-19,0.0036690053142809376,-0.0032031282499271896,-0.0205582269957153,-0.05521861935292649,development,uptrend,high,uptrend_high
2013-07-22,0.00222614323743775,-0.025856209247158146,-0.03836385235504347,-0.06248040409395217,development,uptrend,high,uptrend_high
2013-07-23,-0.00691293292038031,-0.024203440746786486,-0.045945157927677505,-0.08122246932275723,development,uptrend,high,uptrend_high
2013-07-24,-0.010535291332672392,-0.023239649314869548,-0.03825537754248065,-0.07558954376076832,development,uptrend,high,uptrend_high
2013-07-25,-0.008715128671987205,-0.030801940839683017,-0.035382596812971956,-0.06269845329161716,development,downtrend,high,downtrend_high
2013-07-26,-0.006524807143906464,-0.02179749249230012,-0.032717533638038976,-0.043876061022531165,development,downtrend,high,downtrend_high
2013-07-29,-0.013879250984962677,-0.018539887535631405,-0.025813676610975556,-0.023431945335724014,development,downtrend,high,downtrend_high
2013-07-30,0.0006360543155499165,-0.010534420919558363,-0.03417360292052318,0.0006883001148472179,development,downtrend,high,downtrend_high
2013-07-31,-0.008490679346477847,-0.015838945030513196,-0.04462597743521712,-0.046573388709460484,development,downtrend,high,downtrend_high
2013-08-01,-0.01254770041903508,-0.03613878344464072,-0.032069270459783694,-0.058312504426337286,development,downtrend,high,downtrend_high
2013-08-02,0.0005279459474090142,-0.02873782336581865,-0.012318738772878035,-0.0494420864176367,development,downtrend,high,downtrend_high
2013-08-05,-0.021650850757840567,-0.01752016835442005,0.006072464286529966,-0.06396407772471568,development,downtrend,high,downtrend_high
2013-08-06,-0.005442075233661026,0.011370821522915353,0.03477916255974711,-0.025381510160259135,development,downtrend,high,downtrend_high
2013-08-07,0.010090670615889863,0.03434633201300685,-0.00039921726830471904,-0.006950899909274444,development,downtrend,high,downtrend_high
2013-08-08,0.0010165885160071664,0.024185279157314055,-0.03423585863802392,-0.023222250303548297,development,downtrend,high,downtrend_high
2013-08-12,0.017686675539038355,-0.01649924598790231,-0.035498380373644056,-0.05585461447033613,development,downtrend,medium,downtrend_medium
2013-08-13,0.0047065652103746025,-0.05260347613129579,-0.07223468256122378,-0.0753052996636776,development,downtrend,high,downtrend_high
2013-08-14,-0.034633568060693065,-0.05328238606828273,-0.05205548902065782,-0.051950394881812745,development,downtrend,high,downtrend_high
2013-08-16,-0.015061219566742334,-0.03547034714150887,-0.0046929642484551115,-0.004683904814840267,development,downtrend,high,downtrend_high
2013-08-19,0.008966180360102882,0.010273748329284516,0.022985140460490827,0.036854700705025056,development,downtrend,high,downtrend_high
2013-08-20,-0.034926222607080226,-0.0041314771279329365,-0.03767437917202321,-0.0278462802575824,development,downtrend,high,downtrend_high
2013-08-21,0.023784810189761307,0.03666620021084799,0.00041648281097983464,0.031290281494687155,development,downtrend,high,downtrend_high
2013-08-22,0.007920792079207928,-0.026028055203776157,-0.003628863976513963,0.03024640945199164,development,downtrend,high,downtrend_high
2013-08-23,-0.004164072944393471,-0.0389860541424486,-0.005018747162665371,0.032912681967874446,development,downtrend,high,downtrend_high
2013-08-26,-0.025624215366718883,-0.0032157367202616527,0.022896894867778572,0.08665806689394628,development,downtrend,high,downtrend_high
2013-08-27,0.00985006119551346,0.04554349434498972,0.0206364818560294,0.12987602473795268,development,downtrend,high,downtrend_high
2013-08-28,0.01740803248142564,0.04406094234928992,0.024753145425796985,0.1004796755971975,development,downtrend,high,downtrend_high
2013-08-29,0.011900176062792367,-0.012205382872913506,0.03430452307462817,0.0819517307302986,development,downtrend,high,downtrend_high
2013-08-30,0.01286437662515394,-0.005866502868254186,0.03652203865585513,0.06574514021942424,development,downtrend,high,downtrend_high
2013-09-02,-0.04184081508026727,0.003273718650439017,0.057769887779489215,0.04941969798333812,development,uptrend,high,uptrend_high
2013-09-03,0.016692673890372323,0.06004310896654652,0.10347755686697768,0.10092099741993144,development,downtrend,high,downtrend_high
2013-09-04,0.007058329113211803,0.0617600720234075,0.05346841239027689,0.10115684081701559,development,downtrend,high,downtrend_high
2013-09-05,0.011206099714738738,0.05263948886952252,0.04150457845417166,0.07025427705136877,development,uptrend,high,uptrend_high
2013-09-06,0.027576892916267415,0.019552181809270763,0.017783358837239804,0.026357061949986882,development,uptrend,high,uptrend_high
2013-09-10,0.004399320963735187,-0.006225300835491998,-0.006293227684827429,0.0008832978576585049,development,uptrend,high,uptrend_high
2013-09-11,-0.013563930832275806,-0.015275300599037034,-0.005344614038286788,-0.009660825578671872,development,uptrend,high,uptrend_high
2013-09-12,0.003877847916309296,0.0038092304928791787,0.04933936250643445,0.009308510638297962,development,uptrend,high,uptrend_high
2013-09-13,-0.015134142110160842,-0.005202032003612245,0.013793618478460834,-0.016373473951224127,development,uptrend,high,uptrend_high
2013-09-16,0.004464132263332088,0.05002396888923699,0.01125473069079197,-0.015263965461995932,development,uptrend,high,uptrend_high
2013-09-17,0.004546455291388085,0.023728252974543507,0.003354509439785547,-0.015784801892213984,development,uptrend,high,uptrend_high
2013-09-18,0.01181305948683753,-0.025545346299878813,-0.028175973038236934,-0.022244601673283126,development,uptrend,high,uptrend_high
2013-09-19,-0.015144393933891886,-0.03474451288973601,-0.03641542976957979,-0.03231196506064016,development,uptrend,high,uptrend_high
2013-09-20,-0.00942678975557032,-0.01210092996648271,-0.018937672487094104,-0.0066685565687043535,development,uptrend,high,uptrend_high
2013-09-23,0.006396275885994784,0.004654141759180108,-0.020444098260034127,0.012536277086891534,development,uptrend,high,uptrend_high
2013-09-24,-0.004693632680901616,-0.011581637304951875,-0.020587812357949486,0.017944505109638298,development,uptrend,high,uptrend_high
2013-09-25,0.0016091465104868252,-0.023413023527594334,0.006283270646403993,0.025226535136912087,development,uptrend,high,uptrend_high
2013-09-26,-0.012251121702093304,-0.021251196611767664,0.0002963314268573658,0.03228325844846358,development,uptrend,high,uptrend_high
2013-09-27,-0.01133415540526328,0.018729435926787996,0.018117427223487192,0.05372310204493891,development,uptrend,high,uptrend_high
2013-09-30,0.004160752354011699,0.02626773413700967,0.029933427453364914,0.05784293208639979,development,downtrend,high,downtrend_high
2013-10-01,0.015569434471962573,0.014959324161232468,0.032367564485118905,0.03896650619420128,development,downtrend,high,downtrend_high
2013-10-03,0.0027158692530415696,0.006297438406840383,0.022007094346453426,0.050591601658364294,development,uptrend,high,uptrend_high
2013-10-04,0.002903710823202621,0.02010517732941519,0.03517552024438886,0.05364199677400472,development,uptrend,high,uptrend_high
2013-10-07,-0.007799179524058619,0.007690409257322228,0.023046057792887042,0.03812549032426782,development,uptrend,high,uptrend_high
2013-10-08,0.019378135207652747,0.034437737294786386,0.03322441856148983,0.048377397472744166,development,uptrend,high,uptrend_high
2013-10-09,0.0033161515522592833,0.018605143143086034,0.007465409291180336,0.027211954288596907,development,uptrend,high,uptrend_high
2013-10-10,-0.0014168902111242332,-0.0025881541259819008,0.013841453704562134,0.006560325650399879,development,uptrend,high,uptrend_high
2013-10-11,0.003233250502626017,-0.007738372286845596,0.0183735754656984,0.0013294104146150953,development,uptrend,high,uptrend_high
2013-10-14,-0.009515986345550842,0.006799504566335823,0.008987320437464641,0.011931598764815421,development,uptrend,high,uptrend_high
2013-10-15,-0.008633254463187634,0.017455143939083317,0.01309339963208167,0.025120963402885943,development,uptrend,high,uptrend_high
2013-10-17,0.01951114286479516,0.021726581637893316,0.015393137231009657,0.03759739143646246,development,uptrend,high,uptrend_high
2013-10-18,0.0004756845070139626,-0.003813270290833559,-0.009206723259634009,0.016962301727265316,development,uptrend,high,uptrend_high
2013-10-21,0.0016956543337989238,-0.004513623033899683,-0.01472792175892601,0.009826736362181121,development,uptrend,high,uptrend_high
2013-10-22,-0.005024471662615215,-0.010411367068019484,0.0018278454981843772,0.0009018524421886553,development,uptrend,high,uptrend_high
2013-10-23,0.00025155660055209417,-0.010011635780269978,0.014425325086396823,0.003967384320013645,development,uptrend,medium,uptrend_medium
2013-10-24,-0.001478728900918047,0.010870962356800407,0.023586269474122457,-0.002153071173220722,development,uptrend,medium,uptrend_medium
2013-10-25,-0.00877321231876671,0.015694317902812616,0.02471123056376734,-0.012396271670350845,development,uptrend,medium,uptrend_medium
2013-10-28,0.01855901323461251,0.03137102500731115,0.0238393631345426,-0.014653994295930173,development,uptrend,medium,uptrend_medium
2013-10-29,0.003354367220926635,0.012261730920567038,-0.0025117003971105722,-0.038710874140073126,development,uptrend,medium,uptrend_medium
2013-10-30,0.009940437695220794,0.0025652742439279397,-0.008000433391058825,-0.029019664884434637,development,uptrend,medium,uptrend_medium
2013-10-31,0.0027743861540601156,-0.01186058232143572,-0.02368933582415833,-0.016018124726737915,development,uptrend,medium,uptrend_medium
2013-11-01,-0.004616254061238001,-0.015106277917428357,-0.03236950738478617,-0.012543445462532055,development,uptrend,medium,uptrend_medium
2013-11-05,-0.007251743658321708,-0.019135668339832046,-0.0387346171766626,-0.021986871223464544,development,uptrend,medium,uptrend_medium
2013-11-06,-0.0066865583002992945,-0.02409736871831436,-0.03841766739540298,-0.0369005926021968,development,uptrend,medium,uptrend_medium
2013-11-07,-0.0047648603047038,-0.024650956632102927,-0.018476050307415837,-0.028313689261405095,development,uptrend,medium,uptrend_medium
2013-11-08,-0.005171526931343595,-0.01976954153870769,0.01286333119148253,0.0008101262424087263,development,downtrend,medium,downtrend_medium
2013-11-11,-0.01136805541295327,-0.005109055428354381,0.019072667897038986,-0.004624403851287484,development,downtrend,medium,downtrend_medium
2013-11-12,-0.0015419621843215658,0.03169772527205539,0.0206789305730386,0.009710194295863284,development,downtrend,medium,downtrend_medium
2013-11-13,0.003172089174051651,0.02755509320130023,-0.006286267237452403,0.009085654738487658,development,downtrend,medium,downtrend_medium
2013-11-14,0.01275561446949891,0.001939126342442865,-0.018916489485379273,0.01064470018209529,development,downtrend,medium,downtrend_medium
2013-11-18,0.0009843233137682983,-0.0319819589838235,-0.013215523392432149,0.0033240707824033766,development,uptrend,medium,uptrend_medium
2013-11-19,-0.010336470789348184,-0.030936566964222645,-0.020648633469945388,0.0024244970806197585,development,uptrend,medium,uptrend_medium
2013-11-20,-0.01598461335397361,0.003091954015623788,-0.006462708495653224,0.010571671502091373,development,downtrend,medium,downtrend_medium
2013-11-21,-0.005292525210399579,0.00526765485421965,0.01070122009754848,0.035463345672108515,development,downtrend,medium,downtrend_medium
2013-11-22,0.013154499254386165,0.0035039888765442395,0.023219194626985074,0.03710264329304258,development,downtrend,medium,downtrend_medium
2013-11-25,-0.006582760559699974,-0.0012132479147026753,0.019445029742386266,0.04339056479792602,development,downtrend,high,downtrend_high
2013-11-26,-0.0009236969462187439,0.01870452087197516,0.022951803299021245,0.04455933719972194,development,downtrend,high,downtrend_high
2013-11-27,-2.4606425435003132e-05,0.020658256345412074,0.0113181541878693,0.0354399051778973,development,downtrend,high,downtrend_high
2013-11-28,0.01182853527541905,0.016047149671456706,0.022477464818815074,0.02181390659644067,development,downtrend,medium,downtrend_medium
2013-11-29,0.0075675029859125775,-0.001652804937921859,0.014381436426668781,-0.00044562197378406054,development,uptrend,high,uptrend_high
2013-12-02,-0.00038681586714750527,0.005939492711649175,0.025732345141435298,-0.007986429413305407,development,uptrend,high,uptrend_high
2013-12-03,-0.004363318893622181,0.011627389484445638,0.023416462280758887,-0.007902518456280205,development,uptrend,high,uptrend_high
2013-12-04,-0.0034092243435693836,0.016199682850521757,0.007257495966238592,-0.007233637243559632,development,uptrend,high,uptrend_high
2013-12-05,0.0040902092261378975,0.01579144694832446,0.0004250452946970018,-0.010867124512582205,development,uptrend,high,uptrend_high
2013-12-06,-0.00796572060113021,-0.016695260741426354,-0.038441168769485556,-0.02194076383476229,development,uptrend,high,uptrend_high
2013-12-09,-0.0034384151863477985,-0.018513916787417317,-0.03147276722000647,-0.011046972029346458,development,uptrend,high,uptrend_high
2013-12-10,0.0001109378186172627,-0.022006641405152516,-0.026660068717966,-0.006151745904242278,development,uptrend,high,uptrend_high
2013-12-11,-0.006324960419405001,-0.01944474524037121,-0.009495375418210106,0.00034251839626397995,development,uptrend,high,uptrend_high
2013-12-12,-0.005305323622457503,-0.010038218109201247,-0.005587522525125843,0.01814135802867689,development,uptrend,high,uptrend_high
2013-12-13,-0.00221289358218113,0.007911322138806964,0.017168270391135554,0.019899972935492283,development,downtrend,high,downtrend_high
2013-12-16,-0.006336860151392343,-0.0018695239072236136,0.017205626448969946,0.020361885453784145,development,downtrend,medium,downtrend_medium
2013-12-17,0.01422519013252832,0.023540126769356906,0.02258578008302914,0.014877723982323676,development,downtrend,medium,downtrend_medium
2013-12-18,-0.01395129461015221,0.004892962492857089,0.003997505618954733,-0.006835734608412691,development,uptrend,medium,uptrend_medium
2013-12-19,0.015258991044786452,0.014312365672192406,0.021658687391449494,0.0018608564206104017,development,downtrend,medium,downtrend_medium
2013-12-20,0.0027603721196649555,0.0018668155901579997,0.0038134895326347173,-0.01674594588361744,development,uptrend,medium,uptrend_medium
2013-12-23,-0.004454937639248313,0.0027554588437650462,0.0011990573185380882,-0.01935218954752682,development,uptrend,medium,uptrend_medium
2013-12-24,0.0014034552160959723,0.0033492288277581217,-0.007806924060239084,-0.01622781110592375,development,uptrend,low,uptrend_low
2013-12-26,0.003337147319442346,0.001779842941159071,-0.01297513108281767,-0.019283882078150127,development,uptrend,low,uptrend_low
2013-12-27,-0.007149139161930718,-0.018188561608520115,-0.022875719535573324,-0.010045120782261052,development,uptrend,low,uptrend_low
2013-12-30,-0.000531141859002715,-0.015252077944467812,-0.023004922100355207,-0.01038470974115413,development,uptrend,low,uptrend_low
2013-12-31,-0.012711779036897464,-0.0174250830688355,-0.020099171171394592,0.0031184133852411033,development,uptrend,low,uptrend_low
2014-01-02,0.00267979081283487,-0.005214229557579553,-0.004229477178700591,0.020074113789859682,development,downtrend,low,downtrend_low
2014-01-03,-0.004726026488699131,-0.007434675209007979,-0.007941021173675566,0.0065585577609195145,development,downtrend,low,downtrend_low
2014-01-06,-0.006713503280092459,-0.005730235053287958,0.011097873714925655,0.01612699987808508,development,downtrend,low,downtrend_low
2014-01-07,-0.0005583812271362509,-0.0010682350553393727,0.010326930825378389,0.02197295332533611,development,downtrend,low,downtrend_low
2014-01-08,-0.002159615839405049,0.014728925992972153,0.022518029447109678,0.02543798551072407,development,downtrend,low,downtrend_low
2014-01-09,-0.0011976180400552483,0.010196071923463057,0.022665998118423847,0.026995282625608574,development,downtrend,low,downtrend_low
2014-01-10,0.013442043111033808,0.02122126839609173,0.011648682041728975,0.012472667277680483,development,downtrend,low,downtrend_low
2014-01-13,-0.0029391641458008655,0.00936861983846482,0.006980583093726178,-0.019871395286729765,development,uptrend,low,uptrend_low
2014-01-14,0.00876957290090763,-0.0006862954276219968,0.007636449043402216,-0.022295133372909448,development,uptrend,low,uptrend_low
2014-01-15,-0.003540286369112078,-0.0058977822967971605,-0.0003784529014786431,-0.03486640766576954,development,uptrend,low,uptrend_low
2014-01-16,-0.007072364345886983,0.0011971940039643414,0.006247754583746268,-0.03687608399405351,development,uptrend,low,uptrend_low
2014-01-17,0.006739361250848397,0.012328853006348117,0.0007984988222142775,-0.027508284425280527,development,uptrend,low,uptrend_low
2014-01-20,-0.001004738456265919,0.00403471442829928,-0.029160669847269727,-0.050370656167220584,development,uptrend,low,uptrend_low
2014-01-21,0.004739285875154264,-0.006704623675037769,-0.02897422121341997,-0.04884252175578019,development,uptrend,low,uptrend_low
2014-01-22,0.0031141103586063146,-0.030050836915711643,-0.03251688504675909,-0.0479849324760222,development,uptrend,low,uptrend_low
2014-01-23,-0.005538216639228044,-0.027833964923775656,-0.03617301985412891,-0.04210803547774988,development,uptrend,low,uptrend_low
2014-01-24,-0.008155069851775276,-0.010676786895690515,-0.015647448029297295,-0.019898746142520407,development,uptrend,low,uptrend_low
2014-01-27,-0.0009132802607797474,-0.009483255692433912,-0.021208981122754267,-0.012785684759925253,development,downtrend,low,downtrend_low
2014-01-28,-0.006614186008764844,-0.0116052588865444,-0.025986057077787672,-0.015955170376156458,development,downtrend,low,downtrend_low
2014-01-29,0.001104367119251659,-0.010746694463903084,-0.007351260533418502,0.002802043843744828,development,downtrend,low,downtrend_low
2014-01-30,0.0011096954502487488,-0.01345610088467386,-0.007636380800213671,-0.013423188910237971,development,downtrend,low,downtrend_low
2014-01-31,-0.009407803828722083,-0.006007774397098986,0.000726280908241117,-0.0017247156810108466,development,downtrend,low,downtrend_low
2014-02-03,0.00896156496945788,0.014913529083134591,0.017797110753623446,0.03018024027384336,development,downtrend,low,downtrend_low
2014-02-04,0.0030228425438232343,0.009818078080109816,0.00973480373277269,0.02473248115917892,development,downtrend,low,downtrend_low
2014-02-05,0.0013187201974784735,0.004163676171695663,0.00923136537232394,0.01046722513358711,development,downtrend,low,downtrend_low
2014-02-06,-0.0023775155304154305,-0.002459784171754409,-0.012595296852814686,0.012801048796632353,development,downtrend,low,downtrend_low
2014-02-07,-0.0031862748645302696,0.001844321511118352,-0.004026101274140048,0.018657011034892923,development,downtrend,low,downtrend_low
2014-02-10,-0.0016056121806525825,-0.011749803680782267,0.008999646038420517,0.02101287046759115,development,downtrend,low,downtrend_low
2014-02-11,-0.0002218603095276439,-0.006080176063206322,0.011075764132240984,0.025216249610741537,development,downtrend,low,downtrend_low
2014-02-12,-0.014201067720987282,0.006496914889845495,0.0006407160105690313,0.03111274596540614,development,downtrend,low,downtrend_low
2014-02-13,0.004083851032371966,0.021415231375804034,0.021863489572525374,0.03282011957875075,development,downtrend,low,downtrend_low
2014-02-14,0.009190831414002565,0.003318958258236915,0.018908684575272616,0.03733144432268176,development,downtrend,low,downtrend_low
2014-02-18,0.003375738288471819,0.003816079674876738,0.011089277185586388,0.03206107320034546,development,uptrend,low,uptrend_low
2014-02-19,-0.005826478476982255,0.009621144618960686,0.01822215942538663,0.044718997309856956,development,uptrend,low,uptrend_low
2014-02-20,0.007719069484575236,0.015020546294992165,0.027610038147698246,0.06848879574234523,development,downtrend,low,downtrend_low
2014-02-21,0.0073522664909762,0.01593395260715358,0.01310872054644685,0.06453395518335303,development,uptrend,low,uptrend_low
2014-02-24,-0.0009105162104460218,0.011481379660238655,0.014865365244308926,0.049341685449538764,development,uptrend,low,uptrend_low
2014-02-25,0.005860524184857052,0.003063305532764904,0.020346750567481475,0.050697659332902933,development,uptrend,low,uptrend_low
2014-02-26,0.007786848811362601,0.011158474069890678,0.027727556874617587,0.04249049025758023,development,uptrend,low,uptrend_low
2014-02-28,-0.006848260661517114,0.010264401523720323,0.041871830373215735,0.0382881055364368,development,uptrend,low,uptrend_low
2014-03-03,0.01306151852857207,0.029661785071580793,0.05155426870953472,0.04824062449732569,development,uptrend,low,uptrend_low
2014-03-04,3.155702029511431e-05,0.03131883809057334,0.028988093667408732,0.030907979574506417,development,uptrend,low,uptrend_low
2014-03-05,0.008889223743055341,0.030340044919027642,0.027132653350210756,0.021805445077623276,development,uptrend,low,uptrend_low
2014-03-06,0.01757102933440513,0.015271354477126131,0.01234027392379744,0.012355880165380473,development,uptrend,low,uptrend_low
2014-03-07,0.0070166217349949545,0.0038818346924656133,0.0019255356260947654,0.014141103551545076,development,uptrend,low,uptrend_low
2014-03-10,-0.0038930445719320694,-0.006768797653328162,-0.0031664504735521293,0.008015465220768236,development,uptrend,low,uptrend_low
2014-03-11,0.0029857487254714155,0.0010311958926509934,0.004086156935359853,0.015990750649288232,development,uptrend,low,uptrend_low
2014-03-12,0.00020797129529781522,0.003835622496822788,-0.0013324453874148379,0.02310625024069002,development,uptrend,low,uptrend_low
2014-03-13,0.008833253761293625,0.011912025233626666,0.007127099974795437,0.03856681567237974,development,uptrend,low,uptrend_low
2014-03-14,-0.002418739140190862,-0.007554607563891147,0.007814801974936225,0.026291819281414996,development,uptrend,low,uptrend_low
2014-03-18,-0.0009112090830780684,-0.0056354984207503955,0.009150076569678367,0.02925724420941811,development,uptrend,low,uptrend_low
2014-03-19,-0.003879631492026303,0.011546690208139365,0.014296988221486284,0.03752098509869506,development,uptrend,low,uptrend_low
2014-03-20,-0.0033767189557473154,0.01144244266525174,0.019423778378836243,0.03390531307122102,development,uptrend,low,uptrend_low
2014-03-21,0.011212656477997074,0.013962046285807439,0.02847706049362575,0.028239013540626745,development,uptrend,low,uptrend_low
2014-03-24,0.0060533276976846295,0.013992137673826344,0.023526372934573825,0.02212938808112508,development,uptrend,low,uptrend_low
2014-03-25,-0.0021539833894401728,0.012130327508952599,0.015931904484003834,0.027291391720227764,development,uptrend,low,uptrend_low
2014-03-26,0.004332295280681464,0.013775702213933982,0.021086888898093736,0.02771768187093726,development,uptrend,low,uptrend_low
2014-03-27,0.0034242360427458873,0.007193112805224722,0.009448497285972524,0.015472685357071914,development,uptrend,low,uptrend_low
2014-03-28,-0.002818575713244731,0.004372935717750437,-0.0042836773098663405,0.0014799901024118434,development,uptrend,low,uptrend_low
2014-03-31,-0.0012556943773682772,0.0009807708828664108,-0.005119280082101163,-0.008054119223196321,development,uptrend,low,uptrend_low
2014-04-01,-0.0007473500792836152,-0.009359831757717818,0.005712101500300104,0.0032259684462625504,development,uptrend,low,uptrend_low
2014-04-02,-0.005308541441376602,-0.011370264871162328,0.0035956761037692075,0.0067335738766549635,development,uptrend,low,uptrend_low
2014-04-03,-0.007045543776850405,0.008061599838172562,0.005109829873438665,0.010902051949442049,development,uptrend,low,uptrend_low
2014-04-04,0.00011947636964548813,0.015259349791798993,0.005803502656197557,0.0218918929958547,development,uptrend,low,uptrend_low
2014-04-07,0.01103841048980958,0.008077923934468823,-0.006947366157765589,0.009037488842606356,development,uptrend,low,uptrend_low
2014-04-09,-0.00097748841103118,-0.010282110088779994,-0.0034763676619645745,-0.006144274389803583,development,uptrend,low,uptrend_low
2014-04-10,0.002655930333865797,-0.01228854554272818,0.008774301986525401,-0.00637731059111557,development,uptrend,low,uptrend_low
2014-04-11,-0.008774139288140304,-0.001958027380323357,0.0033344475234429183,-0.014177026837605022,development,uptrend,low,uptrend_low
2014-04-15,-0.0077223524192648885,0.01343786871957331,0.016879082045040628,-0.004823693977851318,development,uptrend,low,uptrend_low
2014-04-16,0.012538321484345305,0.017907668468311932,0.013038675838201064,0.0005824705180363932,development,uptrend,low,uptrend_low
2014-04-17,0.004183069167249753,0.007592857044224299,-0.004124166881466995,-0.010892248085208278,development,uptrend,low,uptrend_low
2014-04-21,-0.0011065389783758706,-0.005884580298467834,-0.01577773437754393,-0.024967403903688012,development,uptrend,low,uptrend_low
2014-04-22,0.002572059456637188,-0.00908657897629428,-0.018590861782325163,-0.02394751802202033,development,uptrend,low,uptrend_low
2014-04-23,-0.01065518346051375,-0.02050086185296751,-0.023483766239778436,0.00043758570633123384,development,uptrend,low,uptrend_low
2014-04-25,-0.002552139496789785,-0.012119096961851872,-0.01168387181819952,0.03477147798626623,development,uptrend,low,uptrend_low
2014-04-28,-0.007940611611759518,-0.010961766185921151,-0.007933253850273325,0.05019205200177268,development,uptrend,low,uptrend_low
2014-04-29,-0.00424542816520046,-0.003806734163487757,-0.010765937073476839,0.05707102558990251,development,downtrend,low,downtrend_low
2014-04-30,-0.002257899117579676,0.0007972651389778207,-0.0074665379321666725,0.06158014515814236,development,downtrend,low,downtrend_low
2014-05-02,0.0026490755384072084,-0.004355226341033247,0.02651289800167622,0.07802714977230019,development,downtrend,low,downtrend_low
2014-05-05,-0.0005878922963872268,-0.00884025781802289,0.04390370949138678,0.08100603559735098,development,downtrend,low,downtrend_low
2014-05-06,-0.008354990929975381,0.0223891281109041,0.05964730294231546,0.08450345736688125,development,downtrend,low,downtrend_low
2014-05-07,-0.0015067399563175599,0.05162747607880114,0.06579560474393942,0.08740760859021868,development,downtrend,low,downtrend_low
2014-05-08,0.03075522874404557,0.06831828322595035,0.07048233161005402,0.09351307216280613,development,downtrend,low,downtrend_low
2014-05-09,0.02197891712600586,0.03574760339587191,0.049479864569785814,0.07338931178124919,development,uptrend,medium,uptrend_medium
2014-05-12,0.004060734463276816,0.006094618975105881,0.02592511365642647,0.039413814221398225,development,uptrend,medium,uptrend_medium
2014-05-13,-0.00045697412823397787,0.012795275590551158,0.02298931383577063,0.02896512935883022,development,uptrend,medium,uptrend_medium
2014-05-14,0.001666375765572159,0.021409588145846703,0.019911985367697893,0.030704667733502333,development,uptrend,medium,uptrend_medium
2014-05-15,-0.009243238632662076,0.0007289764442686142,0.0008527560266149425,-0.004752316585590943,development,uptrend,medium,uptrend_medium
2014-05-16,-0.001827754150526495,-0.0032912860634869423,0.012402344254565323,-0.006445082929337209,development,uptrend,medium,uptrend_medium
2014-05-19,-0.004712781126004262,-0.004589674631472085,0.0067168185915253975,0.007188804750160704,development,uptrend,medium,uptrend_medium
2014-05-20,-0.0030172711489370174,0.012680673658103325,0.005931380271003928,0.019381842664418114,development,uptrend,medium,uptrend_medium
2014-05-21,-0.0018587634490923044,0.009478749171624168,0.005445813204152827,0.015404742375292102,development,uptrend,medium,uptrend_medium
2014-05-22,0.008293998173715122,0.0015739410114281593,-0.009696858640422912,0.02293849280178617,development,uptrend,medium,uptrend_medium
2014-05-23,-0.009382493059061026,-0.013340077086488322,-0.026760868879353916,0.02081775565791677,development,uptrend,medium,uptrend_medium
2014-05-26,-0.006125150691704717,-0.017309311787445214,-8.150067882972678e-05,0.03958930289332718,development,uptrend,medium,uptrend_medium
2014-05-27,0.0006416025919544488,-0.012969371458770307,0.012409627358547892,0.04524941442514607,development,uptrend,medium,uptrend_medium
2014-05-28,-0.0110639086778066,0.00627339224928436,0.011706243501156566,0.0424035748652416,development,uptrend,medium,uptrend_medium
2014-05-29,-0.0034321732370176106,0.022192050536235408,0.030221161988009948,0.054453200186055595,development,uptrend,medium,uptrend_medium
2014-05-30,0.01355307272934314,0.019025226840173826,0.043963093073807524,0.03827758625626765,development,uptrend,medium,uptrend_medium
2014-06-02,0.005491264748621161,0.013389194911761715,0.03786260940870334,0.02144978949291132,development,uptrend,medium,uptrend_medium
2014-06-03,-0.0020626494045016264,0.022359148509045523,0.032200673260772694,0.028870772190793925,development,uptrend,medium,uptrend_medium
2014-06-04,0.010047649941721026,0.034440365911855064,0.03069023921838565,0.021412911964931336,development,uptrend,medium,uptrend_medium
2014-06-05,0.008229728424350213,0.01793523929319285,0.017071049969254792,0.002552708277936633,development,uptrend,medium,uptrend_medium
2014-06-06,0.004323236534699237,0.0006822925979452776,-0.010437346992681618,-0.014458773158468219,development,uptrend,low,uptrend_low
2014-06-09,-0.0029495709651373714,-0.003796029858532224,-0.01894765676753174,-0.024182641310373287,development,uptrend,low,uptrend_low
2014-06-10,-0.005936839224658486,-0.0169829266391206,-0.00530469052047422,-0.012017062223657726,development,uptrend,low,uptrend_low
2014-06-11,0.0011254757536112159,-0.014101004116328641,-0.010875062031203586,-0.009428998538089206,development,uptrend,low,uptrend_low
2014-06-12,-0.016444549495895244,-0.004759917460463781,-0.016627108937236623,-0.02282152207071697,development,uptrend,low,uptrend_low
2014-06-13,-0.00016589690932766743,0.0031056419853972006,-0.003098902423455785,-0.0034506557140144833,development,uptrend,low,uptrend_low
2014-06-16,0.014172715582369433,0.002079772364463439,-0.004212557770913894,0.011468401566590458,development,uptrend,low,uptrend_low
2014-06-17,-0.01019501068827644,-0.01631728610498495,-0.007313939903943023,-0.00017674182457161347,development,uptrend,medium,uptrend_medium
2014-06-18,-0.005191207233317452,-0.011437880919678789,-0.0014247669825099285,0.019142367318816245,development,uptrend,medium,uptrend_medium
2014-06-19,-0.00422223830414481,0.00489181016006679,-0.006641603896462844,0.02273540816890618,development,uptrend,medium,uptrend_medium
2014-06-20,-0.002748190357166669,0.007352941176470562,-0.0006920675156374401,0.0316209871781008,development,uptrend,medium,uptrend_medium
2014-06-23,0.00864913752271601,-0.0029274003923038805,0.01279405735641248,0.03618662177500931,development,uptrend,medium,uptrend_medium
2014-06-24,-0.0025432797022137965,-0.010509254344056362,0.006081582359318771,0.004566141294031656,development,uptrend,medium,uptrend_medium
2014-06-25,-0.008061834176998128,0.00757866579207267,0.02264330661180547,0.004090480923510276,development,uptrend,medium,uptrend_medium
2014-06-26,-0.0007186913423425922,0.016036304179807503,0.02669606933019142,0.007126480968780324,development,downtrend,medium,downtrend_medium
2014-06-27,0.010260125028727085,0.025364857229554394,0.028875611206259366,-0.009881764649993352,development,downtrend,medium,downtrend_medium
2014-06-30,0.0007471746378948652,0.011246533580744567,0.020730095994724085,-0.022919137194422623,development,uptrend,low,uptrend_low
2014-07-01,0.0054796075421201795,0.008922276271972951,-0.007789824470288531,-0.020356486853479572,development,uptrend,low,uptrend_low
2014-07-02,-0.0025277227849660466,0.0068266633939289,-0.019309973788425694,-0.014215828598943103,development,uptrend,medium,uptrend_medium
2014-07-03,0.004340446428023448,-0.012295759467095824,-0.01948019535298673,-0.010060753470576222,development,uptrend,low,uptrend_low
2014-07-04,0.0008675646605216247,-0.02511437776930825,-0.04123178868876176,-0.014973523400115485,development,uptrend,low,uptrend_low
2014-07-07,-0.023173815378058293,-0.03027912565929125,-0.044835682895511875,-0.015357360905489448,development,uptrend,low,uptrend_low
2014-07-08,-0.006932513823538211,-0.023350518541703225,-0.014572010830478654,0.017007168025718666,development,uptrend,medium,uptrend_medium
2014-07-09,-0.002865801436194748,-0.01783386226447725,0.00459844552918498,0.027175703274260554,development,downtrend,medium,downtrend_medium
2014-07-10,-0.01641592257444946,-0.007575084001100407,0.007430030844880919,0.03250220814941218,development,downtrend,medium,downtrend_medium
2014-07-11,-0.0019882310424755856,0.02080598505070963,0.02609451095779214,0.04303791609485885,development,downtrend,medium,downtrend_medium
2014-07-14,0.004718820308610594,0.01990981465348285,0.025749922664194624,0.03435991047427289,development,downtrend,medium,downtrend_medium
2014-07-15,0.007965204388840963,0.013187205606421504,0.026929687796031665,0.030043032321396268,development,downtrend,medium,downtrend_medium
2014-07-16,0.003645224334078767,0.009392199635554599,0.024045319005234544,0.014265583378926472,development,uptrend,medium,uptrend_medium
2014-07-17,0.0044100655081746876,0.018033497939943022,0.026257343816552536,-0.0036237216793355564,development,uptrend,medium,uptrend_medium
2014-07-18,-0.0022657102377426908,0.01221817387825097,0.011530035004801542,-0.0023371615469721663,development,uptrend,medium,uptrend_medium
2014-07-21,0.00773849936850679,0.015879180514562163,0.005254144803430005,0.0049751703904008515,development,uptrend,medium,uptrend_medium
2014-07-22,0.00010905818764839204,-0.0005708485146694864,-0.00044901153880727573,-0.015760317540358892,development,uptrend,medium,uptrend_medium
2014-07-23,0.004405976932018607,-0.006099061046977661,-0.009613621332371314,-0.018855218855218903,development,uptrend,medium,uptrend_medium
2014-07-24,-0.004822308967341482,-0.004700990272423766,-0.02881889732346632,-0.03316859356515667,development,uptrend,medium,uptrend_medium
2014-07-25,-0.005671791962573058,-0.009187863125858398,-0.01401917147263021,-0.021423309566832693,development,uptrend,medium,uptrend_medium
2014-07-28,0.005835081187109292,-0.01853813405741145,4.5133015696086076e-05,-0.0024722302731845502,development,uptrend,low,uptrend_low
2014-07-30,-0.00813782231069593,-0.012974250771327744,-0.01446437528582356,-0.005793465116866958,development,uptrend,low,uptrend_low
2014-07-31,-0.00781727926182707,0.010968979404567758,-0.001729200652528573,0.016861363172919974,development,uptrend,low,uptrend_low
2014-08-01,0.005772604248118318,0.004254177383601565,-0.00929374136109895,0.030721731163856347,development,downtrend,medium,downtrend_medium
2014-08-04,0.005177334230742181,-0.007448100416017844,-0.010471438050755011,0.024764339897963783,development,uptrend,medium,uptrend_medium
2014-08-05,-0.007002206576374959,-0.020398270762057247,0.00011647487495380915,0.019304557150580992,development,uptrend,medium,uptrend_medium
2014-08-06,-0.0002483159221815523,-0.0032935842785579705,0.011553806090855767,0.03136132455580265,development,uptrend,low,uptrend_low
2014-08-07,-0.0026553151536341524,0.018231002123454187,0.02675029909936244,0.04276094609725689,development,downtrend,low,downtrend_low
2014-08-08,0.0008005534988315688,0.015708931999602882,0.03338647074198997,0.037592564599054024,development,downtrend,medium,downtrend_medium
2014-08-11,0.0049747686208034825,0.013383153839207296,0.027143403471796113,0.02808633347181777,development,downtrend,low,downtrend_low
2014-08-12,0.0028831327748191082,0.020337449533471386,0.020473482176243785,0.028345406494008518,development,uptrend,medium,uptrend_medium
2014-08-13,0.004583497407393722,0.018224260675201442,0.017399121601778367,0.02555394078350748,development,uptrend,low,uptrend_low
2014-08-14,0.011431874377829887,0.01156671971837775,0.016434950105969515,0.0311422491650879,development,uptrend,low,uptrend_low
2014-08-18,-0.00044298190102520785,-0.0012529935886280708,0.0006707764444373598,0.023041362446209357,development,uptrend,low,uptrend_low
2014-08-19,-0.005116349705561962,-0.00032840767062614074,-0.0013959176533187012,0.025114365935710703,development,uptrend,low,uptrend_low
2014-08-20,0.0019999110902622075,0.003929946814740459,0.007707556651902259,0.02801146551210487,development,uptrend,low,uptrend_low
2014-08-21,0.0010943558885376792,2.532659258869252e-05,0.006300206109046025,0.02306270407210831,development,uptrend,low,uptrend_low
2014-08-22,-0.0032086481939672673,0.0005421003798027346,0.012096976746934773,0.030529189944684232,development,uptrend,low,uptrend_low
2014-08-25,0.003841513746904557,0.010140338771509327,0.026484196417232875,0.03536100010318122,development,uptrend,low,uptrend_low
2014-08-26,0.0002709767416040343,0.01182272200598855,0.0227757089875964,0.020191859902993547,development,uptrend,low,uptrend_low
2014-08-27,0.001523510045169818,0.017727949219364714,0.019352223275834968,0.018061657000535192,development,uptrend,low,uptrend_low
2014-08-28,0.004674400645749532,0.015550007006131628,0.012077067815627451,0.014411121031796315,development,uptrend,low,uptrend_low
2014-09-01,0.0055295333131710755,0.007134338934582818,0.016831264529124645,0.0004229470682017844,development,uptrend,low,uptrend_low
2014-09-02,0.00046234364522201865,-0.002958999329421119,0.005190590030558662,-0.021939771191668456,development,uptrend,low,uptrend_low
2014-09-03,-0.002249143422729749,0.007357435803190704,-0.0024771508186182123,-0.0170935140832027,development,uptrend,low,uptrend_low
2014-09-04,-0.0016111069080895213,0.006549499822016358,-0.0017530719147703655,0.001833368045937478,development,uptrend,low,uptrend_low
2014-09-05,0.005035037230997963,-0.004776876376132444,-0.003375183009029281,-0.0014140010357653887,development,uptrend,low,uptrend_low
2014-09-08,-0.0010965225178367621,-0.009336025673307824,-0.014690195147985086,-0.0019113316559751237,development,uptrend,low,uptrend_low
2014-09-09,-0.0050948870114921885,-0.003693641537316439,-0.024909183424455028,-0.014504244068669014,development,uptrend,low,uptrend_low
2014-09-10,-0.0036289788094665543,-0.009013992744930532,-0.017208542543794225,-0.013893766764238924,development,uptrend,low,uptrend_low
2014-09-11,0.002281449447956385,-0.01906132719182707,0.0034252534584915395,-0.021664230005075336,development,uptrend,low,uptrend_low
2014-09-12,-0.0035128708560590027,-0.011752909912024267,0.006331831585731251,-0.012576901716999545,development,uptrend,low,uptrend_low
2014-09-15,-0.012903490786202343,0.009724249234018822,0.013650014396416443,-0.009668291860778333,development,uptrend,low,uptrend_low
2014-09-16,0.0005017876183905923,0.018810787845763066,0.00577680545537218,-0.0008405187621526311,development,downtrend,low,downtrend_low
2014-09-17,0.020639834437669702,0.02460803893353103,0.006508901867851691,-0.0006414692784733056,development,downtrend,low,downtrend_low
2014-09-18,-0.000977895924268446,-0.01375871515731475,-0.0267608688588169,-0.0340738557984015,development,uptrend,low,uptrend_low
2014-09-19,0.007650441017109877,-0.010149149414801828,-0.01429906732844699,-0.029903084830700144,development,uptrend,low,uptrend_low
2014-09-22,-0.015575131277596688,-0.02855333818033401,-0.022776386501676793,-0.022573805296979943,development,uptrend,low,uptrend_low
2014-09-23,-0.0016405490158716285,-0.005826138963535565,-0.006331443411445203,-0.019412219144843368,development,downtrend,low,downtrend_low
2014-09-24,-0.011426500226530134,-0.005547699502365888,-0.0072157736695276364,-0.01487508997448439,development,downtrend,low,downtrend_low
2014-09-25,0.010525181048606003,0.010011565786003818,-0.004241799539461355,-0.002770797997129537,development,downtrend,medium,downtrend_medium
2014-09-26,-0.0024503872920377257,-0.0041236568280302865,-0.017014582616528218,-0.02885898819488486,development,downtrend,medium,downtrend_medium
2014-09-29,0.0020128824971241688,-0.012127604759513688,0.0014782105838255788,-0.021273602748842713,development,downtrend,medium,downtrend_medium
2014-09-30,-0.0018780472724703179,-0.01479804091294512,-0.012631091600716071,-0.01018781454132911,development,downtrend,medium,downtrend_medium
2014-10-01,-0.005698077918866118,0.007996290313854848,-0.0016650926262259391,0.003843049362011186,development,downtrend,low,downtrend_low
2014-10-07,0.0017819186092926653,0.003985335502155518,0.004502634520197946,0.021350777882005456,development,downtrend,medium,downtrend_medium
2014-10-08,0.009389438240981374,-0.0002852976605591806,-0.017536271436949247,0.013339275383566829,development,downtrend,medium,downtrend_medium
2014-10-09,-0.006453015382062999,-0.005941094678296066,-0.016597118529579014,0.0147389833973266,development,downtrend,medium,downtrend_medium
2014-10-10,0.006799897841910374,-0.010573337337185573,0.006180551952975399,0.03313117038851998,development,downtrend,medium,downtrend_medium
2014-10-13,-0.0074779919856119426,-0.018117540742435212,0.000567948758400938,0.03104157956804343,development,downtrend,medium,downtrend_medium
2014-10-14,-0.011368661604818198,0.005371760517706603,0.020236574025328302,0.06187084872457982,development,downtrend,medium,downtrend_medium
2014-10-16,0.005941515475998083,0.025084855341845902,0.03335383162275729,0.07634076491029584,development,downtrend,high,downtrend_high
2014-10-17,-0.0022224140376582158,0.012530116637937683,0.016544349288324156,0.05588861502975884,development,downtrend,high,downtrend_high
2014-10-20,0.00273206275153548,0.010820727411630315,0.0233110041227671,0.054495563956930004,development,downtrend,high,downtrend_high
2014-10-21,-0.00023755312587803168,0.003726061378941159,0.021430942860628077,0.043318187973328204,development,downtrend,high,downtrend_high
2014-10-22,-0.009008773362265687,0.0032364787416452323,0.0319740703880389,0.03698999787415547,development,uptrend,medium,uptrend_medium
2014-10-27,0.0031490797285849137,0.02084378374041229,0.04020674950111092,0.047598208911328266,development,uptrend,medium,uptrend_medium
2014-10-28,0.0016590699511624951,0.030351476907165775,0.03234473060304577,0.034765144635426015,development,uptrend,medium,uptrend_medium
2014-10-29,0.010389353135461077,0.02955402334391599,0.031143298694506605,0.03768616582792261,development,uptrend,medium,uptrend_medium
2014-10-30,0.014803481796447304,0.01676665731084004,0.017492220116201995,0.02803997180629425,development,uptrend,medium,uptrend_medium
2014-10-31,-0.0028748883138176584,-0.0013356719875964318,0.0017369116895982195,0.009313440266638384,development,uptrend,medium,uptrend_medium
2014-11-03,-0.001550689455171339,-0.0008381978745696239,0.003837725452776608,0.003717982899266614,development,uptrend,medium,uptrend_medium
2014-11-05,0.0006181569359107186,0.0036967519451314157,0.0031205556051736583,0.008407590695249656,development,uptrend,medium,uptrend_medium
2014-11-07,0.0007736088013139408,0.005457075135627543,0.006248721144421099,0.01673700591960059,development,uptrend,medium,uptrend_medium
2014-11-10,0.001023543128502391,0.0004488814085712445,0.009175182749674438,0.02107357937801413,development,uptrend,medium,uptrend_medium
2014-11-11,0.000525058642232068,0.00131282143087752,0.005609327931930919,0.010048958076194436,development,uptrend,medium,uptrend_medium
2014-11-12,-0.005639379033937075,0.0030338181493709815,-0.0027304595713988355,0.008387614883554884,development,uptrend,medium,uptrend_medium
2014-11-13,0.003492553808934762,0.007798413265560633,0.004927840294476571,0.01596756215165418,development,uptrend,low,uptrend_low
2014-11-14,0.00624816276786877,0.0004654127137280195,0.011810037016220853,0.025046500476369138,development,uptrend,low,uptrend_low
2014-11-17,-0.0018184047830593908,-0.004661585591588913,0.010531661853990792,0.013582157929808991,development,uptrend,low,uptrend_low
2014-11-18,-0.006913043810262476,0.0043479136146620245,0.0026596550871167413,0.00995774031594232,development,uptrend,low,uptrend_low
2014-11-19,-0.0005471491554154273,0.0147089027092131,0.008237673229049003,0.015601069484922458,development,uptrend,low,uptrend_low
2014-11-20,0.008224044677367592,0.0065292705676900376,0.010228110416298675,0.01857712610120532,development,uptrend,low,uptrend_low
2014-11-21,0.004616703008591516,-0.0017901642293098874,0.011459236298573039,0.00557647946176143,development,uptrend,low,uptrend_low
2014-11-24,-0.007935972811752068,-0.004290290501822502,0.002942348491604241,-0.010848901252687448,development,uptrend,low,uptrend_low
2014-11-25,0.003011750576989325,0.01632488769640772,0.008804467574479391,-0.012969907803058511,development,uptrend,low,uptrend_low
2014-11-26,0.0019345102506351797,0.009212364969306996,0.007059683799611305,-0.014408150331051917,development,uptrend,low,uptrend_low
2014-11-27,0.00838932427097494,0.0009276243197182676,0.005589022523612819,-0.02628914841220875,development,uptrend,low,uptrend_low
2014-11-28,-0.005717449068968206,-0.007838284483832836,-0.007762815971906201,-0.04427607085278962,development,uptrend,low,uptrend_low
2014-12-01,-0.001259453192744786,0.003391759620177792,-0.011387822913650258,-0.03700456082690973,development,uptrend,low,uptrend_low
2014-12-02,0.0010494207918598786,0.0011255653446788916,-0.022043218274143017,-0.05406452180247556,development,uptrend,low,uptrend_low
2014-12-03,-0.002097315340783057,-0.016796045868759824,-0.026420347417919432,-0.06438764923402251,development,uptrend,low,uptrend_low
2014-12-04,-0.005352849149605432,-0.02837170453883564,-0.03394001914844047,-0.049503473840172396,development,uptrend,low,uptrend_low
2014-12-05,-0.01175834423847999,-0.02143195840421397,-0.03683846590034423,-0.03670957129907226,development,uptrend,low,uptrend_low
2014-12-08,-0.011683387444090365,-0.017347341302081043,-0.026032988565054982,-0.013662247740441447,development,downtrend,low,downtrend_low
2014-12-09,0.004520360760079889,-0.011294738252174863,-0.030109185796184268,-0.006137232390545644,development,downtrend,low,downtrend_low
2014-12-10,-0.005510258717022709,-0.014300533717016894,-0.03706144362407604,-0.01975686328885573,development,downtrend,low,downtrend_low
2014-12-11,-0.00938332818899057,-0.02823414868028784,-0.017188652771922386,-0.012201855539327844,development,downtrend,low,downtrend_low
2014-12-12,0.007211299129981974,-0.01604634320528142,0.007897582368348477,0.010483081173605413,development,downtrend,low,downtrend_low
2014-12-15,-0.012847808377423497,-0.0016274249088199522,0.018525304130220244,0.009256528086507565,development,downtrend,low,downtrend_low
2014-12-16,-0.0014177473944306795,0.022882156336222037,0.02808036104102052,0.03003283019129155,development,downtrend,low,downtrend_low
2014-12-17,0.0025064692511915787,0.02274264333966647,0.004324932820756633,0.031521495048104864,development,downtrend,low,downtrend_low
2014-12-18,-0.0006378751921723991,0.004440802607409866,-0.003614626088976669,0.017975954146076,development,downtrend,medium,downtrend_medium
2014-12-19,0.00835857056329492,-0.009800109308752303,-0.0010539303831011981,-0.015463343712144195,development,downtrend,medium,downtrend_medium
2014-12-22,-0.006919204775942878,-0.014883528322847783,-0.009171565355409639,-0.026727953554447903,development,downtrend,medium,downtrend_medium
2014-12-23,-0.011841044160027292,-0.003112892282806201,0.0012875152926381528,-0.004527317436033629,development,downtrend,medium,downtrend_medium
2014-12-24,-0.000499659890867532,0.005295704507948695,0.023236446368390284,0.009713850088940212,development,downtrend,high,downtrend_high
2014-12-26,0.0038467148676992746,0.00827784318152025,0.01992771390560444,0.01318365882047634,development,downtrend,high,downtrend_high
2014-12-29,-0.0014587611796683664,0.01636143890907027,-0.01609502199373014,0.004733555302110393,development,downtrend,medium,downtrend_medium
2014-12-30,0.004706486353428518,0.01631509281128074,-0.017200631527523824,0.0040817346726758075,development,downtrend,medium,downtrend_medium
2014-12-31,0.012878979512417343,-0.019466272618654745,-0.006527028926452849,0.024786780854818335,development,downtrend,high,downtrend_high
2015-01-02,-0.00351450757926397,-0.036376297498380006,-0.014682555491506655,0.012589228874596792,development,uptrend,high,uptrend_high
2015-01-05,-0.023776886319432755,-0.010894526015919781,-0.0002762428670983752,0.027074146987245973,development,uptrend,high,uptrend_high
2015-01-06,-0.002038492223038535,0.02042828544785147,0.022263614080596072,0.07106473538964808,development,downtrend,high,downtrend_high
2015-01-07,0.005273788063855811,0.0160656419202041,0.01051711592289628,0.06569085920250184,development,downtrend,high,downtrend_high
2015-01-08,-0.00011468239988188245,0.0016836979263230578,0.02518875744743143,0.05744409586600008,development,uptrend,high,uptrend_high
2015-01-09,0.003817278503033261,-0.0016643616947350504,0.026829190155119864,0.06564070092818408,development,uptrend,high,uptrend_high
2015-01-12,-0.005601384807600973,0.017732726235827778,0.024508281676455912,0.0676179535428596,development,uptrend,high,uptrend_high
2015-01-13,-0.003575213856871984,0.02486380025730539,0.046748275226458746,0.07307470037467279,development,uptrend,high,uptrend_high
2015-01-14,0.008267599338239728,0.014980140698261035,0.03620392901655878,0.06265649111223226,development,uptrend,high,uptrend_high
2015-01-15,0.0011465125703551404,0.02252453937674681,0.030262121206727555,0.03584769526743181,development,uptrend,high,uptrend_high
2015-01-16,7.606863583919932e-05,0.02098820467854101,0.033397443431376184,0.028929724573287574,development,uptrend,high,uptrend_high
2015-01-19,0.014052314898856721,0.021725786257493773,0.03911329382790063,0.021160126829794956,development,uptrend,high,uptrend_high
2015-01-20,0.0011295876478705225,0.013297461888456485,0.02232307550676338,0.0004644457640015087,development,uptrend,high,uptrend_high
2015-01-21,0.001778075538062085,0.018826117298942124,0.023611199508695613,-0.0039046422689333893,development,uptrend,high,uptrend_high
2015-01-22,0.0008664994583409413,0.009781388370411426,-0.0021578967105654323,-0.018905905327107675,development,uptrend,high,uptrend_high
2015-01-23,0.00441312679004624,0.009130516050726012,-0.00833573492266071,-0.03888923503086983,development,uptrend,high,uptrend_high
2015-01-27,0.0012973300033698454,-0.010541642680632402,-0.016421914050433806,-0.03787595914885855,development,uptrend,high,uptrend_high
2015-01-28,0.005712476478683337,-0.011694614320620134,-0.019974139716620765,-0.03079251916811776,development,uptrend,high,uptrend_high
2015-01-29,-0.020863351366043448,-0.02668228165198705,-0.031667455086654916,-0.03168417147190372,development,uptrend,high,uptrend_high
2015-01-30,-0.0005793364811133017,-0.008951980083783062,-0.016069320683044563,0.00034081226924165264,development,uptrend,high,uptrend_high
2015-02-02,-0.007548390652874493,-0.012631564733490364,-0.033638866857054195,-0.0015641557311166787,development,uptrend,high,uptrend_high
2015-02-03,-0.007446703310744707,-0.014574854251457436,-0.0254405233725441,0.009096353480909647,development,uptrend,high,uptrend_high
2015-02-04,-0.0024503801650822554,-0.023674297700446822,-0.012103287890651293,0.018573038504951622,development,uptrend,high,uptrend_high
2015-02-05,-0.004116410688407068,-0.015097398550615648,0.0016902896994623884,0.015724084713686137,development,uptrend,high,uptrend_high
2015-02-06,-0.006762357137185426,0.005009086021542153,0.02575597587648204,0.01986741029388117,development,uptrend,medium,uptrend_medium
2015-02-09,0.010314834614091772,0.027535674982439806,0.03907125597270733,0.03349807304527963,development,downtrend,high,downtrend_high
2015-02-10,0.0028013188526068156,0.023502632699412773,0.03089509963870829,0.0190566641910086,development,downtrend,high,downtrend_high
2015-02-11,0.003987531171227854,0.015258750031091006,0.025164326688535965,0.0007951427526029509,development,downtrend,high,downtrend_high
2015-02-12,0.007321397929417106,0.014596992435508716,0.010535904521535189,0.011794269790653678,development,downtrend,high,downtrend_high
2015-02-13,-0.00249686123091053,0.0072354792259596845,-0.008656633368548827,0.014193627718211532,development,uptrend,medium,uptrend_medium
2015-02-16,0.0065311785058383975,0.002502375311522309,-0.005611974784071938,0.020961147517346346,development,uptrend,medium,uptrend_medium
2015-02-18,0.001379030881211163,-0.014420678955036736,-0.013036041363450823,0.004457994360968609,development,uptrend,medium,uptrend_medium
2015-02-19,-0.006958618472823308,-0.014996390379967361,-0.023792972921702016,0.004749592490585153,development,uptrend,low,uptrend_low
2015-02-20,-0.011505153475185992,-0.010116419870126125,-0.0013831103090011787,-0.011301942992127167,development,uptrend,medium,uptrend_medium
2015-02-23,-0.0012311528421709017,-0.010150665946824455,0.02095653674256548,-0.006936199344349858,development,downtrend,medium,downtrend_medium
2015-02-24,-0.003936694246381878,0.004851136329090844,0.022080414541160165,-0.011582748132560994,development,downtrend,medium,downtrend_medium
2015-02-25,-0.010838408773778285,0.02024718077229748,0.01636295598872306,-0.0003417245699965932,development,uptrend,low,uptrend_low
2015-02-26,0.013185131952001772,0.030557305687610947,0.02385589094449858,-0.009364797525631463,development,downtrend,medium,downtrend_medium
2015-02-27,0.00032392666300351536,-0.003484447484725872,-0.022012834476092813,-0.03581690923356773,development,uptrend,medium,uptrend_medium
2015-03-02,0.003726536992215479,-0.0028004050574212958,-0.02798215027787232,-0.02672696911448058,development,uptrend,medium,uptrend_medium
2015-03-03,-0.020473918203386288,-0.03868641701071107,-0.04492188379430451,-0.04646426745084842,development,uptrend,medium,uptrend_medium
2015-03-04,0.0009350694346472732,-0.02434100571475062,-0.01717924876412258,-0.033008935326660716,development,uptrend,medium,uptrend_medium
2015-03-05,-0.015116198098135247,-0.02150455080752034,-0.02737557907935584,-0.03601896109390723,development,uptrend,medium,uptrend_medium
2015-03-09,-0.006579457260754262,0.0007126771002594623,-0.015576226160951001,-0.024955056800364916,development,downtrend,high,downtrend_high
2015-03-10,-0.003299419125017855,-0.009279679220965176,-0.0006243958542173633,-0.021285957861950422,development,downtrend,high,downtrend_high
2015-03-11,0.004044276775206024,-0.01229885594272273,-0.006263835933619233,-0.024008577915732743,development,downtrend,high,downtrend_high
2015-03-12,-0.02219569190841253,-0.013653247399850743,-0.023676869611421125,-0.056749953375034634,development,downtrend,high,downtrend_high
2015-03-13,-0.002726151197042781,0.003367359647096224,-0.009917071577092984,-0.036428175628844595,development,downtrend,high,downtrend_high
2015-03-16,0.003935988405012747,-0.006266382156702721,-0.015904895209267855,-0.022649044611614877,development,downtrend,high,downtrend_high
2015-03-17,-0.00651957559314309,-0.01967310529860722,-0.02287000724918542,-0.028811993660034396,development,downtrend,high,downtrend_high
2015-03-18,-0.013120802121829755,-0.022692832150055908,-0.024990186325323793,-0.018652622927087914,development,downtrend,high,downtrend_high
2015-03-19,-0.00660647404575232,-0.009845987026554703,-0.03311929751883702,0.0037088977098960196,development,downtrend,high,downtrend_high
2015-03-20,-0.00473132496308426,-0.007070901220505688,-0.029115749748202635,0.008002048706333476,development,downtrend,high,downtrend_high
2015-03-23,0.0006911510135223509,-0.022829832145934703,-0.005241857670249095,0.020774224116640427,development,downtrend,high,downtrend_high
2015-03-24,-0.004446379838792924,-0.02654949755850844,-0.009091060354748493,0.02443713948310089,development,downtrend,high,downtrend_high
2015-03-25,-0.015669685558854618,0.0020471635791554643,0.01313279749408558,0.0360355408615165,development,downtrend,high,downtrend_high
2015-03-26,-0.006503050187589343,0.011314911862791766,0.03143168063661261,0.05216769890424011,development,downtrend,high,downtrend_high
2015-03-27,0.012078442490532026,0.023275052305351762,0.03210001288357889,0.037629826497646235,development,downtrend,high,downtrend_high
2015-03-30,-0.004291900540776217,0.015514422265387795,0.021905435269807594,0.009193723230017659,development,downtrend,high,downtrend_high
2015-03-31,0.012087862881359435,0.020816342552106848,0.03472536777499213,-0.004196351252154118,development,downtrend,high,downtrend_high
2015-04-01,0.005118571338380784,0.01144415935521792,0.01909861050833328,-0.02762944939342571,development,downtrend,high,downtrend_high
2015-04-06,-0.0027808773246272844,0.010806626471950631,0.017220411347193876,-0.02933403891676456,development,uptrend,high,uptrend_high
2015-04-07,0.0017760988355612906,0.009357383619274184,0.0008909121015747701,-0.034561686625934285,development,uptrend,high,uptrend_high
2015-04-08,0.0025238812363872487,0.008885110316361855,-0.017153581686369823,-0.05150067212418341,development,uptrend,high,uptrend_high
2015-04-09,0.000683811366894771,-0.007709906383285614,-0.03718224307490736,-0.06388505469266659,development,uptrend,high,uptrend_high
2015-04-10,0.0036640440821427145,-0.02223989547533156,-0.048172238475303164,-0.05864179176016138,development,uptrend,high,uptrend_high
2015-04-13,-0.005749608657935057,-0.03528016880149798,-0.03738126614282533,-0.05907238353384703,development,uptrend,high,uptrend_high
2015-04-16,-0.010582809567024176,-0.036824324058812086,-0.03446174794704682,-0.059386852948246416,development,uptrend,high,uptrend_high
2015-04-17,-0.01980556448470483,-0.021940364512487487,-0.03637975260975079,-0.03328185082324242,development,downtrend,high,downtrend_high
2015-04-20,-0.004556696231622692,-0.002114970771932456,-0.0240372398233204,-0.01084823242655042,development,downtrend,high,downtrend_high
2015-04-21,0.0034879057336598684,-0.011326887553025355,-0.013666108270043886,-0.0361173725675743,development,downtrend,high,downtrend_high
2015-04-22,-0.0094242160817547,-0.031185910279776574,-0.028125096107583847,-0.049645016740429315,development,downtrend,high,downtrend_high
2015-04-23,-0.011950247210638865,-0.01428799304601358,-0.02667239969342794,-0.025482730805929776,development,downtrend,high,downtrend_high
2015-04-24,-0.014014681232000559,-0.010899617290134667,0.000168103025350419,-0.0006361890645582013,development,downtrend,high,downtrend_high
2015-04-27,0.008526490174465495,-0.004144555811477435,0.013297953587678935,-0.01078437980187863,development,downtrend,high,downtrend_high
2015-04-28,-0.004235728418184204,0.006906558705217947,-0.02148690105913864,-0.00475535484891243,development,downtrend,high,downtrend_high
2015-04-29,-0.005228281354489606,0.012195246481549127,-0.02032952706091551,-3.6452633898731435e-05,development,downtrend,high,downtrend_high
2015-04-30,0.01238150351981604,-0.016166342591477423,-0.004684030546880047,0.003924618374618216,development,downtrend,high,downtrend_high
2015-05-04,-0.0016310785402906536,-0.03371157209643538,-0.0015770879316115982,0.004227429524688242,development,downtrend,high,downtrend_high
2015-05-05,-0.02640497555364496,-0.015042158484337764,-0.02280372062744429,0.005897937084130778,development,downtrend,high,downtrend_high
2015-05-06,-0.0024390485715611865,0.0307354215674136,0.019617456396248567,0.04286863934629204,development,downtrend,high,downtrend_high
2015-05-07,0.007378712414683575,-0.0005595283388674099,0.011400134699932396,0.03560228740084859,development,downtrend,high,downtrend_high
2015-05-08,0.009953634843680836,-0.0009401688441834644,0.0023230558046363203,0.02617308750097891,development,downtrend,high,downtrend_high
2015-05-11,-0.023924645360332897,-0.012244577689503822,0.005704917371356144,0.0052965184756517125,development,downtrend,high,downtrend_high
2015-05-12,0.006588041619464136,0.00987585562838067,0.02250192082581015,0.019287275449584307,development,downtrend,high,downtrend_high
2015-05-13,-0.0010021317838883048,0.017151661044107813,0.02317655134994201,0.012408142368193431,development,downtrend,high,downtrend_high
2015-05-14,0.002675849812522335,0.015211896279088588,0.0219288374932316,0.009550647085404762,development,downtrend,high,downtrend_high
2015-05-15,0.01070618328673656,0.0166928951203289,0.021001936752552464,0.017948230442789148,development,downtrend,high,downtrend_high
2015-05-18,0.0011309201660583135,0.007754697490834461,0.0016813628633958189,0.009238672304165974,development,uptrend,high,uptrend_high
2015-05-19,0.003646000720961995,0.007899745801583702,-0.006350887832708874,-0.01861154558361955,development,uptrend,high,uptrend_high
2015-05-20,-0.0016005690912324066,-0.007617523267532178,-0.0118442575878831,-0.03549705404514203,development,uptrend,high,uptrend_high
2015-05-21,0.00313669674622008,-0.011046592425140833,-0.013459828046249678,-0.03579603885635929,development,uptrend,high,uptrend_high
2015-05-22,-0.008046833426960331,-0.012271739238618906,-0.0005332922253910022,-0.0383318832136319,development,uptrend,high,uptrend_high
2015-05-25,-0.004506332950577896,-0.0069355280567487965,0.0067207964421232,-0.039745224786230104,development,uptrend,high,uptrend_high
2015-05-26,0.003836031360091585,0.015765907756466246,-0.007985282549456518,-0.03376593269172867,development,uptrend,high,uptrend_high
2015-05-27,-0.003199275637471022,0.010508428683043025,-0.025234563035769875,-0.026510657562833218,development,uptrend,high,uptrend_high
2015-05-28,0.012795665507596476,-0.010886072980374029,-0.02359161247573871,-0.04344243838652739,development,uptrend,high,uptrend_high
2015-05-29,0.001918725311117031,-0.03352043747586797,-0.03594402027829757,-0.051602375794499444,development,uptrend,high,uptrend_high
2015-06-01,-0.024440898060905547,-0.03697232074251511,-0.04721773719215949,-0.05080067184651493,development,uptrend,high,uptrend_high
2015-06-02,-0.011825166912237228,-0.01430315364276924,-0.02551491815745832,-0.022490314090259922,development,downtrend,high,downtrend_high
2015-06-03,-0.0030042366226719075,-0.013611031229248005,-0.0037644564966766714,-0.007798765003445451,development,downtrend,high,downtrend_high
2015-06-04,-0.0005480508532014206,-0.011916272166876851,-0.018942845807429,0.006829556786048796,development,downtrend,high,downtrend_high
2015-06-05,-0.009871582877212126,1.2320697046153128e-05,-0.01741064745022569,0.012382540935215403,development,downtrend,high,downtrend_high
2015-06-08,-0.0005108201153989356,-0.007618501506727715,-0.0015698122041051255,0.04069016500031153,development,downtrend,high,downtrend_high
2015-06-09,0.012499802993392928,-0.005140731479599037,0.0028850286479553677,0.04454053160688809,development,downtrend,medium,downtrend_medium
2015-06-10,-0.0235310349781368,-0.01757933455643579,-0.008060265231666142,0.024953086138936875,development,downtrend,medium,downtrend_medium
2015-06-11,0.0028957586392597268,0.010986350993845928,0.026979151286182113,0.055044994185601714,development,downtrend,high,downtrend_high
2015-06-12,0.0034182010309382616,0.013140723931081677,0.02984375012418572,0.049395175280469994,development,downtrend,high,downtrend_high
2015-06-15,0.00538462411275531,0.021288810647632328,0.043589541184492875,0.03925441488788661,development,downtrend,medium,downtrend_medium
2015-06-16,0.0009091325298031805,0.017410504020127116,0.036781574205375867,0.035167338489755284,development,downtrend,medium,downtrend_medium
2015-06-17,0.007505811267087825,0.029505578009994426,0.030460752568265415,0.04182427267537592,development,downtrend,medium,downtrend_medium
2015-06-18,0.0029020080786112956,0.021996842573295705,0.024002682550490206,0.029721440089507167,development,downtrend,high,downtrend_high
2015-06-19,0.011356871273066504,0.012295207473866698,0.014746989159828416,0.027314735058952877,development,uptrend,high,uptrend_high
2015-06-22,0.0004893624288322407,0.002452990373968289,-0.007048660787090211,0.017272581983652335,development,uptrend,high,uptrend_high
2015-06-23,-0.004589706342970401,-0.002178819963199574,-0.0036788805376499756,0.013262781732233941,development,uptrend,high,uptrend_high
2015-06-24,0.007407407407407307,-0.0021412037037037424,0.014011072687059478,0.0032148513645224863,development,uptrend,high,uptrend_high
2015-06-25,-0.0015309342608056387,-0.0030319688252037347,0.006069871053196341,-0.0077913722506385286,development,uptrend,high,uptrend_high
2015-06-26,0.008651649696227892,0.024978629313346934,0.028840687466481496,0.013762497218761549,development,uptrend,high,uptrend_high
2015-06-29,0.006270827114604582,0.015457597057377814,0.02474652833473967,0.017231211767294807,development,uptrend,high,uptrend_high
2015-06-30,0.009168757461572863,0.012971244963438266,0.01606325082077298,0.009294088568870373,development,uptrend,medium,uptrend_medium
2015-07-01,-0.0031928663488208775,0.005925459210120998,-0.012854229323167488,0.0061201503998085105,development,uptrend,low,uptrend_low
2015-07-02,0.005308086790852151,0.008376701530153463,-0.013216645519632753,0.01989907739073904,development,uptrend,low,uptrend_low
2015-07-03,0.016217214534100854,-0.002754611455969669,-0.003052722017258258,0.026674839864555322,development,uptrend,low,uptrend_low
2015-07-06,-0.0017242619567767736,-0.023101307291361173,-0.007723841343616256,0.009143181668230582,development,uptrend,low,uptrend_low
2015-07-07,-0.009023413221942223,-0.009319649825191512,0.0017655007249117727,0.01069414137729896,development,uptrend,low,uptrend_low
2015-07-08,-0.004339564532853779,0.01133323199782943,0.019002158166042227,0.03211658346181223,development,uptrend,medium,uptrend_medium
2015-07-09,-0.0006156556540104496,0.010566887648213008,0.02896943515986794,0.026787908261470816,development,uptrend,low,uptrend_low
2015-07-10,0.007431050716008247,0.015070386696537597,0.02531776586084722,0.014802441833636104,development,uptrend,low,uptrend_low
2015-07-13,-0.0019479140510594295,0.016226737380004908,0.015683728669038333,-0.012938825399526399,development,uptrend,low,uptrend_low
2015-07-14,0.007136542202281326,0.01730382730234803,0.007804168731124106,-0.014934941606333019,development,uptrend,low,uptrend_low
2015-07-15,0.0072429586694851,0.006704750334180609,0.010220930522217397,-0.020020778726898447,development,uptrend,low,uptrend_low
2015-07-16,-0.001600340995386751,-0.010923471041324628,-0.003925319836052266,-0.02340662907171387,development,uptrend,low,uptrend_low
2015-07-17,-0.0023713394619830908,0.0011131401036861277,-0.011868247695528189,-0.01055795836289819,development,uptrend,low,uptrend_low
2015-07-20,-0.00837642326193111,-0.001360250574027777,-0.02796023949311166,-0.006795349103354109,development,uptrend,low,uptrend_low
2015-07-21,0.014244177508884182,0.0010925201547768992,-0.02058797615201624,0.0005463174395723414,development,uptrend,low,uptrend_low
2015-07-22,-0.006264542182851218,-0.03273389930751103,-0.031108507632404137,-0.008792276480400596,development,uptrend,low,uptrend_low
2015-07-23,-0.007754939411657502,-0.0292438277395749,-0.019369780263640002,5.821975364406207e-05,development,uptrend,low,uptrend_low
2015-07-24,-0.015437832268273222,-0.01378337632289206,0.004798577722170627,0.008537346867665274,development,uptrend,low,uptrend_low
2015-07-27,-0.004073492249072164,0.006056575322042512,0.020540932892487485,0.018456356656773254,development,downtrend,medium,downtrend_medium
2015-07-28,0.001129649487636275,0.019992589630104973,0.0180860653527386,0.011565220010240074,development,downtrend,medium,downtrend_medium
2015-07-29,0.000570251240049835,0.014975621324402999,0.017933966414696467,-0.008025401531127518,development,downtrend,medium,downtrend_medium
2015-07-30,0.009076288542640754,0.007190168524338514,0.015675167911107124,-0.011855347575240982,development,downtrend,medium,downtrend_medium
2015-07-31,0.0038069257430888293,0.006732717484273509,0.006339024196015508,0.0009281798334945801,development,uptrend,medium,uptrend_medium
2015-08-03,-0.005511287923173125,0.0028667089793215084,-0.004495510533045977,-0.010135310032181488,development,uptrend,medium,uptrend_medium
2015-08-04,0.002398376069069341,0.0020063777700518592,-0.009956254086647909,-0.009464856626993479,development,uptrend,medium,uptrend_medium
2015-08-05,0.00033201169399998953,-0.00701160016328739,-0.027527966497187917,-0.010558062862473072,development,uptrend,low,uptrend_low
2015-08-06,-0.0018879586613418375,-0.01380409728796994,-0.026215527740154787,-0.02424596884008956,development,uptrend,low,uptrend_low
2015-08-07,-0.0059928169085927685,-0.026530232562376077,-0.006814759859216535,-0.032301481250728736,development,uptrend,low,uptrend_low
2015-08-10,-0.010072069669975092,-0.022530468276356297,-0.008323191806628882,-0.08650108246731947,development,uptrend,low,uptrend_low
2015-08-11,-0.011396331597635978,0.008625644729306492,0.002468665580453777,-0.06689794652118763,development,downtrend,low,downtrend_low
2015-08-12,-0.003411146261383946,0.011074024797345539,0.013203035707026967,-0.07067846833744151,development,downtrend,medium,downtrend_medium
2015-08-13,0.013829488263955136,0.007640743160802099,-0.003522777645668773,-0.0539610269913805,development,downtrend,low,downtrend_low
2015-08-14,-0.0062364685906453055,-0.004143908255670792,-0.0270265288889866,-0.061960002894027366,development,uptrend,medium,uptrend_medium
2015-08-17,-0.0046203267741983245,-0.015648008780721923,-0.08192592643619567,-0.06284496308262122,development,downtrend,medium,downtrend_medium
2015-08-18,0.0032003337914354724,-0.01985104165092988,-0.06936067015688452,-0.08056160778053256,development,downtrend,medium,downtrend_medium
2015-08-19,-0.011604205730570194,-0.07815439879968022,-0.080178929730222,-0.08901491811206708,development,uptrend,medium,uptrend_medium
2015-08-20,-0.0006562230664582946,-0.0511354269918034,-0.04291788216674719,-0.058082737488432956,development,downtrend,medium,downtrend_medium
2015-08-21,-0.030654384563622572,-0.03278323366620628,-0.006703119891607656,-0.04976450709169866,development,downtrend,medium,downtrend_medium
2015-08-24,-0.001861806521907372,0.006782467466005526,0.00961318024198099,-0.04263243177287701,development,downtrend,high,downtrend_high
2015-08-25,-0.009332176643304435,0.017380273394043355,-0.01009502588522293,-0.022504052636597716,development,downtrend,high,downtrend_high
2015-08-26,0.0034525976215766807,0.00627394799264791,-0.025828127541654755,-0.01300242359248538,development,downtrend,high,downtrend_high
2015-08-27,-0.006425617883084378,-0.03325801695624908,-0.028645242524271586,-0.03297864226568026,development,downtrend,high,downtrend_high
2015-08-28,-0.004738295759590505,-0.03648905952492432,-0.04422389054062492,-0.02746202145175891,development,downtrend,high,downtrend_high
2015-08-31,-0.015440170289467203,-0.010742378646094064,-0.044151819624757116,-0.004514468911761882,development,downtrend,high,downtrend_high
2015-09-01,-0.01777473911648919,-0.025659804135616304,-0.02143405961025624,-0.0035065587788608577,development,downtrend,high,downtrend_high
2015-09-02,0.006244789466497869,-0.02773834614761872,0.005678845607676397,0.01603968176507653,development,downtrend,high,downtrend_high
2015-09-03,-0.01901095670000108,-0.014756375911116004,-0.0019606587998782787,0.02287464467204714,development,downtrend,high,downtrend_high
2015-09-04,-0.016530415159605183,0.017271999624411283,0.013459761212724741,0.037894311793670754,development,downtrend,high,downtrend_high
2015-09-07,0.01325168392256959,0.026411151888625195,0.03750145595674548,0.029560973537945845,development,downtrend,high,downtrend_high
2015-09-08,0.0016333903214242884,-0.002120242223677793,0.002978535292008866,0.005137185207834127,development,downtrend,high,downtrend_high
2015-09-09,0.007640045602104628,0.018527529118217423,0.02200789255531621,0.018042346580290802,development,downtrend,high,downtrend_high
2015-09-10,-0.005680512791936931,-0.0005999268743679398,0.018905269645470346,-0.004863490301628914,development,downtrend,high,downtrend_high
2015-09-11,0.007828590285521742,0.011272394872256175,0.02125180805835636,0.004122301164839914,development,downtrend,high,downtrend_high
2015-09-14,-0.004861865752153971,0.014560150910485792,-0.007035418148321537,0.010365600065490144,development,downtrend,high,downtrend_high
2015-09-15,0.0015595332148070629,0.01144309818019984,-0.005185834881774154,0.008121088126999298,development,downtrend,high,downtrend_high
2015-09-16,0.0018135923886604122,-0.019510657927169217,-0.012419305158721361,0.019058745979276814,development,uptrend,high,uptrend_high
2015-09-18,0.00829173957609175,-0.00828538263129619,-0.014636896250710962,0.03051253268580556,development,uptrend,high,uptrend_high
2015-09-21,-0.025303165347797085,-0.018253706674237313,-0.021397914380805516,0.020287480862734908,development,uptrend,high,uptrend_high
2015-09-22,0.01403582573950568,0.0075413542000541955,0.027341376830238184,0.05066334016845664,development,downtrend,high,downtrend_high
2015-09-23,0.0038400819084580817,0.0006251151261478238,0.014352419039804554,0.04481785789772075,development,uptrend,high,uptrend_high
2015-09-24,-0.012302302323357162,0.007107756315184011,0.028697041050690597,0.03177583356666425,development,uptrend,high,uptrend_high
2015-09-28,0.015221870691584982,0.029149423526412255,0.05529592091736224,0.05255187099369163,development,downtrend,high,downtrend_high
2015-09-29,0.003110692159352668,0.02461429216487354,0.03194622864545549,0.02317568253699087,development,uptrend,high,uptrend_high
2015-09-30,-0.005148854592924912,0.02012626317242261,0.017179609277237162,0.0234545829785191,development,uptrend,high,uptrend_high
2015-10-01,0.014265868713457586,0.021523753930065892,0.023060310977285337,0.02911272690231348,development,uptrend,high,uptrend_high
2015-10-05,-0.0033678211236511935,-0.006246611914529021,-0.004504653995371255,0.011564107978947913,development,uptrend,high,uptrend_high
2015-10-06,0.0038299705731763556,0.005339912960281801,-0.0017799709867606373,0.014172275729110284,development,uptrend,high,uptrend_high
2015-10-07,-0.008222759306279914,-0.006484265391008659,-0.010839673975203579,0.006703900364473769,development,uptrend,high,uptrend_high
2015-10-08,0.00040922970753576315,-0.006675734813662126,-0.000836770670021969,0.013327074502651026,development,uptrend,medium,uptrend_medium
2015-10-09,-0.010678479298274923,-0.015015501142713994,0.0008079196531616262,0.0035291021912773335,development,uptrend,medium,uptrend_medium
2015-10-12,0.0012004506018303829,0.007085712581778036,0.018850104432228676,0.013660536280625468,development,uptrend,medium,uptrend_medium
2015-10-13,0.0006788112246112199,0.01675435548941273,0.01965473072184265,0.008491347477041833,development,uptrend,medium,uptrend_medium
2015-10-14,0.005550523619183734,0.017296981976690384,0.01442648721132156,-0.00277835320399622,development,uptrend,medium,uptrend_medium
2015-10-15,0.005431034749898034,0.008299109280743178,0.0124242309391156,-0.015603617416210969,development,uptrend,medium,uptrend_medium
2015-10-16,0.001512850184928194,-0.00131310668394935,-0.00024205602958848882,-0.02562768213268385,development,uptrend,medium,uptrend_medium
2015-10-19,-0.002252263142929034,0.001829691071864703,-0.00572435964645468,-0.02652073168301028,development,uptrend,medium,uptrend_medium
2015-10-20,-0.0008051746870768595,0.0002664207034783761,-0.01055288504177232,-0.026415618662456897,development,uptrend,low,uptrend_low
2015-10-21,-0.0015406138100683142,-0.009069251572232373,-0.023651190082147222,-0.04246379257816024,development,uptrend,low,uptrend_low
2015-10-23,-0.008771736575335032,-0.019493281779044858,-0.0321408474536945,-0.04552033840587466,development,uptrend,low,uptrend_low
2015-10-26,0.0003099238028836382,-0.0144100329881377,-0.02181557445421023,-0.03829113330781486,development,uptrend,low,uptrend_low
2015-10-27,-0.002161426716937198,-0.015032556158247501,-0.015655302734199683,-0.04952433288034541,development,uptrend,low,uptrend_low
2015-10-28,-0.00779164373712693,-0.015246914560921643,-0.01654343146479531,-0.05054158308608048,development,uptrend,low,uptrend_low
2015-10-29,-0.007108961154725368,-0.007736717430935736,-0.020692876072231692,-0.039016158533103584,development,downtrend,low,downtrend_low
2015-10-30,-0.00046557536931701726,-0.0017815532491523012,-0.012446381539742646,-0.026941294704480256,development,downtrend,low,downtrend_low
2015-11-02,-0.0031719999794695974,-0.016187760950603702,-0.02116528474241497,-0.043845528413556156,development,downtrend,low,downtrend_low
2015-11-03,-0.007982789153576086,-0.01858136429454238,-0.039673507206981706,-0.03234461936635913,development,downtrend,low,downtrend_low
2015-11-04,-0.009327102982173874,-0.014339337755318815,-0.033385854215060684,-0.021642928496912628,development,downtrend,low,downtrend_low
2015-11-05,-0.00028278588775687563,-0.021768192405357878,-0.018846071565203903,-0.013485720233195275,development,downtrend,low,downtrend_low
2015-11-06,0.016300220885629102,-0.0033383622765063015,0.006330023392610684,0.005566089642249583,development,downtrend,low,downtrend_low
2015-11-09,-0.011964303700570111,-0.009012897217405613,-0.0185082120393657,0.00078700453874192,development,downtrend,low,downtrend_low
2015-11-10,-2.5790221832355797e-05,0.009674729948071059,0.010344646685912506,0.023220760902124438,development,downtrend,low,downtrend_low
2015-11-13,0.00952416613110918,-0.0001487647787641322,0.01598349999071802,0.02616075360347314,development,downtrend,low,downtrend_low
2015-11-16,-0.0014270037028188964,-0.0007644529383660226,6.370441153058515e-05,0.013524434125656848,development,downtrend,low,downtrend_low
2015-11-17,-0.011676894703101959,0.004269367551520853,0.0010801525495462982,0.013830771065767689,development,downtrend,low,downtrend_low
2015-11-18,0.006965397701739651,0.007799961481671724,0.012235963881042533,0.00971302591561285,development,downtrend,low,downtrend_low
2015-11-19,0.001868157273898774,-0.0013134323079565524,0.012854065242355883,-0.007651207073182342,development,downtrend,low,downtrend_low
2015-11-20,-0.002573225744964769,0.001817117312090888,0.00835504161636691,-0.013228298831723717,development,downtrend,low,downtrend_low
2015-11-23,-0.0006890267122304783,0.013487328737080473,0.015044009486251175,-0.01726423436104374,development,downtrend,low,downtrend_low
2015-11-24,0.005952406541285926,0.01251731801466649,0.012019700590941707,-0.02866474485534176,development,downtrend,low,downtrend_low
2015-11-26,0.004057858728791164,0.0056000561449978115,-0.00587189274379607,-0.028733634637414518,development,downtrend,low,downtrend_low
2015-11-27,-0.00012600409513308097,-0.000617407761064781,-0.019448744388880113,-0.04105210958418648,development,uptrend,low,uptrend_low
2015-11-30,-0.00040838637621576357,-0.011811790573625136,-0.02422045354325797,-0.03871504073647969,development,uptrend,low,uptrend_low
2015-12-01,-0.0056853205643732085,-0.024421162661124485,-0.03447540878640565,-0.034575737612756674,development,uptrend,low,uptrend_low
2015-12-02,-0.004827696150065064,-0.017324058277635057,-0.03667284358353451,-0.019158967146999717,development,uptrend,low,uptrend_low
2015-12-03,-0.004566643837819573,-0.01482550922226089,-0.017179222688688545,0.003421766228234091,development,downtrend,low,downtrend_low
2015-12-04,-0.006543795360080207,-0.02610484290206061,-0.02636708196388693,-0.0069851290837111835,development,downtrend,low,downtrend_low
2015-12-07,-0.00475541832234927,-0.0071331905811850005,-0.01142988890773411,0.012399068981391759,development,downtrend,low,downtrend_low
2015-12-08,-0.01078552400753685,-0.01105188807582358,0.0007016961008057265,0.011773126847670623,development,downtrend,low,downtrend_low
2015-12-09,0.005233341753187348,0.0008831264208504219,0.014077702092787359,0.02913013964053235,development,downtrend,low,downtrend_low
2015-12-10,-0.011578510729523095,0.00016881457101858288,0.018799677666903936,0.02096858343076735,development,downtrend,low,downtrend_low
2015-12-11,0.012152312323238545,0.025495448923245068,0.026957475951267185,0.0485498792766601,development,downtrend,low,downtrend_low
2015-12-14,0.005450996590003365,0.024180254685422398,0.022887695789203244,0.03522587968753421,development,downtrend,low,downtrend_low
2015-12-15,0.00332026825588172,0.004750680600951407,0.007876780383320847,0.022135205980388983,development,downtrend,low,downtrend_low
2015-12-16,0.0078761275473056,0.006604145150663543,0.010651401790474413,0.02098153000002645,development,downtrend,low,downtrend_low
2015-12-17,-0.008551611064947617,-0.005466898954051946,0.0041065670457896,-0.004802730667816224,development,uptrend,low,uptrend_low
2015-12-18,0.01146453739690445,0.01553133623201175,0.023174298123864956,0.005035084272037471,development,downtrend,low,downtrend_low
2015-12-21,-0.0055304116825783955,0.004042442937967072,0.012714932716484384,-0.011290763461614395,development,uptrend,low,uptrend_low
2015-12-22,0.004533583525152984,0.01209377553897717,0.008403067901113781,-0.03347832935351913,development,downtrend,low,downtrend_low
2015-12-23,-0.003511354183172277,0.0050958891221677405,0.007301549378069927,-0.03643161493820313,development,uptrend,low,uptrend_low
2015-12-24,0.007878434415059088,0.004203098467110422,-0.009143909456592714,-0.03806975407222901,development,uptrend,low,uptrend_low
2015-12-28,-3.152903115599681e-05,0.0021628792212724512,-0.01823012276247027,-0.052830093869069006,development,uptrend,low,uptrend_low
2015-12-29,-0.005334706010541201,-0.018554945602089035,-0.0248910507174418,-0.04738873235642227,development,uptrend,low,uptrend_low
2015-12-30,0.006147318768441545,-0.014326762534116577,-0.04172048015251484,-0.045708932731586716,development,uptrend,low,uptrend_low
2015-12-31,-0.01681483532618855,-0.023162174408813407,-0.04078461426793889,-0.061423047617428006,development,uptrend,low,uptrend_low
2016-01-04,-0.005588626098023131,-0.03322519300251614,-0.033793598690365356,-0.06098307550701654,development,uptrend,medium,uptrend_medium
2016-01-05,-0.006041281947013477,-0.023972587709811366,-0.03566361373714211,-0.045319395212241154,development,downtrend,medium,downtrend_medium
2016-01-06,-0.013690277601283496,-0.014270168649472392,-0.014459159806404331,-0.04744346189546933,development,downtrend,medium,downtrend_medium
2016-01-07,-0.0013531632194918597,-0.013315128645767449,-0.009833623277024639,-0.043991789159029016,development,downtrend,medium,downtrend_medium
2016-01-08,0.004835621810745039,0.004642967555336774,-0.011909795255879208,-0.01394894649258338,development,downtrend,medium,downtrend_medium
2016-01-11,-0.010135542577683676,-0.006642818078813617,-0.031131404105882,-0.019908568257111736,development,downtrend,medium,downtrend_medium
2016-01-12,0.0005954034927884155,-0.01589067058416671,-0.016247873916591438,-0.015897260336365515,development,downtrend,medium,downtrend_medium
2016-01-13,0.009293717123944,-0.015587741900258467,-0.021172041101833572,-0.005724884238030747,development,downtrend,medium,downtrend_medium
2016-01-14,-0.016378713542114953,-0.016735739729007548,-0.03767036312643357,0.00025125499967426634,development,downtrend,medium,downtrend_medium
2016-01-15,-0.009345933378285598,-0.014965640637875754,0.0002830186754818609,0.018274083550192666,development,downtrend,medium,downtrend_medium
2016-01-18,0.007220501013168068,-0.014224173342295754,0.007362716287935278,0.009990788418993368,development,downtrend,medium,downtrend_medium
2016-01-19,-0.006483647589030861,0.008896315796180554,0.010975941280413126,0.0006524133053553705,development,downtrend,medium,downtrend_medium
2016-01-20,-0.013535968085529593,0.008065992122127774,0.006507018854825741,0.0037076583568864674,development,downtrend,medium,downtrend_medium
2016-01-21,0.009074594970923,0.011154587939811167,0.02825694411899149,0.01813558176674479,development,downtrend,medium,downtrend_medium
2016-01-22,-0.004364866631799136,-0.005904615585774042,0.011675339958159059,-0.010912133891213371,development,downtrend,high,downtrend_high
2016-01-25,-0.004263962894913709,0.01257760868091573,-0.0018809966778755571,-0.02294632913447814,development,downtrend,high,downtrend_high
2016-01-27,-0.0002491210740254157,0.017430848355550976,-0.00871207100417426,-0.028384811780448382,development,downtrend,high,downtrend_high
2016-01-28,0.02026070603069674,0.005692393651365757,-0.0012612513280879645,-0.05894770842377439,development,downtrend,high,downtrend_high
2016-01-29,-0.0044205553313788615,-0.030002002149351115,-0.013228790084162334,-0.08018312203537781,development,uptrend,high,uptrend_high
2016-02-01,-0.014682864819982933,-0.021495629432170427,-0.023709290724311383,-0.05335250239425049,development,uptrend,high,uptrend_high
2016-02-02,-0.004146174788493662,0.013074136421647564,-0.012749494079752233,-0.04656104352664492,development,downtrend,high,downtrend_high
2016-02-03,-0.001005227737644665,-0.003265244274029633,-0.026411835044618637,-0.04088268719550159,development,downtrend,high,downtrend_high
2016-02-04,0.00955078322464864,-0.0161830357142857,-0.059569292264853524,-0.030532807602871248,development,downtrend,high,downtrend_high
2016-02-05,-0.013678811252901601,-0.03658357382201838,-0.06792661745237893,-0.03724450752876374,development,uptrend,high,uptrend_high
2016-02-08,-0.0007872452366515237,-0.044852455027212024,-0.019304622324846976,-0.009501761207180714,development,downtrend,high,downtrend_high
2016-02-09,-0.006690198736516884,-0.03900577027288443,-0.02974131168816674,-0.021302810203420175,development,downtrend,high,downtrend_high
2016-02-10,-0.03154672620901566,-0.005642998194330007,-0.01320865970540308,-0.025667707790151817,development,downtrend,high,downtrend_high
2016-02-11,-0.0060794184825472275,0.003502466381196001,0.023933439165320092,-0.007553025197027163,development,downtrend,high,downtrend_high
2016-02-12,0.014963137182512742,0.007240691895562978,0.021736189960973373,-0.003910830166327761,development,downtrend,high,downtrend_high
2016-02-15,-0.021246311404270135,-0.0013192154139906043,0.004624170065960831,-0.029744863088005502,development,downtrend,high,downtrend_high
2016-02-16,0.0070266540541381595,0.021519071837803327,0.00718243146260944,0.023155288010085373,development,downtrend,high,downtrend_high
2016-02-17,0.001999344867430919,0.007962479884266793,-0.022111030343931026,0.026674032089250455,development,downtrend,high,downtrend_high
2016-02-18,0.005606291903337723,-0.008507018521804799,-0.027884850182693044,0.042542106432247984,development,downtrend,high,downtrend_high
2016-02-19,0.003565021700146831,-0.026377286220110485,-0.024844475225595186,0.03835563179346679,development,downtrend,high,downtrend_high
2016-02-22,-0.01805864446598604,-0.03724979825512775,-0.03497783335381244,0.033838377775652795,development,downtrend,high,downtrend_high
2016-02-23,-0.007957569567137779,-0.006395759717314542,0.020819760379858554,0.06456534341872788,development,downtrend,high,downtrend_high
2016-02-24,-0.00842834472668963,-0.006088364954328074,0.04822293438561687,0.06490889540299438,development,downtrend,high,downtrend_high
2016-02-25,-0.0013566412786027993,0.025996903822470996,0.06198063800013398,0.06689591347017565,development,downtrend,high,downtrend_high
2016-02-26,-0.008992388977820398,0.045160222896892144,0.06168399042558925,0.06925796100398629,development,downtrend,high,downtrend_high
2016-02-29,0.026149938505665382,0.062139039911377036,0.06351718178346899,0.060007828317586,development,downtrend,high,downtrend_high
2016-03-01,0.0064397477479256615,0.022351352551764236,0.028695467414728393,0.0241815152170326,development,uptrend,high,uptrend_high
2016-03-02,0.006198261560841134,0.0075038194056962215,0.007618240558874723,0.01117160557260588,development,uptrend,high,uptrend_high
2016-03-03,-0.0026713839300206432,0.0035174544577571965,0.0006395785742543403,0.013183867162308127,development,uptrend,high,uptrend_high
2016-03-04,-0.00014694615176857884,-3.339388801837373e-05,0.0069926931955452964,0.029099447063741346,development,uptrend,high,uptrend_high
2016-03-08,0.012869609845813201,0.009964913958004029,0.0032947377897349917,0.037492744990801574,development,uptrend,high,uptrend_high
2016-03-09,-0.007845917624271559,-0.0008747238459220208,-0.006176002048032814,0.02268283116470804,development,uptrend,high,uptrend_high
2016-03-10,0.0033868544226673958,-0.0032398778443930576,0.003700769777597035,0.017401818112668055,development,uptrend,high,uptrend_high
2016-03-11,-0.0005104470085118828,-0.005813658034167224,0.008186832020855572,0.00721235404759879,development,uptrend,high,uptrend_high
2016-03-14,-0.009985602025629925,-0.003091926281282631,0.022346503733682965,0.026453564637419102,development,uptrend,high,uptrend_high
2016-03-15,0.005592049993589532,0.019753159336036274,0.03457803077755561,0.03772941109758898,development,uptrend,high,uptrend_high
2016-03-16,-0.005934593674517763,0.019431299065000962,0.0210522269182698,0.020595694862657554,development,uptrend,high,uptrend_high
2016-03-17,0.009250621623549948,0.023922810261420402,0.010677363428322595,0.029749212670654446,development,uptrend,high,uptrend_high
2016-03-18,0.011162563327818065,0.012770343630996939,-0.002913717285727424,-0.0020999579470091234,development,uptrend,high,uptrend_high
2016-03-21,0.0025144529172513863,-0.010454055794979933,0.005152379184246048,-0.010551514718518229,development,uptrend,high,uptrend_high
2016-03-22,-0.0001231229601037498,-0.015607511841885358,0.002714589210303542,-0.022157577395687467,development,uptrend,high,uptrend_high
2016-03-23,-0.016264035957079148,-0.0007492319709986317,-0.0036106698504715373,-0.024002041685505793,development,uptrend,medium,uptrend_medium
2016-03-28,-0.0012554712626235975,0.017333758542539046,0.020015644925663434,0.008525560118765929,development,uptrend,medium,uptrend_medium
2016-03-29,0.010991896143407232,0.008096836564748022,-0.006260524856866456,0.0075610169672164496,development,uptrend,medium,uptrend_medium
2016-03-30,0.0013911085693387726,0.004030967077623737,-0.014661612019087,0.015891026964291566,development,uptrend,high,uptrend_high
2016-03-31,-0.0006478320465052034,-0.014880651496346542,-0.022233545224180862,0.02547928500092933,development,uptrend,medium,uptrend_medium
2016-04-01,0.0033168763915951693,-0.015362408098606006,-0.023011283794888926,0.023483328262033476,development,uptrend,low,uptrend_low
2016-04-04,-0.01720455679527233,-0.02454010498144965,-0.008389010765123994,0.02271757874397662,development,uptrend,low,uptrend_low
2016-04-05,-0.002841745088923986,-0.010587883977049128,0.00954687207255378,0.03447463108980764,development,uptrend,low,uptrend_low
2016-04-06,-0.011002006199630987,0.005373243935407057,0.028838631760461197,0.029441432325813865,development,uptrend,low,uptrend_low
2016-04-07,0.0017037259593986054,0.02208861899794612,0.04936791488530301,0.055725310976761255,development,downtrend,medium,downtrend_medium
2016-04-08,0.01235188314137714,0.03598015224106921,0.044465439045257904,0.05306290849852191,development,downtrend,medium,downtrend_medium
2016-04-11,0.005176542075496338,0.03200445875574531,0.0316588720784301,0.02320957068813767,development,uptrend,medium,uptrend_medium
2016-04-12,0.009425084238978032,0.017692869416697565,0.015706255360583787,0.009341455836135548,development,uptrend,medium,uptrend_medium
2016-04-13,0.000828296510516191,0.0004931497748410507,-0.006714604340076091,-0.012929699267548833,development,uptrend,medium,uptrend_medium
2016-04-18,-0.004440199188020966,-0.006383607807095348,0.0015849080151448813,-0.025540695929700763,development,uptrend,medium,uptrend_medium
2016-04-20,-0.00523031541078911,-0.012396836530005562,0.0033003715680601786,-0.031067509972174556,development,uptrend,medium,uptrend_medium
2016-04-21,0.0009503535550339226,0.008977685624281362,-0.00564507536811043,-0.019805343338114345,development,uptrend,medium,uptrend_medium
2016-04-22,-0.005034959844884002,0.01077925973572147,-0.005699954541378172,-0.02043745419348053,development,uptrend,medium,uptrend_medium
2016-04-25,0.01718158206956799,0.002439924872993382,-0.0028423063274936045,0.004841489089574269,development,uptrend,medium,uptrend_medium
2016-04-26,0.004772085412207305,-0.011609191049169021,-0.02455300931755222,-0.006824502053953685,development,uptrend,medium,uptrend_medium
2016-04-27,-0.015080189750285466,-0.020270100908640454,-0.0327396767896031,-0.014879359156131589,development,uptrend,medium,uptrend_medium
2016-04-28,0.0007074997211333756,-0.012397616088217434,-0.01386365809350798,0.007158096993817198,development,uptrend,medium,uptrend_medium
2016-04-29,-0.0021476334960167653,-0.01484786425722917,-0.01140910398860484,-0.0009971356148129606,development,uptrend,medium,uptrend_medium
2016-05-02,-0.009942721427951828,-0.0114124075907992,0.005271700366735077,0.004594391704560108,development,uptrend,medium,uptrend_medium
2016-05-03,-0.0022785805400941106,0.0012040539200213196,0.021186784877659237,0.021568729214550553,development,downtrend,medium,downtrend_medium
2016-05-04,0.0005820721769498327,0.017468607513581702,0.01524383619923042,0.01799895257324402,development,downtrend,medium,downtrend_medium
2016-05-05,0.002047293304137998,0.022046854223340517,0.023679488226655776,0.008519432836676444,development,downtrend,medium,downtrend_medium
2016-05-06,0.014287070653750789,0.012069256008026885,0.007691551187098966,-0.0007156190564456821,development,downtrend,low,downtrend_low
2016-05-09,0.0018098570979403483,0.0034101641981441055,-0.001625671394099748,-0.018098570979402817,development,uptrend,medium,uptrend_medium
2016-05-10,0.00566331557027655,0.0013133196399908176,0.01103189748849509,-0.0071495589662187164,development,uptrend,low,uptrend_low
2016-05-11,0.003677811116494123,-0.0013593677209406962,-0.00016519103043100003,0.008060739184887922,development,uptrend,medium,uptrend_medium
2016-05-12,-0.008387272891289155,0.0012371526456034232,-0.012384227592469266,0.0239373052079368,development,uptrend,low,uptrend_low
2016-05-13,0.0037733430317854477,0.004973657429236056,-0.01040708933080059,0.04155808802155936,development,downtrend,medium,downtrend_medium
2016-05-16,-0.0007724722618276392,-0.014366512458704461,-0.020995750320492834,0.03566610722765806,development,uptrend,low,uptrend_low
2016-05-17,0.002982113912607165,-0.012368153017172756,-0.012476490565361487,0.03993374297081598,development,uptrend,low,uptrend_low
2016-05-18,-0.011694507987588088,-0.018341717390959356,0.007542365861691325,0.03865788779283852,development,uptrend,low,uptrend_low
2016-05-19,-0.00545417198412923,-0.005563267956376183,0.03560608044928748,0.05476630339358035,development,downtrend,low,downtrend_low
2016-05-20,-0.010609280652278952,0.015478689268304535,0.043857421466140245,0.052067085047338146,development,downtrend,low,downtrend_low
2016-05-23,0.0013957383631995057,0.04285318730507215,0.0569200517481403,0.05983419746400798,development,downtrend,low,downtrend_low
2016-05-24,0.015758224830900502,0.04414476897491948,0.04458643355910774,0.05820046621678476,development,downtrend,low,downtrend_low
2016-05-25,0.011938090363547538,0.025587946465255085,0.025769801674953907,0.03744453875334508,development,uptrend,medium,uptrend_medium
2016-05-26,0.009242782401031713,0.009669683734140788,0.0169513541520534,0.015051987592432425,development,uptrend,medium,uptrend_medium
2016-05-27,0.0014694177432192923,0.0016469963034959623,0.006649091371762728,0.00043467883273118346,development,uptrend,medium,uptrend_medium
2016-05-30,-0.006059734841176612,0.0011084960590639348,-0.0010718594257136393,-0.012089077929687608,development,uptrend,medium,uptrend_medium
2016-05-31,9.169600719993731e-05,0.005086024107692211,0.010667302170938697,-0.008601097414948633,development,uptrend,medium,uptrend_medium
2016-06-01,0.007607092610137478,0.005412583563893403,0.014239466431404502,0.0060929651738119706,development,uptrend,medium,uptrend_medium
2016-06-02,-0.003080253937982058,0.002455676495886072,-0.0051660867949477884,-0.012787731660024781,development,uptrend,medium,uptrend_medium
2016-06-03,-0.0033662701276013784,0.00538353998936647,-0.007133549483518187,-0.007115273241683151,development,uptrend,medium,uptrend_medium
2016-06-06,0.003752073796871702,-0.003879546122629751,-0.01517199336954178,0.00035822688010722636,development,uptrend,low,uptrend_low
2016-06-07,-0.0015026486406976014,-0.01393400462404204,-0.02132036718891439,-0.007917398995232583,development,uptrend,low,uptrend_low
2016-06-08,-0.008430684461945392,-0.019671538059304217,-0.00806807437756063,-0.008418526636850499,development,uptrend,low,uptrend_low
2016-06-09,-0.0012469295330216346,-0.008728327660371016,-0.004828703279239677,0.011026581744139952,development,uptrend,medium,uptrend_medium
2016-06-10,0.0010305899788638495,0.012879090298991036,0.0083865833950445,-0.0016847051552038028,development,uptrend,low,uptrend_low
2016-06-13,-0.0031409575376467602,0.000780647341227958,0.012797514125935106,-0.004880471516996776,development,uptrend,low,uptrend_low
2016-06-14,0.008256100921137932,0.003784098746626441,0.009890224002640613,-0.0014189995363386165,development,uptrend,low,uptrend_low
2016-06-15,-0.004877351166478694,0.00707157723980778,0.002817660362429919,0.002854308390530136,development,uptrend,medium,uptrend_medium
2016-06-16,-0.0007887957914648469,0.005289512061517065,0.011471726696022921,0.013587483747396822,development,uptrend,medium,uptrend_medium
2016-06-17,0.015124911437636612,0.010836976904475826,-0.0033453349775128816,0.026195928826664217,development,uptrend,low,uptrend_low
2016-06-20,-0.004300215412969544,0.001823025410686352,-0.01946606920422589,0.01396659147125523,development,uptrend,low,uptrend_low
2016-06-21,-0.0012114218209064997,-0.015224691461360629,-0.010446060994595219,0.014889823509787181,development,uptrend,medium,uptrend_medium
2016-06-22,0.00845001022865266,-0.012979910164089503,0.00034746459207202207,0.016674489978421025,development,uptrend,low,uptrend_low
2016-06-23,0.007410544055537205,0.012299012193013548,0.032214058760987596,0.036629272780158706,development,uptrend,low,uptrend_low
2016-06-24,0.0068848970356927275,0.020480499088073145,0.035948118717084254,0.05330658420929901,development,downtrend,low,downtrend_low
2016-06-27,0.003927877636120458,0.023678238145411035,0.033923999635721236,0.0524947363532684,development,downtrend,low,downtrend_low
2016-06-28,0.0037806832137796675,0.01899518051458471,0.01992513192184564,0.04238292669914623,development,downtrend,low,downtrend_low
2016-06-29,0.0033291970582003394,0.013371289647710505,0.009400489164976822,0.03689355649042092,development,uptrend,low,uptrend_low
2016-06-30,0.001840456276211988,0.002754752005946992,0.0012210188635315422,0.0274689303327329,development,uptrend,low,uptrend_low
2016-07-01,-0.0007222138284537216,-0.004637790237860706,0.010881355015369909,0.01575195574805255,development,uptrend,low,uptrend_low
2016-07-04,-0.0051734166798459436,-0.006695023532111488,0.016916687945776054,0.01781175080004993,development,uptrend,medium,uptrend_medium
2016-07-05,-0.0004914420252937202,0.015092350830136603,0.021277871014145244,0.026834045717453847,development,uptrend,low,uptrend_low
2016-07-07,-0.0032095574476047606,0.020485006549401108,0.02574850299401188,0.01917360591317374,development,uptrend,low,uptrend_low
2016-07-08,0.006483836258178721,0.012616899992687447,0.015219952479724963,0.015196157520309894,development,uptrend,low,uptrend_low
2016-07-11,0.002169947564290453,0.0073389778999115585,0.0007174965560854396,0.015648247284665517,development,uptrend,medium,uptrend_medium
2016-07-12,-0.002453055147373706,0.00011125822301760735,-0.0013934149082130975,0.005877933149244674,development,uptrend,medium,uptrend_medium
2016-07-13,0.0057834013445674515,-0.0008278548204796454,0.0058831705222675,0.01174879543052576,development,uptrend,medium,uptrend_medium
2016-07-14,-0.0028077689017048657,-0.004308050339863478,-0.006462075509795273,0.011773999857029205,development,uptrend,low,uptrend_low
2016-07-15,-0.00646301815581507,0.00021015812945357482,-0.002668084597370446,0.008693339834589642,development,uptrend,low,uptrend_low
2016-07-18,0.0016736549483675756,-0.000493310713605366,0.014252562009936742,0.014358197714942511,development,uptrend,low,uptrend_low
2016-07-19,0.005918584796637427,0.003023915284499523,0.008831029903022092,0.012618263608851654,development,uptrend,low,uptrend_low
2016-07-20,-0.00845894465440511,0.006169409871897846,0.003856549643092233,-0.004410102307683128,development,uptrend,low,uptrend_low
2016-07-21,0.0025294235912793894,0.008333675297067078,0.017213078863408837,0.0036913743297033452,development,uptrend,low,uptrend_low
2016-07-22,0.013579914513603075,0.011250019915343357,0.013914377662996635,0.019155064474706496,development,uptrend,low,uptrend_low
2016-07-25,-0.004991991819892849,0.0037700656942232236,0.00032428605038359315,0.008987937961488335,development,uptrend,low,uptrend_low
2016-07-26,0.00190704157471,0.004546783217307393,0.00273274867229345,0.00916919852469733,development,uptrend,low,uptrend_low
2016-07-27,0.0033981450293563142,-4.6357871232971526e-05,-0.010663554131351338,-0.007137981490093481,development,uptrend,low,uptrend_low
2016-07-28,-0.0034377911884617696,-0.005237406998538474,-0.013520551659867874,-0.008784815451505446,development,uptrend,low,uptrend_low
2016-07-29,-0.0020510035936570636,-0.01264691514999483,0.003333670728840943,-0.0013577066042518293,development,uptrend,low,uptrend_low
2016-08-01,-0.002838964565625046,-0.011142080470116889,0.007389393707885938,-0.0027060451458493784,development,uptrend,low,uptrend_low
2016-08-02,-0.010463056315306418,0.005552875929677903,0.004985385829371802,0.004406360457995584,development,uptrend,low,uptrend_low
2016-08-03,-0.005680333586597586,0.012953495256660785,-0.0028663410909560705,0.007784951516230043,development,uptrend,low,uptrend_low
2016-08-04,0.009645147023171763,0.00907534742389382,-0.0009360020121261803,0.0033662234198081897,development,downtrend,low,downtrend_low
2016-08-05,-0.00017215951924454131,-0.01578700549812051,-0.008068520385323463,-0.009210534279583071,development,uptrend,low,uptrend_low
2016-08-08,-0.005677238914312377,-0.015542223366494468,-0.011887302908148545,-0.008879672051870013,development,uptrend,low,uptrend_low
2016-08-09,-0.012824247196319027,-0.005082527269540615,-0.00154836646944001,-0.010878699376662526,development,uptrend,low,uptrend_low
2016-08-10,0.0022572072576474422,0.005978210289242725,0.010976645679518393,-2.916200141089842e-05,development,downtrend,low,downtrend_low
2016-08-11,-0.0031948554323693035,0.0003460107840027593,-0.004740302687350373,-0.007243136551714158,development,downtrend,low,downtrend_low
2016-08-16,-0.0018229589059985951,0.0031367145709553235,-0.0008333752488793866,0.01210095222701546,development,uptrend,low,uptrend_low
2016-08-17,0.0028212296116874036,-0.002277669243854863,0.00016767493689884283,0.015880792491595352,development,uptrend,low,uptrend_low
2016-08-18,-0.0031514227342065437,-0.007096626145700058,-0.011743281422151308,0.009241754683244174,development,uptrend,low,uptrend_low
2016-08-19,-0.004367094655013282,-0.001926871502538341,-0.01089768031758398,0.016459027417214722,development,uptrend,low,uptrend_low
2016-08-22,0.0004925623314315786,-0.0041896093342372875,-0.0024221797920418453,0.03646704235107978,development,uptrend,low,uptrend_low
2016-08-23,0.00020810599381393402,-0.008781892271781278,0.011082801569636258,0.031155714321847716,development,uptrend,low,uptrend_low
2016-08-24,-0.00884193607184125,-0.007082763784031831,0.013537042540291644,0.03272064961402066,development,uptrend,low,uptrend_low
2016-08-25,-0.004852345978854755,0.015091098677783021,0.018608576215149775,0.029294212259839858,development,downtrend,low,downtrend_low
2016-08-26,0.0027610537716615813,0.023585285605067785,0.026317214576962344,0.015360373889617085,development,downtrend,low,downtrend_low
2016-08-29,0.011287432778211537,0.014791729912973173,0.03426142770405072,0.009234638375690274,development,downtrend,low,downtrend_low
2016-08-30,0.0036726305358445455,0.006351413023458985,0.01872280764695189,-0.0013136776985026577,development,uptrend,low,uptrend_low
2016-08-31,-0.002154887599134958,0.016989673997178878,0.01807000519509594,-0.0015636372601433024,development,uptrend,low,uptrend_low
2016-09-01,0.0015120796512935186,0.013823982826683068,0.007997702349451963,0.0013699752494098494,development,uptrend,low,uptrend_low
2016-09-02,0.01020025559380322,0.011273374505593736,-0.01548686648284947,-0.00867529714020654,development,uptrend,low,uptrend_low
2016-09-06,-0.00565856800816289,-0.01137288545482995,-0.026993943455043135,-0.021357588113784187,development,uptrend,low,uptrend_low
2016-09-07,0.004150075710840584,-0.02242166907352361,-0.01939882175004204,-0.005389468306600809,development,uptrend,low,uptrend_low
2016-09-08,-0.007566301876229087,-0.0232475067831871,-0.017287330701782122,-0.011500621452851911,development,uptrend,low,uptrend_low
2016-09-09,-0.001986795475693137,0.0010992401376745953,0.008639714372011165,-0.001133682249821355,development,uptrend,low,uptrend_low
2016-09-12,0.0018310020532066318,0.007944208026587463,0.00749082985470606,-0.0004879084579693105,development,downtrend,low,downtrend_low
2016-09-14,-0.0001486535960208979,0.0073824212599435945,0.0038084805592144555,0.00014876528166785086,development,uptrend,low,uptrend_low
2016-09-15,-0.0001138841962322612,-0.0005636377993213371,0.009862438122734796,-0.02159239911962174,development,uptrend,low,uptrend_low
2016-09-16,0.0022700470354990454,-0.0012857562410181211,0.004904119431431431,-0.020174183245877275,development,uptrend,low,uptrend_low
2016-09-19,-0.004559750970514531,0.005824637675701183,-0.010554531914379828,-0.008847449944537233,development,uptrend,low,uptrend_low
2016-09-20,-0.0014959005215599008,0.0046926727092975185,-0.009544545229021595,-0.002405994622757035,development,uptrend,low,uptrend_low
2016-09-21,-0.0006648463457663567,-0.016938339105753597,-0.01444766907578543,-0.014582927503023813,development,uptrend,low,uptrend_low
2016-09-22,-0.005540094621794278,-0.01963230688567974,-0.03259859809137744,-0.01927767309208117,development,uptrend,low,uptrend_low
2016-09-23,-0.009633463387916374,-0.00712428583624658,-0.02233790021165749,-0.012522936949582508,development,uptrend,low,uptrend_low
2016-09-26,-0.004857753329268855,-0.01801945199809707,-0.0012345301429621536,-0.004583500113965244,development,downtrend,medium,downtrend_medium
2016-09-27,0.003897303993859458,-0.011485191758230595,0.006652377859905245,-0.015824522780647055,development,downtrend,medium,downtrend_medium
2016-09-28,-0.02291107291704264,-0.006209763181349914,-0.005544371912736157,-0.023803814532318612,development,downtrend,medium,downtrend_medium
2016-09-29,0.0034551524354715646,0.02186685202179106,0.014921610987298273,-0.007119921852240307,development,downtrend,medium,downtrend_medium
2016-09-30,0.008302327504936313,0.008977435329493355,0.003628972188622681,0.001355849999177483,development,downtrend,medium,downtrend_medium
2016-10-03,-9.687678164194136e-05,-0.006892838690136793,-0.006978357504275889,-0.01264542652508549,development,downtrend,medium,downtrend_medium
2016-10-04,-0.007085729823407383,-0.012349044135634535,-0.026458181918187162,-0.012144557449336846,development,downtrend,medium,downtrend_medium
2016-10-05,-0.006745628121328617,-0.006831159612119109,-0.021131958050813027,-0.008627320918719539,development,downtrend,medium,downtrend_medium
2016-10-06,-0.0027632898858932498,-0.017009365446571056,-0.023080339862598054,-0.0014618709327858248,development,downtrend,medium,downtrend_medium
2016-10-07,-0.0030393522726333,-0.01739474955723863,-0.006576636462076402,-0.005042706549515108,development,downtrend,medium,downtrend_medium
2016-10-10,-0.011318732701954715,-0.017424852606238828,-0.0014300167935189512,-0.006486766995329574,development,downtrend,medium,downtrend_medium
2016-10-13,-0.001233373210961175,0.009762670540493401,0.01226441594426353,0.002472655340935548,development,downtrend,low,downtrend_low
2016-10-14,-0.010745424342273435,0.005358142450146319,0.009299903930547915,0.00290838842898844,development,downtrend,low,downtrend_low
2016-10-17,0.014241453558480055,0.01675429540615392,0.0178704418645661,0.008204743650982449,development,downtrend,medium,downtrend_medium
2016-10-18,-0.0044151067116987575,-0.0005116637323944184,-0.000712870975855151,-0.021098016671457276,development,downtrend,medium,downtrend_medium
2016-10-19,0.0006960241474096573,0.0017945425685716998,-0.00898383395173441,-0.02397228035529131,development,downtrend,medium,downtrend_medium
2016-10-20,-0.0017855689071708536,-0.0019865197004667046,-0.010719244604437517,-0.031560712594837725,development,uptrend,medium,uptrend_medium
2016-10-21,-0.0001032640175017141,-0.010861221905964502,-0.008249236507788082,-0.02443208714630951,development,uptrend,medium,uptrend_medium
2016-10-24,-0.003485603717648833,-0.01220521147582121,-0.010943989494594186,-0.020426108056402548,development,uptrend,medium,uptrend_medium
2016-10-25,-0.004857150108713126,-0.0022293099607166855,-0.01655248263551068,-0.02602425811400355,development,uptrend,medium,uptrend_medium
2016-10-26,0.0009469381086426587,0.002224952828957738,-0.0141917044772496,-0.009451454388466951,development,downtrend,medium,downtrend_medium
2016-10-27,0.001507246376811544,-0.012869565217391354,-0.022173913043478266,-0.03811016757246377,development,downtrend,medium,downtrend_medium
2016-10-28,-0.0031087395238321713,-0.01943802981798759,-0.018039740313149144,-0.0629481946716931,development,downtrend,medium,downtrend_medium
2016-11-01,-0.0033712372226839538,-0.01276511298177252,8.779323139340711e-05,-0.05047522087485268,development,downtrend,low,downtrend_low
2016-11-02,-0.001752903256790117,-0.0003293946147484572,-0.007982448218867844,-0.049400805115347834,development,downtrend,medium,downtrend_medium
2016-11-03,-0.008214122557933301,0.004698033438504723,0.0026048252084422963,-0.05050796503227151,development,downtrend,low,downtrend_low
2016-11-04,-0.004533895124915754,-0.012154760858741231,-0.02805262517207041,-0.0710716577153443,development,downtrend,low,downtrend_low
2016-11-07,0.0004156679961944132,-0.0016686182669789495,-0.05053276401492979,-0.0629625521443209,development,downtrend,low,downtrend_low
2016-11-08,0.045181282925317534,0.0283606823287883,0.005466389545243366,-0.004239255694143185,development,downtrend,low,downtrend_low
2016-11-09,-0.0034888974166452646,-0.05226394811329482,-0.055595099791871494,-0.0689723264665617,development,downtrend,medium,downtrend_medium
2016-11-10,-0.01896147747993271,-0.04080224167139168,-0.04523662151066854,-0.040483000966556215,development,downtrend,medium,downtrend_medium
2016-11-11,-0.021291806415277503,-0.024731820578932306,-0.04293976698336077,-0.019064885239741258,development,downtrend,high,downtrend_high
2016-11-15,-0.011461650020600844,-0.01603167167821906,-0.024781775515299698,-0.007738629512390571,development,downtrend,high,downtrend_high
2016-11-16,-0.00310297245447011,-0.021714722567201084,-0.008858655920796377,0.014731453147417195,development,downtrend,high,downtrend_high
2016-11-17,-0.0028959015500806817,-0.011762817432115269,-0.016307377894861363,0.011775239206593513,development,downtrend,high,downtrend_high
2016-11-18,-0.02135248860354677,-0.008491661685178675,0.0015057462737073646,-0.0018884354407292525,development,downtrend,high,downtrend_high
2016-11-21,0.001645970160090826,-0.002960252671790786,0.01724213485587356,0.01747371114106855,development,downtrend,high,downtrend_high
2016-11-22,-0.0022233195288600127,0.007837292309752497,0.011296416040455837,0.01142062112488329,development,downtrend,high,downtrend_high
2016-11-23,-0.005778951773159791,0.014366322232478579,0.02654836622203849,0.011264634938481288,development,downtrend,high,downtrend_high
2016-11-24,0.013280503347442352,0.01675830939980183,0.023095822376712816,0.0298327797046416,development,downtrend,high,downtrend_high
2016-11-25,0.0057235495361067645,0.01780179804776938,0.000761065312576692,0.022411575782255166,development,downtrend,high,downtrend_high
2016-11-28,0.0013035765519311404,0.007544759290797565,-0.0003443137845489108,0.004826878140422153,development,downtrend,high,downtrend_high
2016-11-29,0.006405915001783891,-0.010444020077479466,-0.003548637793793108,0.006075500686729907,development,downtrend,high,downtrend_high
2016-11-30,-0.006198399972707436,-0.013979864143619625,-0.01721860690350563,-0.007466012213427908,development,downtrend,high,downtrend_high
2016-12-01,-0.008186618294969583,-0.0012755060792994932,0.011442844763622118,6.168229783831691e-06,development,downtrend,high,downtrend_high
2016-12-02,0.004945139854736436,0.0016442348555092412,0.02138772987173554,0.0062679889120691445,development,downtrend,high,downtrend_high
2016-12-05,-0.0012265198260521526,0.01149245483691086,0.002164795515249507,-0.005985392795669231,development,downtrend,high,downtrend_high
2016-12-06,-0.008122777832805683,0.011428198762583275,0.0065373761057447854,-0.010528377776328535,development,downtrend,high,downtrend_high
2016-12-07,0.011622712010858516,0.00229385149927519,0.003722979022911632,-0.011138270124388616,development,downtrend,high,downtrend_high
2016-12-08,-0.0012029202071587308,-0.00603266431891214,-0.01427760857715521,-0.03537363428888096,development,uptrend,high,uptrend_high
2016-12-09,-0.007271671507961486,-0.005856183050540142,-0.011080557548207914,-0.029754682680235067,development,uptrend,high,uptrend_high
2016-12-12,0.0031294464889075613,-0.005191497342144968,-0.01120041587740439,-0.03512629428497416,development,uptrend,high,uptrend_high
2016-12-13,-0.005699042608309113,-0.010924242902511372,-0.01785678261424728,-0.023877890847521455,development,uptrend,medium,uptrend_medium
2016-12-14,0.003100265195519425,-0.0029587378790953967,-0.00825501924885641,-0.011509006177282899,development,uptrend,medium,uptrend_medium
2016-12-15,-0.004738206338139039,-0.011714104653938406,-0.024345221797134275,-0.009121823368790638,development,uptrend,medium,uptrend_medium
2016-12-16,-0.002664275454559384,-0.007962121008183609,-0.01725941422594146,0.0073590702298178545,development,uptrend,medium,uptrend_medium
2016-12-19,-0.0034769554623521604,-0.01621335023508308,-0.024948844132350212,0.008495043709979111,development,downtrend,medium,downtrend_medium
2016-12-20,-0.005496066721198289,-0.014816471586487356,-0.009005841351681032,0.010658956346692339,development,downtrend,medium,downtrend_medium
2016-12-21,-0.008049627878926602,-0.0168576112197516,-0.0011188671955264518,0.018231307217731363,development,downtrend,medium,downtrend_medium
2016-12-22,0.0016619629978049666,0.007569783337253,0.016444038589683352,0.037792386915961096,development,downtrend,medium,downtrend_medium
2016-12-23,-0.007137399023143254,0.008756952096625081,0.027708340676872556,0.03499010729485463,development,downtrend,low,downtrend_low
2016-12-26,0.01488307665467703,0.023821744350501106,0.03341105891157947,0.04055565131250294,development,downtrend,low,downtrend_low
2016-12-27,-0.001578083682545528,0.01717914189477554,0.017980652350634285,0.029953192032075915,development,downtrend,medium,downtrend_medium
2016-12-28,0.009090229760202462,0.018541566076389016,0.019911326725186695,0.043589556037152644,development,downtrend,low,downtrend_low
2016-12-29,0.008146890954578767,0.008941284233855207,0.01898479665967545,0.0354141245530486,development,downtrend,medium,downtrend_medium
2016-12-30,-0.0037270691990215488,-0.00238725597830991,0.004104724292750106,0.023172678658216928,development,uptrend,low,uptrend_low
2017-01-02,-0.0004636141529211768,0.0094862771521389,0.004880399821036052,0.026445666530239498,development,uptrend,low,uptrend_low
2017-01-03,-0.0014812761785979456,0.0050165997699391784,0.010478225287796405,0.023815425511523713,development,uptrend,low,uptrend_low
2017-01-04,0.005731301541175293,0.0011425566441003454,0.018719648056941374,0.02313816685244352,development,uptrend,low,uptrend_low
2017-01-05,-0.004594360738503167,0.000815035326451552,0.015135578626736201,0.01850432055980855,development,uptrend,low,uptrend_low
2017-01-06,-0.0028210217256153802,0.014686481016896735,0.017071562128809115,0.010896741784346187,development,uptrend,low,uptrend_low
2017-01-09,0.003134497615826959,0.017488229826125856,0.018165927097312906,0.01558810094072749,development,uptrend,low,uptrend_low
2017-01-10,0.006346284394078694,0.00871176137623575,0.008429620903348978,0.017771800892319112,development,uptrend,low,uptrend_low
2017-01-11,0.0019247163347759777,0.0025920475394924924,0.0030926041337524524,0.02522928599401686,development,uptrend,low,uptrend_low
2017-01-12,-0.006775023629909782,-0.007052832390792685,-0.002666317500543247,0.02170811051477295,development,uptrend,low,uptrend_low
2017-01-13,0.0026039493581080375,0.003104511894499451,-0.004957792022259877,0.02881673696771303,development,uptrend,low,uptrend_low
2017-01-16,-0.002026108589161635,0.002382612718029531,-0.0027985342017087245,0.01737957628230946,development,uptrend,low,uptrend_low
2017-01-17,0.0015648055636705571,-0.006485123191543263,0.008561575784535203,0.037191382018703756,development,uptrend,low,uptrend_low
2017-01-18,0.001983656986497939,-0.0031954277982497725,0.021898413097611424,0.03751895784462089,development,uptrend,low,uptrend_low
2017-01-19,-0.006544230375500781,0.008501573427264209,0.028187831496293114,0.04005075961642812,development,uptrend,low,uptrend_low
2017-01-20,0.007431376480008911,0.032792739559482253,0.03639435325124185,0.05659938261400721,development,uptrend,low,uptrend_low
2017-01-23,0.008177660605943826,0.027857595797983414,0.01834769670497205,0.04296988936577706,development,uptrend,low,uptrend_low
2017-01-24,0.012153704335425175,0.01568334440750241,0.025525203433999666,0.03171965282221256,development,uptrend,low,uptrend_low
2017-01-25,0.0035712211834388885,-0.005713976576563473,0.014371987689449028,0.019499493714070004,development,uptrend,low,uptrend_low
2017-01-27,-0.0003242184633085454,0.009362529053287716,0.012205405910320488,0.018296460975100404,development,uptrend,low,uptrend_low
2017-01-30,-0.007897419775598102,0.012144435892848415,0.01988534674760767,0.02034887569898558,development,uptrend,low,uptrend_low
2017-01-31,0.017041402965666252,0.019905907426563063,0.023097096890419166,0.025897449395729577,development,uptrend,low,uptrend_low
2017-02-01,0.0010888564142239598,0.00874521386715954,0.00507748699819488,-5.708437204487993e-06,development,uptrend,low,uptrend_low
2017-02-02,0.0006639616295243123,0.0037949448584282397,0.004951259917221229,0.004905423199237369,development,uptrend,low,uptrend_low
2017-02-03,0.0017756186681614494,-0.0018667672413361647,0.0009219344706230537,0.004126140288102764,development,uptrend,low,uptrend_low
2017-02-06,-0.004247293207291891,-0.0031002423523381895,-7.386018267419026e-05,0.008346866049235402,development,uptrend,low,uptrend_low
2017-02-07,-0.0006268127849775595,0.002165353257195024,0.0020228958060637403,0.015191640329659917,development,uptrend,low,uptrend_low
2017-02-08,-0.0019497830656771686,0.001080091661232796,-0.0080551655039508,0.01493375500727634,development,uptrend,low,uptrend_low
2017-02-09,-0.002133347577075284,-0.0022751939694006795,-0.0038978945341043847,0.014428659354337459,development,uptrend,low,uptrend_low
2017-02-10,-0.001672373560243523,-0.010782513376829339,0.00021546868036503852,0.008719063054484444,development,uptrend,low,uptrend_low
2017-02-13,-0.0031293534751070107,-0.004750664833985785,0.006723409796161928,0.006768695348697618,development,uptrend,low,uptrend_low
2017-02-14,-0.006179554365050022,0.004869602748495572,0.014682782245572623,0.019005644828021584,development,uptrend,low,uptrend_low
2017-02-15,0.004462753175420442,0.016043047867318805,0.02150136063908925,0.018394553152534687,development,uptrend,low,uptrend_low
2017-02-16,-0.006979073881029252,0.002718395885899172,0.0062811445074364425,0.0015589910814761687,development,uptrend,low,uptrend_low
2017-02-17,0.006877592344351369,0.012286667120698924,0.008862045614740355,0.01643131737465242,development,uptrend,low,uptrend_low
2017-02-20,0.001923303363045914,0.005483226949357434,-0.0012541563563254199,0.006315596617270769,development,uptrend,low,uptrend_low
2017-02-21,-0.0005261340583457841,-0.003907409152764552,0.0015898826563602864,-0.0008173009322807179,development,uptrend,low,uptrend_low
2017-02-22,-0.0018869623830898297,-0.008574960687375066,-0.0063251293102414285,-0.0032826123601814583,development,uptrend,low,uptrend_low
2017-02-23,-0.005255095650973818,0.00023475847011300566,-0.005160100363067577,-0.0010231101697478762,development,uptrend,low,uptrend_low
2017-02-27,-0.0021744796310572134,8.987629663570473e-05,0.007248045958721638,0.021131684138040674,development,uptrend,low,uptrend_low
2017-02-28,0.004649320812896818,-0.0007693483712516436,0.0047729210430325075,0.02025958022422647,development,uptrend,low,uptrend_low
2017-03-01,-0.009250918471157776,-0.0021596057939402558,-0.0065179544613988005,0.019019642247955604,development,uptrend,low,uptrend_low
2017-03-02,0.0015815618492147632,0.007136870673158047,0.004896718635672981,0.031130726029999334,development,uptrend,low,uptrend_low
2017-03-03,0.005423448761767702,0.001031978970019054,0.0021817137401412,0.023751837812033605,development,uptrend,low,uptrend_low
2017-03-06,-0.003436229497925436,-0.005652864024950577,0.012168973295090701,0.016011806967224596,development,uptrend,low,uptrend_low
2017-03-07,-0.002949533561500184,-0.0018043717555703553,0.014982024472814714,0.00890991746564862,development,uptrend,low,uptrend_low
2017-03-08,0.001402209882775285,0.019350496382298576,0.026832710226316614,0.01927195071933374,development,uptrend,low,uptrend_low
2017-03-09,-0.002138824196394884,0.014641947632290986,0.02304629425531024,0.01723307697618459,development,uptrend,low,uptrend_low
2017-03-10,-0.0005115012594187895,0.00682492199122442,0.0038715983608759164,-0.005109104872796033,development,uptrend,low,uptrend_low
2017-03-14,-0.0002255792464513906,0.00805561866424842,0.003813245746826288,0.0015352070202754309,development,uptrend,low,uptrend_low
2017-03-15,0.002634252535255399,-0.00030677858736805064,-0.010865716765492639,0.001549830876002689,development,uptrend,low,uptrend_low
2017-03-16,-0.005185820827217746,-0.00937246752949239,-0.01319533467030276,-0.003697930603374533,development,uptrend,low,uptrend_low
2017-03-17,-0.004374474070777179,-0.014890448523413924,-0.006430731492644504,0.000741773931637324,development,uptrend,low,uptrend_low
2017-03-20,-0.0013630680095988446,-0.005216843710123764,-0.009716497036030058,0.011375079986293501,development,uptrend,low,uptrend_low
2017-03-21,-0.0018514014986291683,0.006720289523271639,0.005924441619272525,0.024090347356900965,development,uptrend,low,uptrend_low
2017-03-22,0.004149722855366855,-0.00039229779665694853,0.01050419170465533,0.023561286952617833,development,uptrend,low,uptrend_low
2017-03-23,0.0004393673110720808,-0.00035151530233967776,0.007661467486818951,0.01035806290504171,development,uptrend,low,uptrend_low
2017-03-24,-0.005306016854292772,0.005536909346130825,0.008830510198306607,0.009677294988140073,development,uptrend,low,uptrend_low
2017-03-27,0.00212517807493251,0.010158013544018019,0.017216275876782428,0.017122722017287817,development,uptrend,low,uptrend_low
2017-03-28,0.0016540809810747792,0.004934963765228284,0.014947384884275827,0.008188460394217278,development,uptrend,low,uptrend_low
2017-03-29,0.003407169946834099,0.010418262208740758,0.013054338047913117,0.0008969216265459767,development,uptrend,low,uptrend_low
2017-03-30,0.0016213310268338166,0.011600737585131693,0.00430176248044245,-0.0021400588609483684,development,uptrend,low,uptrend_low
2017-03-31,0.0018708110893852492,0.004484587520258154,-0.004245864230206342,-0.012520792968021,development,uptrend,low,uptrend_low
2017-04-03,8.095505034066974e-05,-0.00713490168283204,-0.0029576000032044414,-0.017367598963859643,development,uptrend,low,uptrend_low
2017-04-05,0.0017467813457103798,-0.006959874833367685,-0.004580416001818355,-0.01183233645260584,development,uptrend,low,uptrend_low
2017-04-06,-0.0027538178916427514,0.0014419164116217242,-0.007903594986971463,-0.011307805162672713,development,uptrend,low,uptrend_low
2017-04-07,-0.00478553329126008,-0.002400864442457684,-0.009354384358909562,-0.0008291508830197136,development,uptrend,low,uptrend_low
2017-04-10,0.005710698556583793,-0.0036746493532839875,-0.008644889052915494,0.013288599581136706,development,uptrend,low,uptrend_low
2017-04-11,-0.004225026203678706,-0.011165831248309388,-0.015039220989991886,0.011831172234243903,development,uptrend,low,uptrend_low
2017-04-12,-0.005618059800326036,-0.01057860465906002,-0.007182788304808452,0.015175266571583856,development,uptrend,low,uptrend_low
2017-04-13,-0.0005959917233931966,-0.00451078487656853,-0.0027720396265616953,0.017419809692719834,development,downtrend,low,downtrend_low
2017-04-17,-0.0063133918340063655,-0.002902936742879003,0.005996965547582667,0.016457470772399896,development,downtrend,low,downtrend_low
2017-04-18,-0.0009547853565570197,0.0007901708871809188,0.02133397092861311,0.021921160171914922,development,downtrend,low,downtrend_low
2017-04-19,0.003107210336267041,0.012060758077835576,0.02676189440760046,0.027645808900774504,development,downtrend,low,downtrend_low
2017-04-20,-0.006503820776607161,0.013890251269283338,0.017763265264435057,0.011569783511667486,development,downtrend,low,downtrend_low
2017-04-21,0.00904186369098925,0.023699147734622006,0.018466747582311926,0.01956139643841448,development,downtrend,low,downtrend_low
2017-04-24,0.0036179903477431274,0.007451764779972336,0.004394454991431207,0.004723344057244283,development,uptrend,low,uptrend_low
2017-04-25,0.001676208064856688,-0.003443626952337797,-0.0025974164534491306,0.007615476091729301,development,uptrend,low,uptrend_low
2017-04-26,-0.0018164041916698404,-0.0048455879053859174,8.013547904428542e-05,0.006758092066065924,development,uptrend,low,uptrend_low
2017-04-27,-0.003950389398662879,-0.0031046092093021116,-0.0059576798357116045,0.00641799753333272,development,uptrend,low,uptrend_low
2017-04-28,-0.0027891032272460148,0.002146799155082091,-0.002762336200960114,0.011301122144841802,development,uptrend,low,uptrend_low
2017-05-02,-0.0035046603224818673,-0.006356586020255239,-0.002980361633374895,0.017929928321461563,development,uptrend,low,uptrend_low
2017-05-03,-0.00011214723565411422,-0.005010216873975626,0.004951378696385955,0.01760502953749543,development,uptrend,low,uptrend_low
2017-05-04,-0.00952045718028749,-0.00615498306741602,0.005104307613105208,0.005856322892172194,development,uptrend,low,uptrend_low
2017-05-05,0.00027918415719052625,0.010293735923460279,0.009606473045147279,0.01250612878444235,development,uptrend,low,uptrend_low
2017-05-08,-0.0021954838211709626,0.00910866410791833,0.01157188985850044,0.010806106105708313,development,uptrend,low,uptrend_low
2017-05-09,0.007243249076047453,0.006558061323310493,0.018480307308746058,0.004978773086268484,development,uptrend,low,uptrend_low
2017-05-10,-0.0027728150025538856,-0.00033859184241713525,0.008165272507520749,-0.009318820600688338,development,uptrend,low,uptrend_low
2017-05-11,-0.0037884205221289102,0.008011275849543642,-0.0007630032918940488,0.007746351337506674,development,uptrend,low,uptrend_low
2017-05-12,0.0012562170320669086,0.009773648013888359,-0.0005988640733833872,0.01712502801514093,development,uptrend,low,uptrend_low
2017-05-15,0.0054169749497938735,-0.0033347219836697972,-0.0024046083923475736,0.015209849976218104,development,uptrend,low,uptrend_low
2017-05-16,0.0008563493905513475,-0.009424563170491562,-0.01381117342029392,0.011237097556315856,development,uptrend,low,uptrend_low
2017-05-17,-0.002512376709400188,-0.0015814956843834826,-0.009800955095708441,0.01777702801331027,development,uptrend,low,uptrend_low
2017-05-18,-0.00443510472840658,-0.008843810023905885,0.0042080283562908605,0.01543830586589201,development,uptrend,low,uptrend_low
2017-05-19,-0.004430262915007477,-0.012626269909812526,0.012114618219456252,0.018274834524405925,development,uptrend,low,uptrend_low
2017-05-22,-0.006236008838541918,0.006850169840331599,0.01692427136362662,0.02435665342636173,development,uptrend,low,uptrend_low
2017-05-23,-0.005350241087203389,0.019572964445941476,0.022702335078940372,0.024041270293901684,development,uptrend,low,uptrend_low
2017-05-24,0.013395090385145858,0.023534677514944757,0.025276954007001695,0.029821941673594976,development,downtrend,low,downtrend_low
2017-05-25,0.009187200901895842,0.012284694558386544,0.011395925363519188,0.014672241066498337,development,uptrend,low,uptrend_low
2017-05-26,0.004691459443601387,0.006401660719643099,0.009775074107530202,0.011317953098889388,development,uptrend,low,uptrend_low
2017-05-29,0.0035346314047310923,0.002653544620381254,0.008805369324331735,0.002684906544520693,development,uptrend,low,uptrend_low
2017-05-30,-0.0015876849077309796,0.0017589485506788183,6.232375172365856e-05,-0.0030767665464747074,development,uptrend,low,uptrend_low
2017-05-31,0.0013067881088484334,0.007450349729281935,0.0062841956531576315,0.0015203321932450997,development,uptrend,low,uptrend_low
2017-06-01,-0.0003779987343413005,-0.0020710043015811364,-0.0010251875785853848,-0.008190882686707424,development,uptrend,low,uptrend_low
2017-06-02,0.001946895298173601,0.0007871116360544939,0.0012375542965950004,-0.00706792471033979,development,uptrend,low,uptrend_low
2017-06-05,-0.0069144559728985255,-0.005873715124816492,-0.009052694373599235,-0.004812344623489673,development,uptrend,low,uptrend_low
2017-06-06,-5.153657303025305e-06,0.0004449324138264821,-0.005903362862442307,-0.0010813585646963775,development,uptrend,low,uptrend_low
2017-06-07,-0.0036303384705134167,-0.006816491503894517,-0.006635751198866946,-0.005040153193546004,development,uptrend,low,uptrend_low
2017-06-08,0.003081396674223358,-0.0032836282121100346,-0.006276877873326647,-0.0008870426423840394,development,uptrend,low,uptrend_low
2017-06-09,-0.003140950177162427,-0.0029595409942742013,-0.006079839679634658,-0.0074377764984201455,development,uptrend,low,uptrend_low
2017-06-12,-0.0008995236089655023,-0.0038999330003698374,0.004367924960414049,-0.01083135298324056,development,uptrend,low,uptrend_low
2017-06-13,-0.0003533125256851566,-0.0034817675613630916,0.0033206911527843275,-0.013542496513817337,development,uptrend,low,uptrend_low
2017-06-14,-0.004143376861788228,0.004122460459368815,0.0016322916761857265,-0.011832185469598633,development,uptrend,low,uptrend_low
2017-06-15,-0.0007712395431550556,0.0060497218479502735,0.0036006444704781426,-0.007769286815111465,development,uptrend,low,uptrend_low
2017-06-16,0.003235831961948765,0.0007478619689464949,-0.005344697210247662,-0.0011842838612969864,development,uptrend,low,uptrend_low
2017-06-19,-0.001757923582027865,-0.004187994416007479,-0.01645205618892509,-0.005914916013908256,development,uptrend,low,uptrend_low
2017-06-20,-0.0015028866395523366,-0.007581743247283779,-0.016257047058530594,-0.0010882972217448605,development,uptrend,low,uptrend_low
2017-06-21,-0.0013119204899618708,-0.013611402952823703,-0.014368537242074542,0.0033081583143896864,development,uptrend,low,uptrend_low
2017-06-22,-0.007082654155756596,-0.015762320794338036,-0.012687590737044063,0.0023384029956186048,development,uptrend,low,uptrend_low
2017-06-23,-0.008614653430516817,-0.00937562313555551,0.0021836654738089933,0.01844893487143673,development,downtrend,low,downtrend_low
2017-06-27,-0.003040922955249825,7.354838114070894e-05,0.009779165087393737,0.027924791907831592,development,downtrend,low,downtrend_low
2017-06-28,-0.0019794901318268554,0.009666101659631776,0.012039274774211739,0.03078346605307214,development,downtrend,low,downtrend_low
2017-06-29,0.00447332284907942,0.014221638939441839,0.02068363187081279,0.043593416185314204,development,downtrend,low,downtrend_low
2017-06-30,0.002821229161236616,0.00517831372202715,0.008119525841202346,0.031122336681346674,development,downtrend,low,downtrend_low
2017-07-03,-0.003379734873603435,0.0029701129912500512,0.012974363096692754,0.027996329399167852,development,uptrend,low,uptrend_low
2017-07-04,0.001855516970295401,0.004787006386600456,0.01728733123911752,0.021559852451986883,development,uptrend,low,uptrend_low
2017-07-05,0.002170195176952827,0.012166466402691922,0.016833099214327296,0.02548272250291994,development,uptrend,low,uptrend_low
2017-07-06,-0.0004704901964546204,0.011964427346073725,0.02288961566838399,0.02098685192474825,development,uptrend,low,uptrend_low
2017-07-07,0.0053244576296578305,0.009959545094062605,0.01718743202127926,0.020160937438929105,development,uptrend,low,uptrend_low
2017-07-10,-0.001163607918155507,0.009619849871254527,0.01209498365775774,0.017244302542444467,development,uptrend,low,uptrend_low
2017-07-11,0.0008972708964494203,0.008060302658405183,0.002024062314074593,0.016033975011637835,development,uptrend,low,uptrend_low
2017-07-12,0.0036425649197870946,0.006103045091925718,0.0044440639578198216,0.016726251466582687,development,uptrend,low,uptrend_low
2017-07-13,-0.0027185897575453533,-0.008690286358712163,-0.004034983384754054,0.010818799200371876,development,uptrend,low,uptrend_low
2017-07-14,0.0007872109707660613,-0.0008630047902876692,0.0007165423510040458,0.010733548158052386,development,uptrend,low,uptrend_low
2017-07-17,-0.0005644232588466469,0.004129039690883074,0.013597505533244902,0.024855778088201275,development,uptrend,low,uptrend_low
2017-07-18,0.004428737280273598,0.006016650197329776,0.011018684877958318,0.0262481232337739,development,uptrend,low,uptrend_low
2017-07-19,-0.004727766547207524,0.004657183766747952,0.010125823404245837,0.016259732819073225,development,uptrend,low,uptrend_low
2017-07-20,0.0015809114754681275,0.006560891134525404,0.012217685571642711,0.011520746873640464,development,uptrend,low,uptrend_low
2017-07-21,0.002978885206436077,0.008438389379440414,0.00781943853551792,0.013042487368656097,development,uptrend,low,uptrend_low
2017-07-24,-0.004595152204173614,0.0009989461313419934,0.0066479669934149666,0.0046801211573377355,development,uptrend,low,uptrend_low
2017-07-25,0.0037060592621256383,0.0030900129880317984,0.01312145306320156,-0.0005108938852956824,development,uptrend,low,uptrend_low
2017-07-26,-0.0042431814088390585,0.0013762561175565402,0.0018135294263781354,-0.01542247239336203,development,uptrend,low,uptrend_low
2017-07-27,0.0017956390617974716,0.011814134700966594,0.0017106488009974719,-0.017636065255717592,development,uptrend,low,uptrend_low
2017-07-28,0.004225279603500942,0.004663797002063097,0.003159057539886323,-0.03227803365528581,development,uptrend,low,uptrend_low
2017-07-31,0.0013464527153592698,-0.008652507982085278,-0.004321275006707093,-0.030382922567125603,development,uptrend,low,uptrend_low
2017-08-01,-0.005406292803430857,-0.00689594974589991,-0.0155628782731001,-0.023578623817882227,development,uptrend,low,uptrend_low
2017-08-02,-0.006695664421668801,-0.0023558819261426667,-0.0171707175500998,-0.01755752003904254,development,uptrend,low,uptrend_low
2017-08-03,0.005775111754481532,-0.0030023985233011974,-0.018818777523937902,-0.017105212060800068,development,uptrend,low,uptrend_low
2017-08-04,-0.0017270233056546624,-0.016551197366960757,-0.036129750174355046,-0.031807103021878835,development,uptrend,low,uptrend_low
2017-08-07,-0.00891901932009631,-0.024641536994701285,-0.027233780052163037,-0.030074422962582892,development,uptrend,low,uptrend_low
2017-08-08,-0.0053307684208318,-0.02513269814429453,-0.0064099610420090825,-0.010907413939584387,development,uptrend,low,uptrend_low
2017-08-09,-0.005327702887832131,-0.007971276973090857,0.0031703897545727333,-0.0016003287108209419,development,downtrend,low,downtrend_low
2017-08-10,-0.00013906147281284031,0.019063688947941193,0.01289621710562705,0.020659627990952778,development,downtrend,low,downtrend_low
2017-08-11,0.003936180265484479,0.015211581951669606,-0.00014354515285852631,0.004130877142966893,development,downtrend,medium,downtrend_medium
2017-08-14,0.007271655699302437,0.0011755503808015266,-0.00613685402125097,0.005958851761188821,development,downtrend,medium,downtrend_medium
2017-08-16,-0.004162606882023523,-0.019224698389463057,-0.009355923655788634,-0.002780078990652468,development,downtrend,medium,downtrend_medium
2017-08-17,-0.0028937714180905516,-0.010176454232730836,-0.0009021321260296311,0.010992372064074107,development,downtrend,medium,downtrend_medium
2017-08-18,-0.011141281965177274,-0.0011911701345769243,0.00492179381985447,0.0049268428289024335,development,downtrend,medium,downtrend_medium
2017-08-21,-0.005114249579757035,0.00420750372488099,-0.002006998478211064,0.01390114818658783,development,downtrend,medium,downtrend_medium
2017-08-22,0.005044368466724958,0.011195495502585473,0.008298497667389215,0.01154236619004978,development,downtrend,medium,downtrend_medium
2017-08-23,-0.0024440746212648357,-0.008617413769776094,0.003714143483289689,0.004928570856767234,development,downtrend,medium,downtrend_medium
2017-08-24,0.000570236025471571,-0.0022963212531352806,0.006788026561465932,0.0027908543801520302,development,downtrend,medium,downtrend_medium
2017-08-28,-0.009138875866607332,0.003186195051322338,0.0026753133299235454,0.012102424475541218,development,downtrend,medium,downtrend_medium
2017-08-29,0.002525522655814294,0.011653774595567823,0.009402119307520662,0.023687793974085825,development,downtrend,high,downtrend_high
2017-08-30,0.001231633814061217,0.0007217474708030025,0.001059995739116859,0.0175252234523664,development,downtrend,high,downtrend_high
2017-08-31,0.0036980572424514246,0.0014641091319962385,-0.0007798624116733821,0.014988373800160604,development,uptrend,high,uptrend_high
2017-09-01,-0.007141396960221091,-0.006805806468651032,-0.004942892885892336,0.010141073204894102,development,uptrend,high,uptrend_high
2017-09-04,0.001907753787783406,-0.00033721182644153025,0.007328900882138223,0.02213269668789164,development,uptrend,high,uptrend_high
2017-09-05,0.0017122706581307323,0.0035911614200569986,0.0195772209700229,0.025082688555951194,development,uptrend,high,uptrend_high
2017-09-06,-0.0016036054612132977,0.006052795656165566,0.013417676775115295,0.019636410052481512,development,uptrend,high,uptrend_high
2017-09-07,-0.002394961666688622,0.013495745787905467,0.012848048051817385,0.016392783519510123,development,uptrend,high,uptrend_high
2017-09-08,0.003439697614511017,0.010785449363201138,0.011397236254920173,-0.0007370430842128517,development,uptrend,medium,uptrend_medium
2017-09-11,0.003599556194889608,0.0029581828460740756,0.009570591560827957,-0.01832084670215628,development,uptrend,medium,uptrend_medium
2017-09-12,-0.0019754135517489058,-0.0013713502859122872,0.004782514017130035,-0.022551179543035427,development,uptrend,medium,uptrend_medium
2017-09-13,-0.002057975388933153,0.0045213622676298915,0.0033391375324662853,-0.036770126467901676,development,uptrend,medium,uptrend_medium
2017-09-14,0.0022907951069921495,0.008467226703504638,0.0059181785131494635,-0.029158141532782955,development,uptrend,medium,uptrend_medium
2017-09-15,0.0019737297343347393,0.0007945033168874627,-0.016648333210296462,-0.03399749467391733,development,uptrend,medium,uptrend_medium
2017-09-18,-0.00275657511736771,-0.005277253509515578,-0.029777115023358336,-0.031064470056759164,development,uptrend,medium,uptrend_medium
2017-09-19,-0.0019486174331052597,-0.019343644138534732,-0.028486528301854164,-0.024215235775981725,development,uptrend,low,uptrend_low
2017-09-20,-0.001745554009217054,-0.026332400714633164,-0.039828950346481484,-0.024744509026818018,development,uptrend,low,uptrend_low
2017-09-21,-0.012873461270779818,-0.02207666843320255,-0.03223579791215958,-0.011357781184438198,development,uptrend,low,uptrend_low
2017-09-22,-0.008785052703452867,-0.022524835912667962,-0.017218703298767735,0.0028765164756014983,development,downtrend,medium,downtrend_medium
2017-09-25,-0.00037973722184247993,-0.010764264670514723,-0.0015948963317384823,0.014349023600668254,development,downtrend,medium,downtrend_medium
2017-09-26,-0.018632906946503214,-0.013305647359788564,-0.0005744832948014755,0.006471402721649033,development,downtrend,medium,downtrend_medium
2017-09-27,0.0033431045747502885,0.01264323614849805,0.015642311180438684,0.036974650338603254,development,downtrend,medium,downtrend_medium
2017-09-28,-0.0026186478734046004,0.010250408886984586,0.01685299959412312,0.03598324869353675,development,downtrend,medium,downtrend_medium
2017-09-29,-0.0034164338850305453,-0.0004649216607002238,0.009647963490126532,0.03411903119802018,development,downtrend,medium,downtrend_medium
2017-10-03,0.003090823620911065,0.009646622155803142,0.013415205974880884,0.03541968867687961,development,downtrend,medium,downtrend_medium
2017-10-04,-0.0038581449267149903,0.006220408985594839,0.005822484606376577,0.02859369491034558,development,downtrend,medium,downtrend_medium
2017-10-05,0.007221307899726748,0.01098083904645275,0.0189995097549307,0.024060940202126124,development,downtrend,medium,downtrend_medium
2017-10-06,5.504542127199308e-05,-0.00034044077596639966,0.017946176137330738,0.019688173065933068,development,uptrend,medium,uptrend_medium
2017-10-09,0.00032455535282771564,0.008258704944173578,0.02168523221457641,0.01937345798417378,development,uptrend,medium,uptrend_medium
2017-10-10,-0.0057554624236479945,0.01243209834044845,0.01910367767309995,0.025167786213845744,development,uptrend,medium,uptrend_medium
2017-10-11,0.00851048761889639,0.021940367765829416,0.019942605298811422,0.03322275080771342,development,uptrend,medium,uptrend_medium
2017-10-12,0.004321542435665737,0.010939675994285247,0.002257041292627271,0.019691378204512944,development,uptrend,medium,uptrend_medium
2017-10-13,0.002297276275312621,0.00033791353508272337,-0.0022092580272163875,0.015307521408047142,development,uptrend,high,uptrend_high
2017-10-16,0.0006648452408710703,-0.00792954225457676,-0.001950613733412987,0.010525331816306105,development,uptrend,high,uptrend_high
2017-10-17,0.0001419494480137118,-0.0024047231287495086,0.008418635322493984,0.0226359629883075,development,uptrend,high,uptrend_high
2017-10-18,-0.00624854261884622,-0.0002594831875362136,0.01307009068425713,0.02090527782873508,development,uptrend,high,uptrend_high
2017-10-19,0.0008056893413135313,0.011663878996899468,0.01438581541499806,0.027106130090616132,development,uptrend,high,uptrend_high
2017-10-23,-0.0010617562748506115,0.012257120862937398,0.01419972390514146,0.022826135259721658,development,uptrend,high,uptrend_high
2017-10-24,-0.0024997970452437235,0.00018403123591981263,0.0013709144355993352,0.0028097643094457947,development,uptrend,medium,uptrend_medium
2017-10-25,0.005052566216485976,0.006981343137356211,0.014448415061938169,0.0011028766739449303,development,uptrend,medium,uptrend_medium
2017-10-26,-0.003787769196008428,-0.0026055991921587474,0.005934975937694764,-0.005148433299610455,development,uptrend,medium,uptrend_medium
2017-10-27,0.00094658331149855,0.008368905662541337,0.009527894874547638,-0.003100258414603152,development,uptrend,low,uptrend_low
2017-10-30,-0.00285584856794896,0.005682583704882838,0.008384008604761961,-0.013502319370004234,development,uptrend,low,uptrend_low
2017-10-31,0.0048266316832832334,0.005981549510992723,-0.0038688995328635123,-0.019609542282981507,development,uptrend,low,uptrend_low
2017-11-01,-0.0015995589591015769,0.001082304936305789,-0.013155462801111018,-0.03088455488841535,development,uptrend,low,uptrend_low
2017-11-02,-0.000865053921881187,-0.010648461857208358,-0.014586711550770848,-0.023591132221816413,development,uptrend,low,uptrend_low
2017-11-03,0.0019219981966112076,-0.012327711973063038,-0.010544731229180093,-0.014201873187624336,development,uptrend,low,uptrend_low
2017-11-06,-0.012121616590866191,-0.01605400218966091,-0.024071449383619603,-0.017027567990685055,development,uptrend,low,uptrend_low
2017-11-07,-0.005674588622718857,-0.0038795974266201405,-0.01692254668593407,-0.003382549040175431,development,uptrend,medium,uptrend_medium
2017-11-08,-0.004797941183291687,-0.012907105681788877,-0.023227020592880843,-0.0015784475120714792,development,uptrend,medium,uptrend_medium
2017-11-09,0.0016886452114521777,-0.011427213212260368,-0.008695319236206922,0.004308897922543631,development,uptrend,medium,uptrend_medium
2017-11-10,-0.009402228704466165,-0.01975878660264485,-0.003720247105696517,0.006558825354824549,development,uptrend,low,uptrend_low
2017-11-13,-0.0035996615454625402,-0.0008461363435332547,0.00737030796955751,0.01723002204081059,development,downtrend,medium,downtrend_medium
2017-11-14,-0.005298923961487567,0.010976205341032053,0.015233086314550004,0.019494767559802062,development,downtrend,low,downtrend_low
2017-11-15,0.0060918168203552,0.01436531471437208,0.018654710159216048,0.02052609658762461,development,downtrend,medium,downtrend_medium
2017-11-16,-0.0039662935515026865,0.00022766958191566822,0.002343946784150619,-0.009491939295552254,development,downtrend,medium,downtrend_medium
2017-11-17,0.001122735483728876,0.005356132701695326,0.009963838367479827,-0.0160782708107855,development,downtrend,medium,downtrend_medium
2017-11-20,-0.00022747144032719824,0.0018878427765811612,0.006805896332018335,-0.019507708691337666,development,downtrend,medium,downtrend_medium
2017-11-21,-0.0008211925803212061,0.0037582014297468103,0.0018791007148735162,-0.022466844019356502,development,uptrend,medium,uptrend_medium
2017-11-22,-0.00093645237748885,0.003967737315916153,0.0002750999735741111,-0.03034726045019287,development,uptrend,medium,uptrend_medium
2017-11-23,0.0022090125261844396,0.0003328119938170726,-0.013528765158229872,-0.019301965229860274,development,uptrend,medium,uptrend_medium
2017-11-24,0.0037158396808962824,2.412882909674785e-05,-0.023091289445569485,-0.009207504631368546,development,uptrend,medium,uptrend_medium
2017-11-27,-0.0016991297530085658,-0.015532550358599684,-0.025043596958225,-0.006319890271979212,development,uptrend,medium,uptrend_medium
2017-11-28,-0.0014793392240880499,-0.024560005044378275,-0.024902100475357347,-0.013154533964382598,development,uptrend,medium,uptrend_medium
2017-11-29,-0.010273247904081795,-0.01983510519403986,-0.02793080032152928,-0.013525022245724161,development,uptrend,low,uptrend_low
2017-11-30,-0.013825461375986725,-0.014171321506344037,-0.009450782676241887,-0.0011302537795090384,development,downtrend,medium,downtrend_medium
2017-12-01,-0.004648606699272362,-0.012869735070208055,0.008904190905852927,0.015547854639455405,development,downtrend,medium,downtrend_medium
2017-12-04,0.0,0.0047883967398019145,0.0201615892076199,0.026733871964025324,development,downtrend,medium,downtrend_medium
2017-12-05,-0.004430675221816838,0.01752939788292074,0.015001842525131481,0.037110498560100735,development,downtrend,medium,downtrend_medium
2017-12-06,0.010259900729482796,0.025716806827150274,0.012868350067486878,0.037834936588382995,development,downtrend,medium,downtrend_medium
2017-12-07,0.006589255624681822,0.0040888757128672015,0.005260545772646896,0.023714349214173813,development,downtrend,high,downtrend_high
2017-12-08,0.0011396149556277546,-0.011400980038552944,0.002206488531109052,0.017700402502303536,development,uptrend,high,uptrend_high
2017-12-11,-0.00820831163436242,-0.0070509911471982045,0.0061840411974314335,0.020009840439970894,development,uptrend,high,uptrend_high
2017-12-12,-0.004264054053899402,0.009441649992492085,0.022136314262987566,0.024827618576801713,development,downtrend,high,downtrend_high
2017-12-13,0.0022288724666230664,0.015587596253600289,0.021008318724466735,0.024302795957117374,development,downtrend,high,downtrend_high
2017-12-14,-0.0011986090924005488,0.01136224405901265,0.009148715691018161,0.017886725116401436,development,downtrend,high,downtrend_high
2017-12-15,0.012242928102366157,0.017645798329003037,0.022400678096799798,0.017450925427431097,development,uptrend,high,uptrend_high
2017-12-18,0.004647270377988066,0.002448438806142317,0.011205226936765067,0.002726926216307879,development,uptrend,high,uptrend_high
2017-12-19,-0.004783522015926245,-0.0001334416996564558,-0.00034784175266089346,0.0009909488560957413,development,uptrend,high,uptrend_high
2017-12-20,-0.003212769776207214,0.005494565432749177,0.00037714474852745816,0.008105768356669873,development,uptrend,high,uptrend_high
2017-12-21,0.003413901865613189,0.0031987411604577076,0.007019057691364905,0.015902748108355347,development,uptrend,high,uptrend_high
2017-12-22,0.0018264505074274684,-0.00327230146605606,-0.006668341911609255,0.011862313445141215,development,uptrend,high,uptrend_high
2017-12-26,-0.003826760430813092,-3.3197960458308806e-05,-0.008341961248336083,0.00960496745347994,development,uptrend,high,uptrend_high
2017-12-27,-0.0019336461783767689,-0.005334247676568871,0.0006286419816938782,0.014573926687768468,development,uptrend,high,uptrend_high
2017-12-28,0.0036550998932816103,-0.004684309605789805,0.006337951219294258,0.018003630993787656,development,uptrend,high,uptrend_high
2017-12-29,-0.0033738431249628054,0.0026007988993579367,0.013939309037897418,0.02519673062130323,development,uptrend,medium,uptrend_medium
2018-01-02,-0.0037633798555164466,0.007269079470412221,0.014724292390122962,0.020777169567944842,development,uptrend,medium,uptrend_medium
2018-01-03,0.003381226502159551,0.01472856257251176,0.015550060042911484,0.030484020302470105,development,uptrend,medium,uptrend_medium
2018-01-04,0.002335202731566177,0.009753897999382977,0.011101900497187733,0.026841018582243636,development,uptrend,medium,uptrend_medium
2018-01-05,0.0030117368764475128,0.0038237487139149984,0.008454714827288212,0.028607305192994037,development,uptrend,medium,uptrend_medium
2018-01-08,-0.000760876804559607,0.0005730886662749235,0.009060525392130536,0.030164169215918912,development,uptrend,medium,uptrend_medium
2018-01-09,-0.001863454427922906,0.002741274763815804,0.004543763079637664,0.04052275369901581,development,uptrend,low,uptrend_low
2018-01-10,0.0013302927865173064,0.00982415255345992,0.014242670926786216,0.04220626992971854,development,uptrend,low,uptrend_low
2018-01-11,-0.00012167550924313542,0.0016756664796586662,0.012585964752863,0.03623672185152271,development,uptrend,low,uptrend_low
2018-01-12,0.0021504692529272784,0.006535411175770944,0.0164388856008304,0.03842892108270757,development,uptrend,low,uptrend_low
2018-01-15,-0.005672982826511186,0.005157273614273095,0.019021530020211008,0.02677604336059103,development,uptrend,low,uptrend_low
2018-01-16,0.008044850272950654,0.0179631763279966,0.035622683875415895,0.030390237194699132,development,uptrend,low,uptrend_low
2018-01-17,-0.00518700577545439,0.008534570727986024,0.019552265320635254,0.013197343502932668,development,uptrend,low,uptrend_low
2018-01-18,0.006048461457786258,0.0235012739084981,0.02220387387579925,-0.0063347786263286965,development,uptrend,low,uptrend_low
2018-01-19,0.007626433265074839,0.018634206947222065,0.022713925212822117,-0.019906864409083735,development,uptrend,low,uptrend_low
2018-01-22,0.007847291325417949,0.006569734431201679,0.004751122823948739,-0.045388034707776304,development,uptrend,low,uptrend_low
2018-01-23,0.0015041887023694578,0.00551529976054721,-0.003762589088994517,-0.05353967802774662,development,uptrend,low,uptrend_low
2018-01-24,-0.0023386945873636877,-0.004141210963594655,-0.007092831529672772,-0.04675276850848986,development,uptrend,low,uptrend_low
2018-01-25,0.004607741704152346,-0.004661773107944467,-0.02876973931125737,-0.056357045862525434,development,uptrend,low,uptrend_low
2018-01-29,-0.006402318280608554,-0.009347237162740663,-0.040851177800706906,-0.05225316678009262,development,uptrend,low,uptrend_low
2018-01-30,0.000807745923581793,-0.023432696835335887,-0.04724196953519866,-0.04700143602229534,development,uptrend,low,uptrend_low
2018-01-31,-0.0025034441920633865,-0.0342250256175739,-0.05141446409467909,-0.04518516494675906,development,uptrend,low,uptrend_low
2018-02-01,-0.016236728416582635,-0.040221442966552945,-0.03303565298542943,-0.04442233474874868,development,uptrend,low,uptrend_low
2018-02-02,0.005870260285595119,-0.012032817981871502,-0.014083872780452866,-0.02130262423952256,development,downtrend,high,downtrend_high
2018-02-05,0.019727697184486637,0.027362321875989526,0.023758721348814626,0.0063379355836723494,development,downtrend,high,downtrend_high
2018-02-06,-0.012302963797899302,-0.014353457764215816,-0.01002147623596994,-0.019774303882064137,development,downtrend,high,downtrend_high
2018-02-07,0.005547331784474974,0.0020202500356514275,0.0025669059276511863,-0.01291056754171227,development,downtrend,high,downtrend_high
2018-02-08,0.0036912778104449817,0.008102567141074157,0.003436836239379737,0.0071568957603320715,development,downtrend,high,downtrend_high
2018-02-09,0.0020488110406098325,0.00259548251417252,-0.013291228736053373,0.006122664796891719,development,downtrend,high,downtrend_high
2018-02-12,-0.008015455624306278,-0.012606588603783386,-0.021288015433483687,-0.0029709935821741196,development,downtrend,high,downtrend_high
2018-02-14,0.0007211692171393835,-0.015135842443709024,-0.0133281004855057,-0.004275119291322849,development,downtrend,high,downtrend_high
2018-02-15,-0.01358037673624346,-0.022253241760363474,-0.020148732193116525,-0.013009435778542744,development,downtrend,high,downtrend_high
2018-02-16,-0.010534946074877927,-0.00871875906021935,0.0002049227261631259,-0.012398895633162765,development,downtrend,high,downtrend_high
2018-02-19,-0.00294481853286499,-0.0007987493684438185,0.01843899618660383,-0.01364161293427002,development,downtrend,high,downtrend_high
2018-02-20,-0.002738327708373345,0.006239190934922201,0.012305755293257281,-0.026069423046949924,development,downtrend,high,downtrend_high
2018-02-21,0.002738036381525255,0.022043876111092375,0.013376021210892874,-0.010787661510759272,development,downtrend,high,downtrend_high
2018-02-22,0.007969773390502866,0.014046771341505115,0.0048279707041560815,-0.017414322191607434,development,downtrend,high,downtrend_high
2018-02-23,0.005324613071468143,-0.003201447381885103,-0.015931164381877805,-0.009988972266646856,development,downtrend,high,downtrend_high
2018-02-26,-0.005737092989719805,-0.014776036537376136,-0.034474168040099507,-0.0177434793948279,development,downtrend,high,downtrend_high
2018-02-27,0.00037176399829252915,-0.012403585059984512,-0.03191453803924049,-0.007441145513531033,development,downtrend,high,downtrend_high
2018-02-28,-0.0020611344076006954,-0.02201348203121123,-0.022643218742932625,-0.011431333398996935,development,downtrend,high,downtrend_high
2018-03-01,-0.00665978123119193,-0.026284208788453944,-0.019317645166084363,-0.022357375452295658,development,downtrend,high,downtrend_high
2018-03-05,-0.016433952305551558,-0.017067281740319573,8.640570270146419e-05,-0.031308478479919355,development,downtrend,high,downtrend_high
2018-03-06,-0.007695727868984759,-0.0005961707836997787,0.018948534915309345,-0.01061283245444189,development,downtrend,high,downtrend_high
2018-03-07,0.002584156674415805,0.020080791936865294,0.019053017557812302,-0.005970879725926803,development,downtrend,high,downtrend_high
2018-03-08,-0.004327611515361873,0.015144120768095126,0.00865037411301639,-0.015241479429512483,development,downtrend,high,downtrend_high
2018-03-09,0.01162933775265107,0.010610078569791348,-0.010333270830398589,-0.029466278655525868,development,downtrend,high,downtrend_high
2018-03-12,0.003594938098561151,-0.0028249299172241615,-0.028418114442466003,-0.024914539619327214,development,uptrend,high,uptrend_high
2018-03-13,0.0017175503122719427,-0.019041515029904255,-0.02585383504958383,-0.020099914653375572,development,uptrend,high,uptrend_high
2018-03-14,-0.0043534689837742,-0.029907422501785796,-0.024045110073681486,-0.02803819099835092,development,uptrend,high,uptrend_high
2018-03-15,-0.014499547549925773,-0.02134340951196756,-0.022271342795924354,-0.012890154410741594,development,downtrend,high,downtrend_high
2018-03-16,-0.011854671059310817,-0.005883265054369202,-0.02127189112432104,0.002902533125032525,development,downtrend,high,downtrend_high
2018-03-19,0.007242644776385587,0.006287607039764831,0.007869491518672334,0.007645645440831572,development,downtrend,high,downtrend_high
2018-03-20,-0.0026223066112415205,-0.018061411330578148,0.0002160878093386831,0.014064122546820768,development,downtrend,high,downtrend_high
2018-03-21,-0.005188099336119967,-0.003624254671748206,-0.0052913503503810855,0.016139622264568443,development,downtrend,high,downtrend_high
2018-03-22,0.002934154619721241,0.021602458686775794,0.024376053763838,0.04118347371109343,development,downtrend,high,downtrend_high
2018-03-23,0.014165368871891237,0.012468508313218774,0.025612749770502985,0.04135482931188039,development,downtrend,high,downtrend_high
2018-03-26,-0.000377857221731448,0.0023360624938653096,-0.005849981289261841,0.022492185966332956,development,downtrend,high,downtrend_high
2018-03-27,-0.0029476137874040464,0.00999648985861823,0.01789806264456706,0.03105907107757111,development,downtrend,high,downtrend_high
2018-03-28,0.0059250872270038,-0.0022902679963714423,0.01772610480323311,0.03240352121008638,development,downtrend,high,downtrend_high
2018-04-02,0.005708378238104439,0.013576403554904859,0.018896911938588,0.03352361260793679,development,downtrend,high,downtrend_high
2018-04-03,-0.014229188903536527,0.005547661433735085,0.012423879808272531,0.02667749560648547,development,uptrend,high,uptrend_high
2018-04-04,0.009454041762535725,0.014752910869298086,0.018448561777127948,0.029109981895053094,development,downtrend,high,downtrend_high
2018-04-05,0.0008572918432587784,0.007701436148313201,0.013165134351311503,0.02349662683756759,development,uptrend,high,uptrend_high
2018-04-06,0.004417528397350656,0.00807553864881383,0.014215567636569837,0.022291106285383666,development,uptrend,high,uptrend_high
2018-04-09,-0.0010228073087675815,0.004393588556862671,0.011087133691775497,0.01649874657805972,development,uptrend,high,uptrend_high
2018-04-10,-0.0010548371080156826,0.00502958020217581,0.011560037031674852,0.017855440492821728,development,uptrend,high,uptrend_high
2018-04-11,0.004610662946017863,0.01130565472220546,0.011099191726921864,0.015359214656414988,development,uptrend,high,uptrend_high
2018-04-12,-0.0014006455828859954,0.005088029081470324,0.006669652254120084,0.011671891444710036,development,uptrend,high,uptrend_high
2018-04-13,0.012506833533389106,0.012300125311576648,0.01594010589358863,0.02827385298772267,development,uptrend,high,uptrend_high
2018-04-16,-0.0008145652329757391,0.0007577695194795897,0.0025953976046824145,0.017243974127425066,development,uptrend,high,uptrend_high
2018-04-17,-0.004981632624048826,-0.0014037929642158886,0.0033509360558319212,0.01315348561045293,development,uptrend,high,uptrend_high
2018-04-18,0.00015614053868762134,0.00199266389071151,0.0006531278305672572,0.010981052544388303,development,uptrend,high,uptrend_high
2018-04-19,0.00035038568317991015,0.005113467072345834,0.0054401792968576945,0.0054828100173500705,development,uptrend,high,uptrend_high
2018-04-20,-0.0007646334797544174,-0.0021004833859084027,0.009393172894287094,0.011583358278724587,development,uptrend,high,uptrend_high
2018-04-23,0.003426891534267007,0.0037530555372455865,0.015243758893808357,0.013206549424878533,development,uptrend,high,uptrend_high
2018-04-24,-0.003943555123916198,0.007528872933693975,0.009955279689205065,0.012183841537087403,development,uptrend,medium,uptrend_medium
2018-04-25,0.002956577215085243,0.01443816269541398,0.00879897894724424,0.012284494846030336,development,uptrend,medium,uptrend_medium
2018-04-26,0.0038162550000961915,0.006233720750067118,-0.003135700985304357,0.014537616584871182,development,uptrend,medium,uptrend_medium
2018-04-27,0.003138463851201534,-0.002437905739906099,0.0009107255446838547,0.00942013491581628,development,uptrend,medium,uptrend_medium
2018-04-30,-0.0061016990287305894,-0.01535626101749743,-0.006124881844613239,0.0016691627435485579,development,uptrend,medium,uptrend_medium
2018-05-02,-0.003777932074107704,-0.00043379900985973663,0.00201021477332497,0.0019541907516820167,development,uptrend,medium,uptrend_medium
2018-05-03,-0.007681938031776414,0.0016213906011730561,0.0015045730862850437,-0.0016588087114106642,development,uptrend,low,uptrend_low
2018-05-04,0.005852692122873648,0.008312076844932736,0.01439476621957314,-0.005327062692172424,development,uptrend,low,uptrend_low
2018-05-07,-0.003727547614443938,-0.0038437412911477287,0.004526833023332344,-0.022420750012027812,development,uptrend,low,uptrend_low
2018-05-08,0.004521556640691093,0.010581379526374057,0.010146493284468816,-0.01464923712259103,development,uptrend,low,uptrend_low
2018-05-09,-0.005853676478448477,0.0025000086063493576,-0.003576255245116955,-0.0324037207694402,development,uptrend,low,uptrend_low
2018-05-10,0.006009132747205159,0.00557621409272957,-0.005515758211749544,-0.021234559999825486,development,uptrend,low,uptrend_low
2018-05-11,-0.0007906298979820647,-0.006846948824141164,-0.02022625595568428,-0.019417205717456865,development,uptrend,low,uptrend_low
2018-05-14,-0.000994210494086878,-0.012013707966201936,-0.027366167688845366,-0.01146340595489459,development,uptrend,low,uptrend_low
2018-05-15,-0.001009173753634962,-0.01446712474126921,-0.02001962398354873,-0.011035243697159913,development,uptrend,low,uptrend_low
2018-05-16,-0.008621275606944034,-0.024026450819242817,-0.03203998037377198,-0.014964364475802294,development,uptrend,low,uptrend_low
2018-05-17,-0.007069928973110651,-0.01266410406906171,-0.014805306088758963,0.0060252705579277865,development,downtrend,low,downtrend_low
2018-05-18,-0.009419122529630508,-0.01755259002413745,-0.0010878902554486425,0.0074882024110562995,development,downtrend,low,downtrend_low
2018-05-21,0.0017350464812899702,-0.00043738249001268326,0.016181109588592202,0.010462549391215825,development,downtrend,low,downtrend_low
2018-05-22,-0.008625524267362294,0.007988782957164098,0.01066430311262545,0.0068482177647855025,development,downtrend,low,downtrend_low
2018-05-23,0.004682341536576207,0.02138595293806289,0.014285919586084495,0.021003720975893536,development,downtrend,medium,downtrend_medium
2018-05-24,0.0068451765893495775,0.009517661252810727,0.01928222022145132,0.02233919036277454,development,downtrend,medium,downtrend_medium
2018-05-25,0.0037846974158810553,-0.003192983067541788,0.0044937091373644655,0.011203687484581115,development,downtrend,medium,downtrend_medium
2018-05-28,-0.005248244418527226,0.004373491336427282,-0.005697269107667768,0.009125844399378469,development,uptrend,medium,uptrend_medium
2018-05-29,0.003341488739483811,0.011078570310284475,0.0013375924591170207,0.02494088376736925,development,downtrend,medium,downtrend_medium
2018-05-30,0.006190268476216065,-0.0038987086248426506,0.0013636968522032777,0.017488176565244817,development,downtrend,medium,downtrend_medium
2018-05-31,-0.003934459743403451,-0.013530798396860444,0.0027843323308935908,0.006481345828225793,development,uptrend,medium,uptrend_medium
2018-06-01,-0.012767121602730969,-0.0075515679724115214,0.0001579233863853169,0.004806821419490959,development,uptrend,medium,uptrend_medium
2018-06-04,-0.003532204276069928,0.012948292354552082,0.014697997039639699,0.015911408557743423,development,downtrend,medium,downtrend_medium
2018-06-05,0.0076579032123333945,0.01548554407178604,0.022577501629453822,0.010091055083872869,development,downtrend,medium,downtrend_medium
2018-06-06,0.004266689204733609,0.00600139782159137,0.01250635021569324,0.00461177299479365,development,uptrend,high,uptrend_high
2018-06-07,0.002910658960454615,0.009914795916418306,0.006673504289674614,0.0004376903411782429,development,uptrend,high,uptrend_high
2018-06-08,0.00047307151576903017,0.0069422769422062824,0.0033250868112950638,0.0037099385958063724,development,uptrend,medium,uptrend_medium
2018-06-11,0.0024684585352234834,-0.0007489342922341047,-0.0015070779030706971,-0.004964815888566565,development,uptrend,medium,uptrend_medium
2018-06-12,-0.0028289143226176705,-0.006411003874856491,-0.016261750143513165,-0.010870228185993147,development,uptrend,high,uptrend_high
2018-06-13,-0.0022939919173452505,-0.0030509632746741344,-0.00561720164898416,-0.014908288101657896,development,uptrend,medium,uptrend_medium
2018-06-14,0.0008372742535320832,-0.009085333669194728,-0.006249696197833443,-0.020312506493912474,development,uptrend,medium,uptrend_medium
2018-06-15,-0.002802403038739465,-0.005369281229922973,-0.0007710463137250434,-0.010701592633085788,development,uptrend,medium,uptrend_medium
2018-06-18,-0.007321967159579779,-0.004481283574440664,-0.0025024444722614447,-0.01224811164913786,development,uptrend,medium,uptrend_medium
2018-06-19,0.0034839899485838988,0.008123154045720504,0.003213891346673936,-0.003237180414403462,development,uptrend,medium,uptrend_medium
2018-06-20,-0.0062312898445615605,-0.004255929311674067,-0.01267987567236395,-0.003566635733235679,development,uptrend,medium,uptrend_medium
2018-06-21,0.007367739266989526,0.0024621552153192283,-0.014298135770792753,0.0006562414066602074,development,uptrend,medium,uptrend_medium
2018-06-22,-0.005585396994401193,-0.013998096123219672,-0.0100343329438356,-0.004642932872553018,development,uptrend,medium,uptrend_medium
2018-06-25,0.0024621552153192283,-0.014298135770792753,-0.00794962058629023,0.010258146770267818,development,uptrend,medium,uptrend_medium
2018-06-26,-0.010578981908580976,-0.006601473766862931,-0.007936545303880216,0.014996986695099856,development,uptrend,medium,uptrend_medium
2018-06-27,-0.0067255925095763835,-0.0003283055740771479,0.010233808713819847,0.026967957870627002,development,downtrend,medium,downtrend_medium
2018-06-28,0.00955918523738264,0.008202394687012449,0.01289949407217339,0.038665448116310897,development,downtrend,medium,downtrend_medium
2018-06-29,-0.006992858732624785,0.003498840665533187,0.003755075329897606,0.026699724820713033,development,downtrend,medium,downtrend_medium
2018-07-02,0.002933916577251061,0.007606470726831738,0.01727506776878629,0.02514388109234833,development,downtrend,medium,downtrend_medium
2018-07-03,0.0051236948786748115,0.005380344435371054,0.021675221651889842,0.027349491804713022,development,downtrend,medium,downtrend_medium
2018-07-04,-0.003365440114296958,0.00619787476861533,0.015042578417307828,0.01802331661221479,development,uptrend,medium,uptrend_medium
2018-07-05,0.0026526062055933775,0.01890327312918272,0.02597225416083071,0.0198200147064036,development,downtrend,medium,downtrend_medium
2018-07-06,0.0013471288117703484,0.010149193322039896,0.016663184188666857,0.015860457241702708,development,uptrend,medium,uptrend_medium
2018-07-09,0.004081539061246087,0.011047689373093972,0.003127615452523491,0.016693036160601693,development,uptrend,medium,uptrend_medium
2018-07-10,-0.0007393473813198659,0.005704428258525462,0.004714086033830389,0.016237031116051792,development,uptrend,medium,uptrend_medium
2018-07-11,0.0014763399226536134,-0.006368756530519604,-0.0024075697200197643,0.011360985783396726,development,uptrend,medium,uptrend_medium
2018-07-12,-0.0034367678696120008,-0.004418108530571563,-0.009026108377951925,0.009984662080894324,development,uptrend,medium,uptrend_medium
2018-07-13,-0.007450853709496386,-0.003493980762012905,-0.0007940865368211147,0.023541209413293185,development,uptrend,medium,uptrend_medium
2018-07-16,0.006252431441604145,0.0015950435459028967,0.01326364227318888,0.03472683317083547,development,uptrend,medium,uptrend_medium
2018-07-17,-0.007210538560938451,-0.004520713831309364,0.006699662579923604,0.026789732505301034,development,uptrend,medium,uptrend_medium
2018-07-18,-0.003854756182099184,0.007750352288740325,0.012046002091004038,0.031519632284422006,development,uptrend,medium,uptrend_medium
2018-07-19,0.004259606449810827,0.015578948756099775,0.018588936442513804,0.02564876137296479,development,uptrend,medium,uptrend_medium
2018-07-20,0.00588940801603921,0.01017712533296189,0.023457670400518493,0.030939641410572483,development,uptrend,medium,uptrend_medium
2018-07-23,0.0022774151307498602,0.0052479795379871685,0.018953083507741386,0.02503372125078762,development,uptrend,medium,uptrend_medium
2018-07-24,-0.0014710980993104528,0.01165631069900197,0.018666320017533433,0.021621918503232473,development,uptrend,medium,uptrend_medium
2018-07-25,0.0030854004349596398,0.016761020762813272,0.019154850804038226,0.02847850741495206,development,uptrend,low,uptrend_low
2018-07-26,0.004059523213371552,0.011016892568605163,0.0010638708519730145,0.021183610007567077,development,uptrend,low,uptrend_low
2018-07-27,0.002027097703360292,0.004386238661384212,0.005678622586721582,0.011760088590972995,development,uptrend,low,uptrend_low
2018-07-30,0.004018211934109228,-0.005865910814706443,0.006723496580837596,0.003951905091424512,development,uptrend,low,uptrend_low
2018-07-31,-0.0011971698101042039,8.802972034649414e-05,0.0026101155948861088,0.006628620748794223,development,uptrend,low,uptrend_low
2018-08-01,-0.007432336096994785,0.005137234572047289,0.010689440740004441,0.004956298680935056,development,uptrend,low,uptrend_low
2018-08-02,0.005576306988008595,0.008112233550728432,0.015303899309072833,0.015308307661881404,development,uptrend,low,uptrend_low
2018-08-03,-0.0012630259724597526,0.004253826250931958,0.0024558172170328074,0.013178090602113723,development,uptrend,low,uptrend_low
2018-08-06,-0.0029501664742291878,0.004162582392903014,-0.0059003329484583755,0.012934260247615903,development,uptrend,low,uptrend_low
2018-08-07,0.0032858707557503752,0.0014895947426067924,0.001980250547645168,0.014917853231106282,development,uptrend,low,uptrend_low
2018-08-08,-0.001962004192678335,-0.011963543819198175,-0.009414238384486517,0.005555400724338133,development,uptrend,low,uptrend_low
2018-08-09,-0.0039608185254752515,-0.0034728330196830415,-0.00036603168127180563,0.01891075745920401,development,uptrend,low,uptrend_low
2018-08-10,-0.0012181263941414278,0.0013589040813504205,0.016020827195603715,0.032446207720526754,development,uptrend,low,uptrend_low
2018-08-13,0.004691690445729035,0.007823945733887339,0.016623192674713128,0.027254293294445953,development,uptrend,low,uptrend_low
2018-08-14,-0.0010617203004931186,0.01356475996861195,0.016284738115561748,0.02453678371152601,development,uptrend,low,uptrend_low
2018-08-16,0.0029377605633778003,0.011694346531425648,0.010487683964383487,0.021277118955651098,development,uptrend,low,uptrend_low
2018-08-17,0.00431663716288222,0.007011797268671183,0.016505733073530315,0.006976987048050942,development,uptrend,low,uptrend_low
2018-08-20,-0.00045781902507580075,-0.001649987527447383,0.014020127671359628,-0.004828906694930524,development,uptrend,low,uptrend_low
2018-08-21,-0.0032657408481984174,0.00613130007680085,0.006127014217372162,-0.012370166821615847,development,uptrend,low,uptrend_low
2018-08-23,-0.0008213304100455066,0.014861791402001279,0.009527449642432462,-0.0025676706856808673,development,uptrend,low,uptrend_low
2018-08-24,0.007418723215915968,0.007414431872397431,0.0064321349265716865,-0.0014432377261264229,development,uptrend,low,uptrend_low
2018-08-27,0.0005582878019816384,-0.004700871526631234,-0.012751553104723645,-0.025047036600522543,development,uptrend,low,uptrend_low
2018-08-28,-0.004516818190397509,-0.005487481363541491,-0.01912740257635659,-0.03894867050990747,development,uptrend,low,uptrend_low
2018-08-29,-0.0015348934618097942,-0.0096111837042262,-0.01862372472156304,-0.027777388090809985,development,uptrend,low,uptrend_low
2018-08-30,0.0003982914118101366,-0.013322354251857016,-0.011900565988656853,-0.01375911984456435,development,uptrend,low,uptrend_low
2018-08-31,-0.014419084576722474,-0.023387873682579996,-0.0138447044722122,-0.03182915050495505,development,uptrend,low,uptrend_low
2018-09-03,-0.006763676716241007,-0.005332437493264397,-0.013850664134066215,-0.027576213762258828,development,uptrend,low,uptrend_low
2018-09-04,-0.0032913511985118715,0.006448195375434951,-0.019744036360657247,-0.024359849196087358,development,downtrend,low,downtrend_low
2018-09-05,0.0019758296728973335,-0.0066049841864078696,-0.012528062871008716,-0.03222563269211032,development,downtrend,low,downtrend_low
2018-09-06,0.0026690553825190477,-0.023424826422685063,-0.003724595391819685,-0.05111929655224623,development,downtrend,low,downtrend_low
2018-09-07,-0.011421567435880853,-0.017315927432423717,-0.0166374970290184,-0.04345626107365874,development,uptrend,low,uptrend_low
2018-09-10,-0.01649839597273517,0.003341560379616082,-0.01724769649227631,-0.03686114387539996,development,downtrend,medium,downtrend_medium
2018-09-11,0.002627911771194924,0.0033201111032459263,-0.009325314912805083,-0.03197060142115293,development,downtrend,high,downtrend_high
2018-09-12,0.0062655826724777874,-0.014383677142045692,-0.026250744145147942,-0.044833294419321046,development,downtrend,high,downtrend_high
2018-09-14,-0.007605806726325937,-0.020113527054987257,-0.04339746760443197,-0.03983012423479204,development,downtrend,high,downtrend_high
2018-09-17,-0.00901893114944885,-0.020950591035879373,-0.027597261775864412,-0.04597790403482471,development,downtrend,high,downtrend_high
2018-09-18,-0.00814899180841644,-0.03171723215694455,-0.024089256446313323,-0.06422025625749561,development,downtrend,high,downtrend_high
2018-09-19,-0.011374038268344489,-0.018085723289005484,-0.02606176794958781,-0.0847151283277815,development,downtrend,high,downtrend_high
2018-09-21,-0.017645372174704965,-0.009906540617297677,-0.020955016581898467,-0.07312086250713545,development,downtrend,high,downtrend_high
2018-09-24,0.00888791637738362,0.000692766078213225,0.0034958781664649052,-0.06097569986332518,development,downtrend,high,downtrend_high
2018-09-25,-0.008231985106864181,-0.019299147475392853,-0.02577708679446844,-0.06149989971999581,development,downtrend,high,downtrend_high
2018-09-26,-0.009228506092388233,-0.006453185189298383,-0.04337170464796625,-0.07627840114087125,development,downtrend,high,downtrend_high
2018-09-27,-0.007053843698540896,-0.013612668370785896,-0.06283095526074822,-0.04865504749964822,development,downtrend,high,downtrend_high
2018-09-28,0.007080790355466382,-0.03034062874723875,-0.053321370162460524,-0.03827684597545555,development,downtrend,high,downtrend_high
2018-10-01,-0.011331475238267608,-0.06066358802039962,-0.06206582884926004,-0.03623427647440913,development,downtrend,high,downtrend_high
2018-10-03,-0.014454163527520159,-0.03781141112629438,-0.02739272881506294,-0.028048237993326453,development,downtrend,high,downtrend_high
2018-10-04,-0.01879851070521188,-0.020263247696220454,-0.026578521141346845,-0.020025471748409296,development,downtrend,high,downtrend_high
2018-10-05,0.0036759322247095216,0.014543843985665772,0.015746580139376354,-0.006294805426312111,development,downtrend,high,downtrend_high
2018-10-08,-0.008589742517317478,-0.014980262070232064,0.011760988384316828,-0.02343531992119674,development,downtrend,high,downtrend_high
2018-10-09,0.012413072668385317,0.013613282804404658,0.024477746017085078,-0.01036596673627721,development,downtrend,high,downtrend_high
2018-10-10,0.006376780977301877,0.03369783101871304,0.027852072355391222,-0.0044149752133572084,development,downtrend,high,downtrend_high
2018-10-11,0.013642696205031113,0.024507474686674913,-0.002710145189185109,-0.029187276874054757,development,downtrend,high,downtrend_high
2018-10-12,-0.001111741994200277,-0.006760645873753912,-0.026505595687617678,-0.025973525860829905,development,downtrend,high,downtrend_high
2018-10-15,0.003279537077096606,-0.023374129922985043,-0.0382317380324666,-0.03334075695381267,development,downtrend,high,downtrend_high
2018-10-16,-0.02204668353672634,-0.041487756903030526,-0.04340567017830321,-0.02826354752376581,development,downtrend,high,downtrend_high
2018-10-17,-0.0034962706792397436,-0.01865628470663505,-0.020774277844620603,0.003941120074107518,development,downtrend,high,downtrend_high
2018-10-19,-0.015433589317907281,-0.01740363508731102,-0.03611906989664582,0.014141122171555054,development,downtrend,high,downtrend_high
2018-10-22,-0.0005712630174191657,-0.0027282883020839366,0.009677324407561194,0.036581802190056356,development,downtrend,high,downtrend_high
2018-10-23,-0.005195525322698957,-0.02414348702771907,-0.007759178156484525,0.024503397965914164,development,downtrend,high,downtrend_high
2018-10-24,-0.0010014172853699543,0.011425676925035155,0.024819789693698135,0.045717642721715857,development,downtrend,high,downtrend_high
2018-10-25,-0.00912333726247394,0.0075131549674558595,0.025498090453075717,0.045725607571271976,development,downtrend,high,downtrend_high
2018-10-26,0.017141128456331423,0.030610929833738032,0.04712201794306847,0.04009690334491145,development,downtrend,high,downtrend_high
2018-10-29,-0.004004140714874205,0.013775201604250498,0.027794558130139535,0.033507783296484295,development,downtrend,high,downtrend_high
2018-10-30,0.017341587834383443,0.033640092059182836,0.031387299287709336,0.03592224995382409,development,downtrend,high,downtrend_high
2018-10-31,-0.005865902952039925,0.007881839465611717,0.01500715327785862,0.016759722720114167,development,uptrend,high,uptrend_high
2018-11-01,0.008669240702877001,0.006470871278432266,0.011746976565318423,0.021018360659716073,development,uptrend,high,uptrend_high
2018-11-02,-0.0032911092695631083,0.003755216348999557,-0.007249892713389383,0.019382066118148522,development,uptrend,high,uptrend_high
2018-11-05,-0.0020849128127369276,0.0031463414814727475,0.0028904473085671345,0.009874923740760044,development,uptrend,high,uptrend_high
2018-11-06,-0.001512071222924738,-0.0124594300756532,-0.0035941937569077265,-0.0013566779588225497,development,uptrend,high,uptrend_high
2018-11-07,-0.00277916469209627,-0.003033547318342489,0.00018841794522694855,-0.008285697541541404,development,uptrend,high,uptrend_high
2018-11-09,-0.011840307291574148,-0.0029695130545431825,0.007013743848382603,0.0019608029063962196,development,uptrend,high,uptrend_high
2018-11-12,0.01249529793568871,0.015767448839764997,0.02980319256385222,0.02235949540426363,development,uptrend,high,uptrend_high
2018-11-13,-0.005510214838416183,0.004447602041406595,0.0020028212681970636,0.008834047833002678,development,uptrend,high,uptrend_high
2018-11-14,0.003411960311352491,0.01727697748698742,0.00183828856875623,0.026284009999876234,development,uptrend,high,uptrend_high
2018-11-15,0.003588894711809454,0.0011462039940342006,-0.01101559564073662,0.021866779406238157,development,uptrend,high,uptrend_high
2018-11-16,0.0029959595224229307,-0.012225993739079843,-0.009565557658707036,0.014210832847990629,development,uptrend,high,uptrend_high
2018-11-19,-0.0078117910553887615,-0.01986477007985732,-0.0050744408322271894,0.012048341759516523,development,uptrend,high,uptrend_high
2018-11-20,-0.006644243420435458,-0.00396877364830206,0.005425891134599681,0.01049111777896572,development,uptrend,high,uptrend_high
2018-11-21,-0.008094150609246786,0.006873798350546023,0.023184576484763353,-0.001083612441446169,development,uptrend,high,uptrend_high
2018-11-22,0.005705724269929879,0.015191639871560803,0.02918635930215463,0.011865710941449503,development,uptrend,high,uptrend_high
2018-11-26,0.006039609740938312,0.02233687449805144,0.024695291119781304,-0.012521830593217542,development,uptrend,high,uptrend_high
2018-11-27,0.0018769332905335112,0.015688105521185935,0.015011089062682448,-0.014903663767946718,development,uptrend,high,uptrend_high
2018-11-28,0.0046259031240114545,0.0069434625192073,-0.0023869479420558504,-0.00657808845214658,development,uptrend,high,uptrend_high
2018-11-29,-0.0014092424716524166,-0.0020748625320639036,-0.026711949870489193,-0.009231443733855982,development,uptrend,high,uptrend_high
2018-11-30,-0.00429525963328814,-0.013521531287710387,-0.021682051082293374,-0.011458552312477832,development,uptrend,medium,uptrend_medium
2018-12-03,-0.0006986797627972496,-0.02536974273106396,-0.03573097866342256,0.0010342830721439267,development,uptrend,medium,uptrend_medium
2018-12-04,-0.003470262697920501,-0.011713930355218394,-0.025072875877662604,0.008155852890319615,development,uptrend,medium,uptrend_medium
2018-12-05,-0.010916062542128402,-0.02143095468350731,0.0018146058826542522,0.02324556056616145,development,uptrend,medium,uptrend_medium
2018-12-06,0.00459382905477157,-0.008985553116779177,0.013786074204549914,0.028831015731254572,development,downtrend,medium,downtrend_medium
2018-12-07,-0.0019269747565006101,0.02178189593462787,0.028238506616866665,0.023342544760856176,development,uptrend,medium,uptrend_medium
2018-12-10,0.019236679020358638,0.04265679956438917,0.05200939269332849,0.030284897293010093,development,downtrend,high,downtrend_high
2018-12-11,0.013841904388159687,0.02024834249008589,0.029997185847653762,0.013110151012652338,development,downtrend,high,downtrend_high
2018-12-12,-0.0017760280565640718,0.007178004243461267,0.014480938388872211,-0.0028629091702703224,development,uptrend,high,uptrend_high
2018-12-13,0.0019426209200705813,0.01151654646135647,0.015503750318744514,0.00699155182205935,development,uptrend,high,uptrend_high
2018-12-14,0.0032386221049973685,0.010512992234703145,-0.009140179258403824,0.0008614610627968311,development,uptrend,high,uptrend_high
2018-12-17,0.005326728898685573,0.009289533684650575,-0.01727049220605792,-0.00538207784816247,development,uptrend,high,uptrend_high
2018-12-18,0.0033621364576044144,-0.016151960133952925,-0.018361399828801916,-0.023630998376378942,development,uptrend,high,uptrend_high
2018-12-19,0.00610921239911022,-0.02036712153516207,-0.009682907868831747,-0.014501394839341208,development,uptrend,high,uptrend_high
2018-12-20,-0.017383557575896047,-0.01959023145715788,-0.007707207837448937,-0.015757150587066282,development,uptrend,high,uptrend_high
2018-12-21,-0.010889664719200165,-0.00010208664375166432,0.007573524576249824,0.0019710784099702394,development,downtrend,high,downtrend_high
2018-12-24,0.00887592084292832,0.021103967504020105,0.014766634397546996,0.020657347952165894,development,downtrend,high,downtrend_high
2018-12-26,-0.0035219945240499984,0.00412736413261805,-0.013463831738663723,0.0003419534860207296,development,downtrend,high,downtrend_high
2018-12-27,0.0035995171042717544,-0.0026291771793593988,-0.008649941479080714,-0.0024027464807353516,development,uptrend,high,uptrend_high
2018-12-28,-0.004641204203947091,-0.022078784499526938,-0.012956821839091304,-0.01609065927452935,development,uptrend,high,uptrend_high
2018-12-31,-0.007024626535373502,-0.013018857108662907,-0.006136732142513757,0.0016515266985586141,development,uptrend,high,uptrend_high
2019-01-02,-0.011535807548587296,-0.0023155009310393826,0.00540443344259911,0.008659973482087358,development,uptrend,high,uptrend_high
2019-01-03,0.0025841297940865093,0.009575052893293412,0.011392787819971328,0.019206145616120107,development,downtrend,high,downtrend_high
2019-01-04,-0.003058793586430242,0.004655389299112134,-0.0009162010042148561,0.009449514766860956,development,downtrend,high,downtrend_high
2019-01-07,0.0014741351836828898,0.0032772844477924057,-0.0045104082164793,0.016279949878317268,development,uptrend,high,uptrend_high
2019-01-08,-0.0006674399524305707,-0.006209511055283334,0.002246226725683753,0.005555826263510477,development,uptrend,high,uptrend_high
2019-01-09,-0.003476267120768428,-0.011211537005392236,0.0028500965919524557,-0.00256457434163071,development,uptrend,medium,uptrend_medium
2019-01-10,-0.0036733477641385237,0.004803969144419495,0.006502244658390888,0.0013890310978563747,development,uptrend,medium,uptrend_medium
2019-01-11,-0.006421799817248108,0.007707948985611113,0.009248653216665126,-0.0024475058122050974,development,downtrend,medium,downtrend_medium
2019-01-14,0.010136812353442659,0.011844101204661728,0.0171003435871242,-0.010763114260863627,development,downtrend,medium,downtrend_medium
2019-01-15,-0.0008578794367150033,0.0006697283331011938,0.002119298192799768,-0.022702580949324425,development,uptrend,medium,uptrend_medium
2019-01-16,-0.0014329850352545748,0.0037542866596023128,-0.008181562110176621,-0.024636343719680376,development,uptrend,medium,uptrend_medium
2019-01-17,-0.0007237309120333713,0.0007238203830324252,-0.005959752723631473,-0.007686721949007658,development,uptrend,medium,uptrend_medium
2019-01-18,0.003892173208146943,-0.00804531519895424,-0.012711361908252394,-0.00235354848680136,development,uptrend,medium,uptrend_medium
2019-01-21,-0.0024703469625007024,-0.009132587059463071,-0.02632468219890227,-0.003429268603744262,development,uptrend,medium,uptrend_medium
2019-01-22,-0.009107067158802162,-0.01376811950261736,-0.025509865416167288,0.0003018744536398277,development,uptrend,low,uptrend_low
2019-01-23,0.0005302447059505333,-0.01682950588451848,-0.017728616472869496,0.020140113201120968,development,uptrend,low,uptrend_low
2019-01-24,-0.007293003550956523,-0.01911184002279054,-0.0026519767662699367,0.019305268595041225,development,uptrend,low,uptrend_low
2019-01-25,-0.012128885309274251,-0.01303229462074229,0.009376943463353049,0.01400510647046116,development,downtrend,low,downtrend_low
2019-01-28,-0.00014079615274509294,0.016637412049382405,0.024268545195335944,0.022067413674587977,development,downtrend,medium,downtrend_medium
2019-01-29,-0.004713980266999984,0.017884126293536307,0.021686991929267263,0.012067592387114967,development,downtrend,medium,downtrend_medium
2019-01-30,0.01313313096052715,0.020737960101480546,0.03478777026621516,0.0051915009998517725,development,downtrend,low,downtrend_low
2019-01-31,0.0038982046264046666,0.00764881816435925,0.02009434670334609,-0.011698933618388141,development,uptrend,medium,uptrend_medium
2019-02-01,0.003263842600041311,0.017073132628082854,0.006146101489415523,-0.0216792520456478,development,uptrend,medium,uptrend_medium
2019-02-04,0.002355856850274174,0.014736011719483688,-0.0018197105257456991,-0.027895364720049942,development,uptrend,medium,uptrend_medium
2019-02-05,0.008878221758630067,-0.001960766501529765,-0.012193160437474648,-0.020943668753009126,development,uptrend,medium,uptrend_medium
2019-02-06,-9.482944857508446e-05,-0.016408582073917377,-0.02930326995756316,-0.025346808936127396,development,uptrend,medium,uptrend_medium
2019-02-07,-0.007248187111625115,-0.01742637178527695,-0.0271329078219259,-0.021032304565246962,development,uptrend,medium,uptrend_medium
2019-02-08,-0.0038515204084750287,-0.016910828873350492,-0.026525737583445452,-0.004647447093523049,development,uptrend,medium,uptrend_medium
2019-02-11,-0.0044394426151843636,-0.014274272443133174,-0.025308655660946866,-0.0040810307111339705,development,uptrend,medium,uptrend_medium
2019-02-12,-0.003713094272992823,-0.013457080809483712,-0.004695804405373427,0.0019053023793826895,development,downtrend,medium,downtrend_medium
2019-02-14,-0.005180734155052047,-0.016316912003432216,0.0008904811460772599,0.0011363372834580776,development,downtrend,medium,downtrend_medium
2019-02-15,-0.009097995721864094,-0.0002980072165580383,0.004935443288690111,0.011626191824253507,development,downtrend,medium,downtrend_medium
2019-02-18,-0.0030414118423452985,0.014398207268264684,0.02288298152558288,0.03297545230752785,development,downtrend,medium,downtrend_medium
2019-02-19,0.007507894883239441,0.012782209368536801,0.01687864952473972,0.037309526805576754,development,downtrend,medium,downtrend_medium
2019-02-20,0.004258151140006161,0.01265811049269594,0.0058218727975511975,0.02923470531336325,development,downtrend,medium,downtrend_medium
2019-02-21,0.0008300513925436626,0.004878148183872,0.0009088451417540444,0.02343570633841363,development,downtrend,medium,downtrend_medium
2019-02-22,0.0061821940096640216,-0.0006103261623471301,0.004647076503363934,0.03281157882112229,development,downtrend,medium,downtrend_medium
2019-02-25,0.0055682905429599305,0.0015962614149276355,0.019688583563374218,0.048806102860935896,development,uptrend,medium,uptrend_medium
2019-02-26,-0.006851248331927184,-0.0016266767447330466,0.015788681542823646,0.04232069916316572,development,uptrend,medium,uptrend_medium
2019-02-27,-0.006736813458563695,0.011204984291074416,0.017716299597797303,0.043950209936173046,development,downtrend,medium,downtrend_medium
2019-02-28,0.001922925541621101,0.019400202145858803,0.017777018815128498,0.05387974320883049,development,downtrend,medium,downtrend_medium
2019-03-01,0.011284149375773378,0.017795974439504647,0.027906524822108647,0.05498010625218974,development,uptrend,medium,uptrend_medium
2019-03-05,0.0025533582427339496,0.00095700001576704,0.025066154707680033,0.046036980025414787,development,uptrend,medium,uptrend_medium
2019-03-06,-0.0017828207973309418,0.008133238350640504,0.023808556217521426,0.039998339183948683,development,uptrend,medium,uptrend_medium
2019-03-07,-0.0003124617937606544,0.023766116508616264,0.02757537256114806,0.037870864813210225,development,uptrend,medium,uptrend_medium
2019-03-08,0.008971185064934994,0.02465953204404281,0.03235230801806899,0.025793337097684832,development,uptrend,medium,uptrend_medium
2019-03-11,0.006219251324809161,0.0099632185371199,0.020554126971954023,0.022428327795506853,development,uptrend,medium,uptrend_medium
2019-03-12,0.0013685083905203843,0.008886423719064673,0.018205593381427132,0.010493334686436873,development,uptrend,medium,uptrend_medium
2019-03-13,-0.0034482758620689724,0.007001993877663093,0.012172176998682227,0.016472655392049118,development,uptrend,medium,uptrend_medium
2019-03-14,0.00439488977324598,0.013672570754720947,0.007036287197119462,0.025692594284548953,development,uptrend,medium,uptrend_medium
2019-03-15,-0.0010153012684585017,0.00411371918923642,-0.010423668903353778,0.020860530169572122,development,uptrend,low,uptrend_low
2019-03-18,0.0027912825302534028,-0.0037737637104738875,-0.0014825530618385319,0.012491012674856306,development,uptrend,low,uptrend_low
2019-03-19,-0.002795709104248867,-0.017233063666093895,-0.009373887950176796,0.0038647138825236294,development,uptrend,low,uptrend_low
2019-03-20,-0.00799187849605043,-0.005710369046963759,0.001800973602998246,0.010108925122571222,development,uptrend,low,uptrend_low
2019-03-22,-0.0036329993643064995,0.004334935907049253,0.024000385289548953,0.018327133793681227,development,uptrend,low,uptrend_low
2019-03-25,0.009498716755070857,0.01712495616277354,0.029713762764305818,0.02608745295949033,development,uptrend,low,uptrend_low
2019-03-26,-0.0074925867225373866,0.011941273038535538,0.009755928187222374,0.0045830843892022965,development,uptrend,medium,uptrend_medium
2019-03-27,0.009277115556661775,0.021768790584505426,0.011719618515658059,0.011606233630110374,development,uptrend,medium,uptrend_medium
2019-03-28,0.0003386307346946449,-0.0018216575493097409,6.429379585792816e-05,-0.001864520079881693,development,uptrend,medium,uptrend_medium
2019-04-01,0.00014091991687892325,-0.009695540434968897,-0.00914053276233806,-0.0018101955476477194,development,uptrend,medium,uptrend_medium
2019-04-02,-0.0077841734676868946,-0.00590948765938637,-0.005398209711668045,0.00441834352768633,development,uptrend,medium,uptrend_medium
2019-04-03,-0.005334402006022643,-0.004776950170623295,-0.006509355701758257,0.007941511108207733,development,uptrend,medium,uptrend_medium
2019-04-04,0.0023671470101416237,0.002882681774251772,-0.003582983392295902,-0.003776308928837291,development,uptrend,medium,uptrend_medium
2019-04-05,-0.008530983156468719,-0.010256853964046186,-0.005203143796535303,-0.010970230585017227,development,uptrend,medium,uptrend_medium
2019-04-08,0.005158468283594564,-0.001321869061292169,0.006742978716461678,0.009826050340521197,development,uptrend,medium,uptrend_medium
2019-04-09,-0.005370534246200931,-0.0002918741270397929,0.01204624305761337,-0.0004335768775991511,development,uptrend,medium,uptrend_medium
2019-04-10,0.000358022237982647,0.008436436015824,0.013823533450354697,0.01398316924823173,development,uptrend,medium,uptrend_medium
2019-04-11,0.0026350626217355178,0.015009303238482374,-0.0015844013038492921,0.01165095439975139,development,uptrend,medium,uptrend_medium
2019-04-12,0.0020013379082026717,0.007354058857246937,-0.007804046000471465,0.004949858575469257,development,uptrend,medium,uptrend_medium
2019-04-15,0.004341285464170008,-0.012078014829417727,-0.0008563082190361504,-0.002040711210947621,development,uptrend,medium,uptrend_medium
2019-04-16,-0.008717044110643446,-0.023633319929381336,-0.018079273531060536,-0.021752456077896,development,uptrend,medium,uptrend_medium
2019-04-18,-0.011307158371749892,-7.669568028445539e-05,0.002353583074787391,-0.01954024395555176,development,uptrend,medium,uptrend_medium
2019-04-22,-0.0031860982246298963,0.0024842618705662733,0.01164219195283156,-0.02182907837685588,development,downtrend,medium,downtrend_medium
2019-04-23,0.010744333976209886,0.01320091286687064,0.010623626255225727,-0.02583288327479205,development,downtrend,medium,downtrend_medium
2019-04-24,-0.008001260177258662,0.0010608821889872555,-0.0019981931135106823,-0.03892394975034863,development,uptrend,medium,uptrend_medium
2019-04-25,0.006068290628008954,0.0035091473199957424,-0.007317855996576417,-0.045837150288862705,development,uptrend,medium,uptrend_medium
2019-04-26,-5.1036014469652e-05,-0.0031067134801574525,-0.02135117432705602,-0.04483031771997026,development,uptrend,medium,uptrend_medium
2019-04-30,-6.821042090332519e-05,-0.010856617114585965,-0.031222383212141103,-0.04848811477140391,development,uptrend,medium,uptrend_medium
2019-05-02,-0.0008828766416898448,-0.019168036633299246,-0.035896458013542576,-0.03970962205582129,development,uptrend,medium,uptrend_medium
2019-05-03,-0.00065051998264265,-0.021226422437125025,-0.028166900994662014,-0.017116391580549783,development,uptrend,medium,uptrend_medium
2019-05-06,-0.013182818467579294,-0.030013319771059477,-0.04319613823863877,0.015169720636827977,development,downtrend,medium,downtrend_medium
2019-05-07,-0.010388806918112392,-0.017406134953249386,-0.02235883734726407,0.020071907981060955,development,downtrend,medium,downtrend_medium
2019-05-08,-0.0018194539343934224,-0.01538544737004166,-0.014608244269647352,0.036697165412383326,development,downtrend,high,downtrend_high
2019-05-09,-0.0031155675665411886,-0.008140300664008837,-0.005042427339243538,0.030307128880541434,development,downtrend,medium,downtrend_medium
2019-05-10,-0.009814632069695461,-0.00903303165980407,0.013185375996982884,0.051995292876368504,development,downtrend,medium,downtrend_medium
2019-05-13,0.006312914375587342,0.009455929396661178,0.06067259873424713,0.0693260263991895,development,downtrend,high,downtrend_high
2019-05-14,-0.01017594447377157,0.012016838007173902,0.038805096523450766,0.05829198730469631,development,downtrend,high,downtrend_high
2019-05-15,0.00686472272169758,0.05794992225303219,0.04986881454784564,0.06088807808202823,development,downtrend,high,downtrend_high
2019-05-16,0.012897468008233659,0.03970903695101691,0.03508727660133126,0.06073575296132061,development,downtrend,high,downtrend_high
2019-05-17,0.015134836675817276,0.0073807702706756295,0.01649509627671053,0.02324937606576727,development,downtrend,high,downtrend_high
2019-05-20,-0.01302725351483136,-0.017414588186175917,0.005150152555345233,0.018957016319380182,development,uptrend,high,uptrend_high
2019-05-21,0.0008484172550866642,0.009903641482799319,0.0171214748820947,0.025042756016297574,development,uptrend,high,uptrend_high
2019-05-22,-0.020522968415920273,0.001970389427822239,-0.0033777987255364517,-0.004835589862615897,development,uptrend,high,uptrend_high
2019-05-23,0.008180082514045006,0.01538559754851887,0.016845453747446282,0.010440108156707595,development,uptrend,high,uptrend_high
2019-05-24,0.005841170764623982,0.0004723216545063913,0.005676673669394061,0.005668271714605044,development,uptrend,high,uptrend_high
2019-05-27,-0.0024752252895997584,-0.0010410482346360217,0.010887806391814081,0.0006062709518306342,development,uptrend,high,uptrend_high
2019-05-28,-0.0037544890763996364,0.0014278755126813092,0.009730600869996886,3.362988052613147e-05,development,uptrend,high,uptrend_high
2019-05-29,0.006792966656068655,0.01881536949549334,-0.0018162039764884064,0.004108619318724749,development,uptrend,high,uptrend_high
2019-05-30,-0.006416773717334956,0.0018209125396380088,-0.010762630724226785,-0.014708578715709408,development,uptrend,high,uptrend_high
2019-05-31,0.011276779645508661,-0.009202133221792308,-0.002597494902227382,-0.023557428369758493,development,uptrend,high,uptrend_high
2019-06-03,-0.002572048387308512,-0.015100413112585254,-0.007222542629935713,-0.029964396122027726,development,uptrend,high,uptrend_high
2019-06-04,-0.016283477123197,-0.009726042897275522,-0.01109649757822262,-0.028933172895397763,development,uptrend,high,uptrend_high
2019-06-06,0.00045934288699589487,0.008461670465717441,0.0041170488968487184,-0.002819185075841779,development,uptrend,high,uptrend_high
2019-06-07,-0.00102222849903999,-0.002404728516632093,-0.009350776486175216,-0.017662550532519417,development,uptrend,high,uptrend_high
2019-06-10,0.00048077527626211314,-0.003829463261109778,-0.024055421108680197,-0.021756061091774637,development,uptrend,high,uptrend_high
2019-06-11,-0.004702213934570154,-0.011632264991960128,-0.022650058381741278,-0.0138767557891315,development,uptrend,high,uptrend_high
2019-06-12,0.0033813163949227842,-0.01699104703280907,-0.015365649812638882,-0.002219202205730575,development,uptrend,high,uptrend_high
2019-06-13,-0.007287915931381117,-0.018354137794358127,-0.006578417640884182,-0.0057556029702339195,development,uptrend,high,uptrend_high
2019-06-14,-0.014509423283941225,-0.012879922719309378,-0.010123302146656576,-0.004656399073370454,development,downtrend,high,downtrend_high
2019-06-17,0.0012374868270836892,0.013248226041683742,0.0019354705439749154,0.0161470412339777,development,downtrend,high,downtrend_high
2019-06-18,-0.0045127697864607574,-0.0017327831953872774,0.00442762318671619,0.014121530307241947,development,downtrend,high,downtrend_high
2019-06-19,0.015282731453680531,0.003947261026210791,0.016638513046391523,0.022576583349939394,development,downtrend,medium,downtrend_medium
2019-06-20,-0.008750718947060254,-0.0026336209451840453,0.0011794612409303795,0.010073928316829184,development,downtrend,high,downtrend_high
2019-06-21,-0.0022300750906600886,0.010383087041220707,0.005377015277226116,0.0072788711524292005,development,downtrend,high,downtrend_high
2019-06-24,0.009883588332548543,0.01374452569878426,0.01580340804511593,-0.010478588359301377,development,downtrend,medium,downtrend_medium
2019-06-25,0.006746974794420879,0.0017589186119246758,0.01207916361909711,-0.018035969371116067,development,downtrend,medium,downtrend_medium
2019-06-26,-0.0016271856842570154,0.0004004772133898715,0.004713017403139119,-0.030516297792352876,development,downtrend,medium,downtrend_medium
2019-06-27,-0.006095596031490014,0.004143730788654931,0.007216804994113923,-0.023458938706310217,development,downtrend,medium,downtrend_medium
2019-06-28,0.0021705603849799804,0.006490731073704792,-0.0024282298880456965,-0.024273885855709332,development,downtrend,medium,downtrend_medium
2019-07-01,0.0016820433738866658,0.00474758384899987,-0.02789670578211445,-0.0253946662634581,development,uptrend,medium,uptrend_medium
2019-07-02,-0.0012906634697715802,-0.010140670041761224,-0.03153245539845162,-0.022590293654175198,development,uptrend,medium,uptrend_medium
2019-07-03,0.001504777983234007,-0.03103415275416288,-0.03603878186417109,-0.020228338863787387,development,uptrend,medium,uptrend_medium
2019-07-04,-0.012837678127415986,-0.034171178618441655,-0.031914549771202894,-0.030744445924486552,development,uptrend,low,uptrend_low
2019-07-05,-0.01799435654021564,-0.023066335127923665,-0.018512572503358138,-0.029833342874613478,development,downtrend,medium,downtrend_medium
2019-07-08,0.0021073209331898823,0.004448713360485801,0.004921260009223882,-0.01607751052263151,development,downtrend,medium,downtrend_medium
2019-07-09,-0.003228980096364853,0.0014172500202742633,0.01096112779985603,-0.01777894522805268,development,downtrend,medium,downtrend_medium
2019-07-10,0.0018553204788440691,0.002326647056214881,0.010902594619021544,-0.025096366435297113,development,downtrend,medium,downtrend_medium
2019-07-11,-0.004193583307420479,0.005296821149707531,-0.0003663429795233153,-0.030083223494976052,development,downtrend,medium,downtrend_medium
2019-07-12,-0.0022730054994726245,0.006263587248972247,-0.016832045459437395,-0.02845090900040892,development,downtrend,medium,downtrend_medium
2019-07-15,0.005686919630112808,2.155794919911358e-05,-0.021596770349735617,-0.03513516244672621,development,downtrend,medium,downtrend_medium
2019-07-16,0.0014352119615277381,-0.021549600496968968,-0.029106972157958988,-0.05015526931645353,development,downtrend,medium,downtrend_medium
2019-07-17,-0.006740486260492173,-0.0282126336190911,-0.03462775516581307,-0.04775768508944689,development,downtrend,medium,downtrend_medium
2019-07-18,-0.017948150087246817,-0.025533338691516527,-0.032318663081219,-0.05572350968390838,development,downtrend,medium,downtrend_medium
2019-07-19,-0.004094622123697045,-0.010668955428629445,-0.009527888843382626,-0.03471475649731648,development,downtrend,medium,downtrend_medium
2019-07-22,-0.0036228710512431483,-0.010560760568489092,-0.01609618190661477,-0.04481526440458128,development,downtrend,medium,downtrend_medium
2019-07-23,-0.004517607915482502,-0.003369446539124077,-0.02093626384734626,-0.03304940086796926,development,downtrend,medium,downtrend_medium
2019-07-24,-0.003387833794783801,-0.008963384097213423,-0.015269643649498232,-0.03851948341762268,development,downtrend,medium,downtrend_medium
2019-07-25,0.003276263396156942,-0.014407692576850484,-0.023778740129381748,-0.019115443613131444,development,downtrend,medium,downtrend_medium
2019-07-26,-0.01046206541565331,-0.016758788414768966,-0.027428732312624327,-0.017497201801901396,development,downtrend,medium,downtrend_medium
2019-07-29,-0.011441344288937838,-0.020840595989019772,-0.03130996725632684,-0.025669545370744395,development,downtrend,medium,downtrend_medium
2019-07-30,0.007608284972289603,-0.0033260857039913994,-0.0077759123990042145,-0.0004213696824646451,development,downtrend,medium,downtrend_medium
2019-07-31,-0.007251242644458644,-0.017865914038449948,-0.01850782008441898,-0.0011211723482414948,development,downtrend,medium,downtrend_medium
2019-08-01,0.0061343060927518955,0.0016422418079329315,0.009345616538458668,0.011308069142302424,development,downtrend,medium,downtrend_medium
2019-08-02,-0.003047063630722824,-0.003698655023944397,0.019626882814559377,0.011123570319304,development,downtrend,medium,downtrend_medium
2019-08-05,0.012283374131035973,0.02006858709323822,0.010212217279143898,0.00955117711379816,development,downtrend,low,downtrend_low
2019-08-06,-0.00936290169211662,0.013830024060042634,0.006506673948190711,-0.019779889554440988,development,downtrend,medium,downtrend_medium
2019-08-07,0.012225667719848676,0.002445079784290982,0.013633992101448777,-0.0064087808908713795,development,downtrend,medium,downtrend_medium
2019-08-08,0.0019615977086508973,-0.005276021423268107,-0.0030664056135233375,-0.0027102318916399915,development,downtrend,medium,downtrend_medium
2019-08-09,-0.019170760881324078,-0.008223116390949747,-0.010988059171300968,-0.003056787623744728,development,downtrend,high,downtrend_high
2019-08-13,0.0023766060595733496,0.004603220923363516,-0.007684075585622452,0.0038942684547746964,development,downtrend,high,downtrend_high
2019-08-14,0.00037572848793021585,-0.002413186734670947,-0.027373266135500285,-0.008633973601558709,development,downtrend,high,downtrend_high
2019-08-16,-0.0036863589052972268,-0.015872265608668168,-0.02392564083944526,-0.0064489495932382734,development,downtrend,high,downtrend_high
2019-08-19,-0.004239046716720374,-0.029153442263752938,-0.0005468940460749971,-0.024042154268253846,development,downtrend,high,downtrend_high
2019-08-20,-0.009026033570672554,-0.0171354333128948,0.007914143087409231,-0.015746744584973715,development,downtrend,medium,downtrend_medium
2019-08-21,-0.015033992485197767,0.013988593383001513,0.012911135613802971,-0.005263442096092308,development,downtrend,medium,downtrend_medium
2019-08-22,0.012126621998669318,0.03792197977618539,0.023243878686319164,0.0230476461681266,development,downtrend,high,downtrend_high
2019-08-23,0.0052316578374507205,0.004163505131740353,0.002086324529329664,0.00024999318644280955,development,downtrend,high,downtrend_high
2019-08-26,-0.00010806193945067655,-0.014248349197804933,-0.027789855489797066,-0.006379083569687638,development,uptrend,high,uptrend_high
2019-08-27,-0.00497240830206136,-0.007030690645301152,-0.023118861626827747,-0.01067442570553434,development,uptrend,high,uptrend_high
2019-08-28,-0.0043424685089771264,-0.01802005425421327,-0.013472966810258113,0.0072617519341773296,development,uptrend,high,uptrend_high
2019-08-29,0.00322632337161588,-0.013028032600432948,-0.003785981735602184,0.0014288752608873079,development,downtrend,high,downtrend_high
2019-08-30,-0.014875517339475675,-0.010313869023494515,0.003840872244178728,-0.013078299178734043,development,uptrend,high,uptrend_high
2019-09-03,0.005027616959156989,0.01443874175631743,0.02273315130183895,0.004656917091200752,development,downtrend,high,downtrend_high
2019-09-04,-0.0012015343457824068,0.01308353383632399,0.01121905608476026,-0.014377231072507213,development,downtrend,high,downtrend_high
2019-09-05,0.00573332767459811,0.01395655867903578,0.017650139600579928,0.035869861411532034,development,downtrend,high,downtrend_high
2019-09-06,0.006066693626971542,0.004215129659927763,0.00610785735135444,0.06066729343868982,development,downtrend,high,downtrend_high
2019-09-09,0.0006528716790588085,0.0042979907172326914,-0.01912321626921154,0.05075034640363607,development,uptrend,high,uptrend_high
2019-09-11,-0.006827450994591033,-0.004955536172411512,-0.019681996139247482,0.03453518148089252,development,uptrend,high,uptrend_high
2019-09-12,0.008109785153224136,-0.01540031659085217,-0.025667164689729294,0.05319113854934043,development,uptrend,high,uptrend_high
2019-09-13,0.0007867675259172202,-0.014024677392450946,0.025407403999351263,0.04707211100083608,development,uptrend,high,uptrend_high
2019-09-16,-0.016590758854989063,-0.026845193695866798,0.05455410471247513,0.04312239004937979,development,uptrend,high,uptrend_high
2019-09-17,-0.0029568661835049914,0.03691784984875257,0.06579725585645146,0.04479992225438578,development,downtrend,high,downtrend_high
2019-09-18,-0.01294585513374702,0.06961605008696159,0.054862979869857,0.04322647772699706,development,downtrend,high,downtrend_high
2019-09-19,0.04907511075017523,0.0782931110578613,0.07671124479916491,0.039821174962786365,development,downtrend,high,downtrend_high
2019-09-20,0.004981503376770613,-0.008880071236851972,-0.002625018771587273,-0.03606606752695174,development,uptrend,high,uptrend_high
2019-09-23,-0.00021569016175670974,-0.001682383261702003,-0.010029592521685116,-0.023933014050107726,development,uptrend,high,uptrend_high
2019-09-24,-0.010778299612426712,-0.004535227047611778,-0.017721736613319994,-0.02856066579713612,development,uptrend,high,uptrend_high
2019-09-25,0.008836261100987786,0.0004011025509644828,-0.01358776397971384,-0.014368087664619389,development,uptrend,high,uptrend_high
2019-09-26,-0.0038030364462448008,-0.016999245037605304,-0.03302077405701109,-0.018621729700477485,development,uptrend,high,uptrend_high
2019-09-27,-0.0014533092636334066,-0.015416245075821733,-0.03174181762494199,-0.005469477276076384,development,uptrend,high,uptrend_high
2019-09-30,-0.01350365551566901,-0.02958215772526096,-0.01755046104189617,-0.004463621661548678,development,uptrend,high,uptrend_high
2019-10-01,-0.0007286537569829443,-0.01729776408178585,-0.00774582749122299,0.023325717889553843,development,uptrend,high,uptrend_high
2019-10-03,-0.018764642391855824,-0.006598825067166025,-0.007323243215246911,0.024006726935946965,development,uptrend,high,uptrend_high
2019-10-04,-0.006234240498550814,0.0034252343389729045,0.012946374018319773,0.03502522348847248,development,downtrend,high,downtrend_high
2019-10-07,0.014377326767082144,0.013637612175380065,0.024688499863536384,0.04045112783271598,development,downtrend,high,downtrend_high
2019-10-09,-0.0040734183158991355,0.005376569356411398,0.016267009441070845,0.026780693176277737,development,uptrend,high,uptrend_high
2019-10-10,0.004205975337193246,0.015154037362447692,0.02919329955147898,0.02897574012926052,development,uptrend,high,uptrend_high
2019-10-11,0.00046313039274248347,0.01130034712381045,0.028753712322628244,0.03978062643554492,development,uptrend,high,uptrend_high
2019-10-14,0.005937073161926154,0.019848867624646438,0.020024910796483608,0.04253643139516794,development,uptrend,high,uptrend_high
2019-10-15,-8.287827651343171e-05,0.017174031348431207,0.012136940125513362,0.035979223020842444,development,uptrend,high,uptrend_high
2019-10-16,0.010469794679398126,0.010644218864537702,0.010142749332261225,0.037004073843773355,development,uptrend,high,uptrend_high
2019-10-17,0.007042115149254569,0.0020551976277736195,0.0003109233783431531,0.031173631606141505,development,uptrend,high,uptrend_high
2019-10-18,-0.00590202398909867,-0.006395283474249003,0.011126151280874685,0.022308179612801293,development,uptrend,high,uptrend_high
2019-10-22,0.0006812071134898456,-0.0010606754350853675,0.021377641803968395,0.03189403452386963,development,uptrend,high,uptrend_high
2019-10-23,-0.006778695862255546,0.0107359777180982,0.01850508268203499,0.030047154761575712,development,uptrend,high,uptrend_high
2019-10-24,-0.00534511387128489,0.016996965702018363,0.020989701364905855,0.022496704165086756,development,uptrend,medium,uptrend_medium
2019-10-25,0.012272417149295833,0.02005333208089466,0.025536832809084364,0.02314506636317404,development,uptrend,medium,uptrend_medium
2019-10-29,-0.003349134538471743,0.0005637222233270123,0.0028020938911410553,-0.003656223452257912,development,uptrend,medium,uptrend_medium
2019-10-30,-0.001093314364591924,0.004276508335659734,0.006358010683632731,-0.0015433045541651813,development,uptrend,medium,uptrend_medium
2019-10-31,0.0003365133958785904,0.0025743767724257793,0.010553917809560609,0.0007445851823357774,development,uptrend,medium,uptrend_medium
2019-11-01,0.0010394431721674202,0.003114236253636271,-0.0017394729874941062,-0.00372208578922284,development,uptrend,medium,uptrend_medium
2019-11-04,-0.004793430756345418,0.0031274695216680914,-0.005106593627951073,-0.0028810984187721544,development,uptrend,medium,uptrend_medium
2019-11-05,0.004579591544935591,-0.00028120802375852794,-0.0059648075126977895,0.00735420470763537,development,uptrend,medium,uptrend_medium
2019-11-06,-0.000752826694859321,-0.008955038853396324,-0.012394872752222952,-0.0043838933593812746,development,uptrend,low,uptrend_low
2019-11-07,-0.006590390328445772,-0.012238120865425417,-0.0076498744342289315,-0.006068998688537053,development,uptrend,low,uptrend_low
2019-11-08,0.0028831907398543244,-0.0005977326605121069,0.0004461415415484282,0.01637734876833452,development,uptrend,low,uptrend_low
2019-11-11,-0.005697673932284819,-0.0010790465125796178,0.002670389997653677,0.010866403495658039,development,uptrend,low,uptrend_low
2019-11-13,0.0011257180879098438,0.0021713924317487976,0.011835109887214035,0.020402672736376193,development,uptrend,low,uptrend_low
2019-11-14,-0.000735034681577762,0.003015693072486725,0.005393070870715055,0.020744795220240198,development,uptrend,low,uptrend_low
2019-11-15,-0.0025723880622703366,0.00704558616532891,-6.2945072064724e-05,0.011825231696056537,development,uptrend,low,uptrend_low
2019-11-18,0.001732413301296365,0.004106749431425083,0.012945211579321159,0.010801672718984356,development,uptrend,low,uptrend_low
2019-11-19,-0.00047067957475166455,-0.007526155011557956,0.0027447631406318784,-0.0008788025312896908,development,uptrend,low,uptrend_low
2019-11-20,-0.004760657273441993,0.003999751182896416,0.0062408104551257,0.001459364285293141,development,uptrend,low,uptrend_low
2019-11-21,-0.004420329976339343,0.005882729753074578,0.015362745894064389,0.0042700180300894175,development,uptrend,low,uptrend_low
2019-11-22,0.012690328096064185,0.014950785877057449,0.011205717548522509,-7.969798966944719e-05,development,uptrend,low,uptrend_low
2019-11-25,-0.005986688810318941,0.003381463118037553,-0.005119651120548685,-0.014260721749203342,development,uptrend,low,uptrend_low
2019-11-26,0.002668119096200794,-0.0010316274029498196,-0.006156506996519817,-0.017541549928532962,development,uptrend,low,uptrend_low
2019-11-27,0.0015702790006173473,-0.006915490044086647,-0.007327619861759449,-0.018294378211211715,development,uptrend,low,uptrend_low
2019-11-28,-0.007422106434553211,-0.012514201771403388,-0.010521793040824456,-0.0143584320874528,development,uptrend,low,uptrend_low
2019-11-29,-0.007320527706880187,-0.0077324894340264905,-0.017759653965022992,-0.004148422407853514,development,uptrend,low,uptrend_low
2019-12-02,-0.0060865365613808065,-0.004081158999954204,-0.010785064731914207,-0.0011352827492535633,development,uptrend,low,uptrend_low
2019-12-03,0.006119490791923754,-0.004047652205894203,-0.009452870628426702,0.016294955409579037,development,uptrend,low,uptrend_low
2019-12-04,-0.004378138914776897,-0.011080045562804175,-0.013345727192709989,0.012459388267577864,development,uptrend,low,uptrend_low
2019-12-05,-0.010446248631903798,-0.015816740682881636,-0.006271072653914578,0.017626332166226222,development,uptrend,low,uptrend_low
2019-12-06,-0.00013398073785597653,-0.0024247405329684835,0.012362790391797995,0.027866439362919104,development,downtrend,low,downtrend_low
2019-12-09,-0.00784069246579644,0.001782335859378259,0.008656557910756923,0.02612861386552856,development,downtrend,low,downtrend_low
2019-12-10,0.003606599844011349,0.018483536186059357,0.025081454614757526,0.029256759659142206,development,downtrend,low,downtrend_low
2019-12-11,0.0023023534614567964,0.009180143869293111,0.023220330238919118,0.015258324303654591,development,downtrend,low,downtrend_low
2019-12-12,0.005013952864441951,0.011524612924332933,0.0193989720207024,0.018243148983591917,development,downtrend,low,downtrend_low
2019-12-13,-0.006380115696499766,0.007443589061205236,0.011577458389622208,0.010262666892708161,development,uptrend,low,uptrend_low
2019-12-16,0.0068322073216180446,0.014670037710460937,0.014922453788176915,0.007117761597177141,development,uptrend,low,uptrend_low
2019-12-17,0.0020210207940476455,0.006132639557883124,0.001438862399565366,-0.0011888169221939693,development,uptrend,low,uptrend_low
2019-12-18,0.0029696977540996095,0.0032192031773072838,-0.007923375070964855,0.004810429406582939,development,uptrend,low,uptrend_low
2019-12-19,0.00043611715613089963,-0.004231084771764926,-0.0016834854661449405,-0.00324460655314196,development,uptrend,low,uptrend_low
2019-12-20,0.002231205574925177,-0.008900399158726535,0.0016672385353107,-0.0198113176675645,development,uptrend,low,uptrend_low
2019-12-23,-0.0044583161409621486,-0.001911298189579691,-0.008215645185117304,-0.017629423533427113,development,uptrend,low,uptrend_low
2019-12-24,-0.006985002879663305,0.003603057801024878,-0.0024033713412642266,-0.015272051815707344,development,uptrend,low,uptrend_low
2019-12-26,0.005988664305397906,-0.0003655821677409632,0.008978945130585059,0.0035324366929936346,development,uptrend,low,uptrend_low
2019-12-27,-0.0015520110667903708,-0.007527587816156256,-0.0039307854617582905,-0.001474601451863844,development,uptrend,low,uptrend_low
2019-12-30,-0.006421880818401671,0.002866032534807772,-0.02074367097439367,0.006732222154001599,development,uptrend,low,uptrend_low
2019-12-31,-0.0016104039038968843,0.002007842815871408,-0.012227368991217458,0.013124687775160071,development,uptrend,low,uptrend_low
2020-01-01,0.006857404524663657,-0.01684626478477247,-0.014198425065735654,0.011866164611171737,oos,uptrend,low,uptrend_low
2020-01-02,-0.0028096353383884054,-0.01697640674114953,-0.0036863919379171994,0.007699178184052968,oos,uptrend,low,uptrend_low
2020-01-03,-0.01458841884427231,-0.011934498271401028,0.007082658051301038,0.01493352881808696,oos,uptrend,low,uptrend_low
2020-01-06,-0.0021648479529222664,0.011325412131200974,0.020734177497643724,0.012041476601419188,oos,downtrend,medium,downtrend_medium
2020-01-07,0.007224162861684702,0.02661006321306103,0.035446575467063646,0.019327253105318576,oos,downtrend,medium,downtrend_medium
2020-01-08,0.005163270261874242,0.014514706754437556,0.01564610063652161,-0.0038055976033735117,oos,downtrend,medium,downtrend_medium
2020-01-09,-0.001157215818800461,0.007440290496903312,0.006886154347648832,-0.0073873678286203726,oos,uptrend,medium,uptrend_medium
2020-01-10,0.002671416628301726,0.0037896027905732765,0.0045255567085968895,-0.003940097306021073,oos,uptrend,medium,uptrend_medium
2020-01-13,0.0023676282716718067,0.0018162823081371293,-0.008801502308874998,-0.01735975676481627,oos,uptrend,medium,uptrend_medium
2020-01-14,-0.0004939985541428937,0.00023881473243347884,-0.014539230697087513,-0.023774481080100496,oos,uptrend,medium,uptrend_medium
2020-01-15,0.0006803533534807116,-0.009925392081104545,-0.019453898190601726,-0.017623540447489372,oos,uptrend,medium,uptrend_medium
2020-01-16,0.0019426055279816445,-0.012860612587709985,-0.012008920586533134,-0.02373386462691507,oos,uptrend,medium,uptrend_medium
2020-01-17,-0.016568134452556227,-0.026032710621053057,-0.014661518040304133,-0.03768154061582396,oos,uptrend,medium,uptrend_medium
2020-01-20,-0.002086885580518283,-0.0012258981371456867,-0.006256492739782682,-0.03996616908713946,oos,uptrend,medium,uptrend_medium
2020-01-21,-0.009121462579895878,0.0024471709830644617,-0.013303744767851233,-0.01953612610387645,oos,downtrend,medium,downtrend_medium
2020-01-22,0.004668490308279205,-0.00039179296834723765,0.0004742756985256502,-0.002853870244355128,oos,downtrend,medium,downtrend_medium
2020-01-23,0.0060536279776131074,-0.00975395410138935,-0.011396725318465362,-0.0030062392418739314,oos,downtrend,medium,downtrend_medium
2020-01-24,-0.006403129586231349,-0.005542269190213167,-0.019266875529931116,-0.00809618705779025,oos,uptrend,medium,uptrend_medium
2020-01-27,-0.007597880133965118,-0.009244228175478209,-0.03623605608323188,-0.009598176926785884,oos,downtrend,medium,downtrend_medium
2020-01-28,0.001205095287972524,-0.012612632074816221,-0.011163938261074091,-0.0005778008711830873,oos,downtrend,medium,downtrend_medium
2020-01-29,-0.009215714458438828,-0.03620831918462264,-0.004823906433290115,0.004400007846103282,oos,downtrend,high,downtrend_high
2020-01-30,-0.011429438430578753,-0.00997900863623924,0.003103186958721915,0.006136160589985673,oos,downtrend,medium,downtrend_medium
2020-01-31,0.006918988596909426,0.03970777664553071,0.040498940537482486,0.04179764194525859,oos,downtrend,medium,downtrend_medium
2020-02-03,0.016408984250715797,0.02983987233534835,0.020808145084314278,0.02202140669742292,oos,downtrend,high,downtrend_high
2020-02-04,0.006938349551284917,0.007704577602552165,0.008500088254504767,-0.0011119254204696727,oos,downtrend,high,downtrend_high
2020-02-05,0.0014810392172028841,-0.007301980198019753,0.006699686081889533,0.00048683090965351283,oos,downtrend,high,downtrend_high
2020-02-06,-0.004345331886496773,-0.0035593337757854338,0.0019339732654557462,-0.005785524743750936,oos,downtrend,high,downtrend_high
2020-02-07,-0.005854202833482591,0.008167883851324609,0.0009172256872254092,-0.022553407194464303,oos,downtrend,high,downtrend_high
2020-02-10,-4.129364605309771e-05,0.005471408102039277,-0.005170012876842822,-0.02564335419899122,oos,downtrend,high,downtrend_high
2020-02-11,0.0041313632880009,-0.0030902645615586977,-0.01304419389350675,-0.038885688420706166,oos,downtrend,high,downtrend_high
2020-02-12,-0.003674391837682589,-0.014219018112545223,-0.007663900516742039,-0.04797639924304831,oos,uptrend,high,uptrend_high
2020-02-13,-0.006291981054761031,-0.016213941936024434,-0.008966319343693963,-0.08108188651922976,oos,uptrend,high,uptrend_high
2020-02-14,-0.007088808040400685,-0.0004862769051151572,-0.02492617904440353,-0.08234967777011004,oos,uptrend,high,uptrend_high
2020-02-17,-0.0029721696838692635,0.004373005996300305,-0.019150716802111667,-0.060270629169870915,oos,downtrend,high,downtrend_high
2020-02-18,0.002919688219815697,-0.02160349587190591,-0.034084298768396915,-0.0694423466578099,oos,downtrend,high,downtrend_high
2020-02-19,-0.003147981733228833,-0.02649555321189867,-0.040077580271680846,-0.07013780014852711,oos,uptrend,high,uptrend_high
2020-02-20,-0.015246506115715097,-0.027808401223622603,-0.06749606185783408,-0.08516922934844107,oos,uptrend,high,uptrend_high
2020-02-24,-0.006701714112818391,-0.020559898573984436,-0.06270258892864655,-0.12006312815723008,oos,downtrend,high,downtrend_high
2020-02-25,-0.005115606756085023,-0.04572965260778139,-0.03707868580377738,-0.10905515888779582,oos,downtrend,high,downtrend_high
2020-02-26,-0.0023968438471433373,-0.04532104191231645,-0.03518061957337337,-0.17760528325651193,oos,downtrend,high,downtrend_high
2020-02-27,-0.01583640836408362,-0.006914443446889851,-0.009927956422421391,-0.12535580782705147,oos,downtrend,high,downtrend_high
2020-02-28,-0.02235810949067485,-0.011973779154259567,-0.03494223218850823,-0.19231421655369696,oos,downtrend,high,downtrend_high
2020-03-02,0.007644271832353944,0.004586580510745897,-0.06829473661484153,-0.20062313421239097,oos,downtrend,high,downtrend_high
2020-03-03,-0.008840324087289297,-0.031881619940910766,-0.07866458610459148,-0.25393895033475333,oos,downtrend,high,downtrend_high
2020-03-04,-0.003276989340002645,-0.07558781573920559,-0.1517682518390363,-0.26911252488146076,oos,downtrend,high,downtrend_high
2020-03-05,0.004276825359201375,-0.04425344708215073,-0.0902386679701005,-0.20079232332917518,oos,downtrend,high,downtrend_high
2020-03-06,-0.027052528582411806,-0.10723273816509826,-0.14379466136793206,-0.2915458279965225,oos,downtrend,high,downtrend_high
2020-03-09,0.012008610963774258,-0.03668362797090963,-0.13230214197771129,-0.24513029889562055,oos,downtrend,high,downtrend_high
2020-03-11,-0.04480099960032713,-0.08391971955009037,-0.15648985901927548,-0.171524813613271,oos,downtrend,high,downtrend_high
2020-03-12,0.09306520074345537,-0.015432145759111338,-0.09268626754228038,-0.05118246673719218,oos,downtrend,high,downtrend_high
2020-03-13,-0.04071835269981683,-0.1167108223779264,-0.08785640361026026,-0.09674271715957383,oos,downtrend,high,downtrend_high
2020-03-16,-0.03428506823022115,-0.11005989535403471,-0.18040690978886753,-0.10815912497042046,oos,downtrend,high,downtrend_high
2020-03-17,-0.06817998418966897,-0.037740207915416324,-0.14165235688797584,-0.053991625058977144,oos,downtrend,high,downtrend_high
2020-03-18,0.02482239225541938,-0.05618665008885382,0.031568937141531084,0.023625563307128283,oos,downtrend,high,downtrend_high
2020-03-19,0.05564642059902081,-0.058350328534598095,0.043092781244794987,-0.02422012154029629,oos,downtrend,high,downtrend_high
2020-03-20,-0.04221782688332443,0.046836578893581615,0.08992911727389896,0.10653560783722815,oos,downtrend,high,downtrend_high
2020-03-23,-0.006020412213582738,0.10106015447463923,0.05514567682914007,0.114731880499098,oos,downtrend,high,downtrend_high
2020-03-24,0.07533140461242938,0.11959691917230253,0.11151692062165242,0.17798627119871258,oos,downtrend,high,downtrend_high
2020-03-25,0.022535817691693216,-0.02010417591113478,-0.023334539736421744,0.0642349555525974,oos,downtrend,high,downtrend_high
2020-03-26,-0.032276946506708204,-0.03926088933091432,-0.09669126978774711,-0.0026594636026363583,oos,downtrend,high,downtrend_high
2020-03-27,-0.01250312528639963,-0.01575854703965074,0.04844412267402709,0.07236503857537957,oos,downtrend,high,downtrend_high
2020-03-30,0.008019414581132756,-0.05223725431512105,0.02572299186609106,0.08645446890985564,oos,downtrend,high,downtrend_high
2020-03-31,-0.03847809551589643,0.024242564206760298,0.061485864012291946,0.07895411642938122,oos,downtrend,high,downtrend_high
2020-04-01,-0.0326390683206369,0.0469332684515924,0.07626350821603611,0.07477971234904501,oos,downtrend,high,downtrend_high
2020-04-03,0.040952890451867896,0.07880380774171747,0.05671122397693784,0.08773072435680795,oos,downtrend,high,downtrend_high
2020-04-07,0.006888053342120948,0.03509641094275051,0.034975589591336176,0.07193085107459063,oos,downtrend,high,downtrend_high
2020-04-08,0.01547417978945842,-0.005321490578939603,0.03273136800812937,0.020210585016786853,oos,downtrend,high,downtrend_high
2020-04-09,-0.012093715758044188,-0.012209028854554771,0.017344055127168856,0.019590354247195796,oos,uptrend,high,uptrend_high
2020-04-13,-0.02947898899811552,0.0076496897032360955,-0.023373296744628957,0.020062197399330683,oos,uptrend,high,uptrend_high
2020-04-15,0.015992069446405965,0.04638888398531282,0.03796636686202515,0.07932208551052122,oos,uptrend,high,uptrend_high
2020-04-16,-0.0060814606314952835,-0.03668169967507795,-0.0010242779751535869,0.05753773378681304,oos,uptrend,high,uptrend_high
2020-04-17,-0.013668567577672208,-0.021607674640023777,-0.02511126491267024,-0.010297990809692403,oos,uptrend,high,uptrend_high
2020-04-20,-0.003937029619887955,0.0329324426641362,0.029427866809438763,0.02092164312503031,oos,uptrend,high,uptrend_high
2020-04-21,0.017786003233445147,0.014141345514720127,0.0392334329215942,0.02704743020743905,oos,uptrend,high,uptrend_high
2020-04-22,0.008833155664641268,0.00541034486624925,0.03476904727200103,-0.0036068613187790755,oos,uptrend,high,uptrend_high
2020-04-23,-0.0010366764799973893,0.02367987327994081,0.07595019263981007,0.009559205757476041,oos,uptrend,high,uptrend_high
2020-04-24,0.002440641586478165,0.031712626528789034,0.003650205079491764,-0.002213894571919006,oos,uptrend,high,uptrend_high
2020-04-27,-0.0009477746328582226,0.05006502755285802,-0.019617052455212614,-0.02058084347054212,oos,uptrend,high,uptrend_high
2020-04-28,0.015384861298143315,-0.012233447500551664,-0.014635463774310575,-0.0026624371030242733,oos,uptrend,high,uptrend_high
2020-04-29,0.010908944545547694,-0.0561747465653355,-0.05684628034167227,-0.06261854718818882,oos,uptrend,high,uptrend_high
2020-04-30,-0.025174385063198246,-0.027544932016048684,-0.0295799024492579,-0.04160595695442393,oos,uptrend,high,uptrend_high
2020-05-04,-0.02373435976613203,-0.02442897495014862,-0.020170974551213527,-0.06428302601591229,oos,uptrend,high,uptrend_high
2020-05-05,0.004779618813783637,0.0026770056612641646,-0.0032784931547590324,-0.03768372595836067,oos,uptrend,high,uptrend_high
2020-05-06,-0.0037903196041061404,0.0005577607587068378,0.016190079451825046,-0.018139386676793934,oos,uptrend,high,uptrend_high
2020-05-07,-0.013378571145148288,-0.019238706281620388,-0.024976158605340082,-0.028868682212668917,oos,uptrend,high,uptrend_high
2020-05-08,-0.011654732835894799,0.0037867826878352773,-0.022603485440489623,-0.03304401167259652,oos,uptrend,high,uptrend_high
2020-05-11,0.0030211200415128925,-0.002846552237950717,-0.03769279943490733,-0.01524725681448158,oos,uptrend,high,uptrend_high
2020-05-12,-0.02093553833768369,-0.046675839070670966,-0.07356905861402552,-0.028093111006976534,oos,downtrend,high,downtrend_high
2020-05-13,-0.007727434358037022,-0.042403115605211816,-0.01599752413465272,0.029970795175666254,oos,uptrend,high,uptrend_high
2020-05-14,-0.004960661625745044,-0.0330306639165574,-0.00829308104477211,0.043332832063035065,oos,downtrend,high,downtrend_high
2020-05-15,-0.03658428003372538,-0.01001823503889221,-0.012999116345434159,0.0729229879104496,oos,downtrend,high,downtrend_high
2020-05-18,-0.009217066420131426,0.016129730021889,0.007515271422517289,0.11352749945759855,oos,downtrend,high,downtrend_high
2020-05-19,0.019956846972641662,0.016885709294929274,0.04790106882841938,0.13189105398632672,oos,downtrend,high,downtrend_high
2020-05-20,0.002951699068885816,-0.005551039935327906,0.04522844503013057,0.10459327312052236,oos,downtrend,high,downtrend_high
2020-05-21,-0.0031595396277864785,0.027244433004901092,0.056506952214897765,0.11846733573635548,oos,downtrend,high,downtrend_high
2020-05-22,-0.007769465679002163,0.04289673995164711,0.07982641178329075,0.11733291522431943,oos,downtrend,high,downtrend_high
2020-05-26,0.02562705016347544,0.054843495922065166,0.0987535393158816,0.10619125042082556,oos,downtrend,high,downtrend_high
2020-05-27,0.013363596330191019,0.049247479772326797,0.07438369610589857,0.0802140085794052,oos,uptrend,high,uptrend_high
2020-05-28,0.016779478900655675,0.059105028816895055,0.06441164499608387,0.050922268126525116,oos,uptrend,high,uptrend_high
2020-05-29,0.01020893559969216,0.034409928060356476,0.042696330048088926,0.025296040458243407,oos,uptrend,high,uptrend_high
2020-06-01,0.00994347691586972,0.015003770511732073,0.029005662191798898,-0.006795914998927621,oos,uptrend,high,uptrend_high
2020-06-02,-0.004624912290227212,0.0033487912499194916,-0.006098890540811919,-0.019221808656426864,oos,uptrend,high,uptrend_high
2020-06-03,-0.0025014685953701488,0.01125893978292769,0.006156639294328192,-0.017216561093567395,oos,uptrend,high,uptrend_high
2020-06-04,0.004790127293295976,-0.004671126332484232,-0.019001744476686455,-0.00021294399572913125,oos,uptrend,high,uptrend_high
2020-06-05,-0.015425937946352941,-0.020393600055680583,-0.034265340922846055,-0.007974397499213248,oos,uptrend,high,uptrend_high
2020-06-08,-0.013210687873135618,-0.02741835449970831,-0.0360912255702317,0.012773586451217955,oos,uptrend,high,uptrend_high
2020-06-09,0.004323688316714813,-0.009898062329133595,-0.015745648147017066,0.03955288665045242,oos,uptrend,high,uptrend_high
2020-06-10,-0.019030881089838414,-0.02777854637000765,-0.021096405523105877,0.020923133660811777,oos,uptrend,high,uptrend_high
2020-06-11,0.04483524654981075,0.038664403389840674,0.05727638008849789,0.07794175769275902,oos,uptrend,high,uptrend_high
2020-06-12,-0.010650840853784205,-0.003850980180585384,0.03276936432836153,0.046742015241280965,oos,uptrend,high,uptrend_high
2020-06-15,-0.010065084340509678,0.007673701665162458,0.02959623720948157,0.02971607937666465,oos,uptrend,high,uptrend_high
2020-06-16,0.00045057511360035996,0.03722905302795465,0.0601718988057931,0.043071006069860696,oos,uptrend,medium,uptrend_medium
2020-06-17,0.023156707031150914,0.04541608448660428,0.04481786476947258,0.05746582563429903,oos,uptrend,medium,uptrend_medium
2020-06-18,0.012392567509141195,0.03478604605198132,0.016790235262871933,0.042761161706937445,oos,uptrend,medium,uptrend_medium
2020-06-19,-0.0007316588431254267,-0.0013034713809811915,0.006226529376135659,0.02796846608116299,oos,uptrend,medium,uptrend_medium
2020-06-22,0.011891225060518762,-0.0057064252893532785,-0.003435444123378484,0.04017222613815896,oos,uptrend,medium,uptrend_medium
2020-06-23,-0.02126933972623879,-0.01388987819645271,-0.021573273559370332,0.025680878564475096,oos,uptrend,medium,uptrend_medium
2020-06-24,0.005212283360984449,0.007508203018298465,0.01900239886585542,0.04593795196982642,oos,uptrend,medium,uptrend_medium
2020-06-25,0.00039499457752789624,-0.007399703086019782,0.016649143761277907,0.04186857839776725,oos,uptrend,medium,uptrend_medium
2020-06-26,4.365763061042749e-05,0.011452693926768953,0.028646318927798786,0.044230199015345306,oos,uptrend,medium,uptrend_medium
2020-06-29,-0.007753356869055428,0.01628692160919032,0.03670090300948603,0.04046198464189721,oos,uptrend,medium,uptrend_medium
2020-06-30,0.010291753231378653,0.02746564346964142,0.046092581698595314,0.02746564346964142,oos,uptrend,medium,uptrend_medium
2020-07-01,0.005589451276482027,0.02578855442167205,0.02027057902817564,0.0119269795678556,oos,uptrend,medium,uptrend_medium
2020-07-02,-0.0007160265284010814,0.01740000583272283,0.01870004063586239,0.01177584422913247,oos,uptrend,medium,uptrend_medium
2020-07-03,0.003711426651787919,-0.001687790302390746,0.0041216724331771815,0.016584584120055146,oos,uptrend,medium,uptrend_medium
2020-07-06,-0.00029614581945336393,0.0009812768223951274,-1.3830986073326557e-05,0.020304881940329977,oos,uptrend,medium,uptrend_medium
2020-07-07,-0.010435718555323215,-0.004677162502759846,-0.019531159028219003,0.03175993279834133,oos,uptrend,medium,uptrend_medium
2020-07-08,0.005383303659638683,0.004383819654152132,-0.01277011513768822,0.035056302237861825,oos,uptrend,medium,uptrend_medium
2020-07-09,0.0003669787028968141,-0.014562295564738093,-0.0022435145473260754,0.04193110453422366,oos,uptrend,medium,uptrend_medium
2020-07-10,-0.004529127829051349,-0.021530837827004934,0.004593740950338487,0.03154308192349853,oos,uptrend,medium,uptrend_medium
2020-07-13,-0.01334778228828204,-0.0010138188569762674,0.025239920173460106,0.03543442696661869,oos,uptrend,medium,uptrend_medium
2020-07-14,-0.007737576365526633,0.01875527476988137,0.0431034482758621,0.05602745581604518,oos,uptrend,medium,uptrend_medium
2020-07-15,0.003152378937839817,0.029515607240218955,0.0398273342814186,0.04638895266314447,oos,uptrend,medium,uptrend_medium
2020-07-16,0.013923009236653572,0.03815569196428581,0.04310362679617752,0.032566070556640625,oos,uptrend,medium,uptrend_medium
2020-07-17,0.0020682851957178894,0.01210509722742703,0.017700902486514458,0.006727608988268852,oos,uptrend,medium,uptrend_medium
2020-07-20,0.003249152164208402,0.008030719575996992,0.0005123264677315831,-0.021076568450133837,oos,uptrend,medium,uptrend_medium
2020-07-21,-0.008779167339448946,-0.003298828624118344,0.006174728272045682,-0.012104689877154962,oos,uptrend,medium,uptrend_medium
2020-07-22,0.00722498386282,-0.0002873996688369518,0.006093364110911548,-0.002995025538841456,oos,uptrend,medium,uptrend_medium
2020-07-23,0.003964160784420523,0.01350675175556515,-0.00428699714798686,0.004502279780012275,oos,uptrend,medium,uptrend_medium
2020-07-24,-0.008302912722717104,-0.0019733087416481387,-0.013501096185968842,-0.0009755185133630828,oos,uptrend,medium,uptrend_medium
2020-07-27,0.0131297191563009,-0.004657410330667688,-0.02353394798262065,0.010404316378209488,oos,uptrend,medium,uptrend_medium
2020-07-28,-0.0065665899923672555,-0.018041322372736146,-0.016108184370947742,0.0040436297027957036,oos,uptrend,medium,uptrend_medium
2020-07-29,-0.013519225247503042,-0.032227699777593655,-0.013563652711554797,0.004807103673830193,oos,uptrend,medium,uptrend_medium
2020-07-30,-0.005929332976120971,-0.003972350644104283,0.005444624141568211,0.014448601401544137,oos,uptrend,medium,uptrend_medium
2020-07-31,-0.01500786324671588,0.003988278300026682,0.014153225874113273,0.0109292373149672,oos,uptrend,medium,uptrend_medium
2020-08-03,0.013574893147429323,0.023157768902266618,0.0295524190922416,0.02744668076796475,oos,downtrend,medium,downtrend_medium
2020-08-04,-0.004849482049615661,0.0052259870190261015,0.014947448625148407,0.02058127955314526,oos,uptrend,medium,uptrend_medium
2020-08-05,0.0012918453972650124,0.007549835400370464,0.010969379937781465,0.019909365656503475,oos,uptrend,medium,uptrend_medium
2020-08-06,0.00244929564308749,0.012143904084894741,0.010172822132965775,0.01122318122971988,oos,uptrend,medium,uptrend_medium
2020-08-07,-8.838257802623595e-06,0.0033850527384042817,-0.008149740189880461,0.008992667365408824,oos,uptrend,medium,uptrend_medium
2020-08-10,2.2080416878234033e-05,-0.0019253951014595039,-0.006637407814259588,0.012736001705712097,oos,uptrend,medium,uptrend_medium
2020-08-11,0.0017185216250332758,-0.009797113063601759,0.008534822338116754,0.01623261582071045,oos,uptrend,medium,uptrend_medium
2020-08-12,-0.0030348363893640817,-0.007741611315903341,0.006488906671436201,0.018945994644903097,oos,uptrend,medium,uptrend_medium
2020-08-13,-0.01540516123693736,0.0028229506169006324,-0.003620058492424416,0.01814011775038904,oos,uptrend,medium,uptrend_medium
2020-08-14,-0.0001600850916504415,0.014179163692562335,0.010907663370569143,0.03544339490127246,oos,uptrend,medium,uptrend_medium
2020-08-17,0.011150269708634974,0.004653758639934669,0.01835293648284675,0.01134124918094348,oos,uptrend,low,uptrend_low
2020-08-18,-0.003820243230111209,-0.007033681754296639,0.001755094780405031,0.0015804550898856906,oos,uptrend,low,uptrend_low
2020-08-19,-0.0004638854078787835,0.01316550967122554,0.0205125191678468,0.019222510453600794,oos,uptrend,low,uptrend_low
2020-08-20,-0.003334964696312226,0.005486549300970367,0.013111673386410061,0.010324576183709633,oos,uptrend,medium,uptrend_medium
2020-08-21,0.0047713104900544145,0.012057449121538832,0.02064490092665605,-0.006848088908604999,oos,uptrend,medium,uptrend_medium
2020-08-24,-0.0035480983193906246,0.004008511364517409,-0.010909278442507775,-0.013727823961394492,oos,uptrend,medium,uptrend_medium
2020-08-25,0.003192085473788797,0.011704313403891886,-0.003700179436054718,-0.01698102612586916,oos,uptrend,low,uptrend_low
2020-08-26,-0.0043111820290222536,-0.019105355914569744,-0.0064000246300384145,-0.02853744930884894,oos,uptrend,low,uptrend_low
2020-08-27,0.003848108740528655,-0.011436763329908062,-0.006506965791381325,-0.01324664785466323,oos,uptrend,low,uptrend_low
2020-08-28,-0.03311807728737082,-0.020594249967931688,-0.03767338730640779,-0.02658444367183954,oos,uptrend,low,uptrend_low
2020-08-31,0.0005190195139581633,0.005508438517909164,-0.009529583303057865,-0.002115262197703971,oos,uptrend,low,uptrend_low
2020-09-01,0.004917885645227438,-0.012606139083301993,-0.014043602898919372,0.0037678975773001167,oos,uptrend,low,uptrend_low
2020-09-02,-0.003350279205413087,-0.01825581323679437,-0.024917448292940736,0.0033156619051555314,oos,uptrend,low,uptrend_low
2020-09-03,-0.001809939806858285,-0.0032631209024998054,0.008353555107437849,0.014241105931362963,oos,uptrend,low,uptrend_low
2020-09-04,-0.00040052509278099,-0.0071833173862621,0.009230130422111626,0.012795396927330449,oos,downtrend,low,downtrend_low
2020-09-07,-0.00537855845982127,0.00621346274578638,0.005404906693352585,-0.011249236695107578,oos,downtrend,low,downtrend_low
2020-09-08,0.00529481331835413,0.0219145521275268,0.027026563552471128,-0.005789423012808492,oos,downtrend,low,downtrend_low
2020-09-09,0.007563841207203215,0.006754200040409053,0.021230628791513606,-0.020368220436903672,oos,downtrend,low,downtrend_low
2020-09-10,0.001454462072107754,0.006464124221468248,0.0059661948892164585,-0.05610248353024305,oos,uptrend,medium,uptrend_medium
2020-09-11,-0.008674114508838593,0.0055804657550058145,-0.0030502371391187832,-0.042451820300625,oos,uptrend,medium,uptrend_medium
2020-09-14,0.003012014136318353,0.002515792671071715,-0.02060122454569635,-0.022603453079102276,oos,uptrend,medium,uptrend_medium
2020-09-15,0.005728638444169265,-0.0029033361875244745,-0.033349349191092004,-0.027391010000276772,oos,uptrend,low,uptrend_low
2020-09-16,-0.0020192367420520663,-0.025031680690460467,-0.03531819396622271,-0.025291659536712974,oos,uptrend,low,uptrend_low
2020-09-17,-0.006832590942022376,-0.0371586254663796,-0.06720848671375546,-0.014429210702506912,oos,uptrend,low,uptrend_low
2020-09-18,-0.0220144651593126,-0.03233281190802195,-0.039426086370408675,-3.9134487746950164e-05,oos,uptrend,low,uptrend_low
2020-09-21,-0.013104130720906104,-0.04390472230517395,-0.006565372204525799,0.031911021799721384,oos,downtrend,medium,downtrend_medium
2020-09-22,-0.011271268180304217,-0.018518929721327848,-0.0032285652825579936,0.042642354557566264,oos,downtrend,medium,downtrend_medium
2020-09-23,-0.01865863185110339,0.019666679201480353,0.02148304465420936,0.07479789386749625,oos,downtrend,medium,downtrend_medium
2020-09-24,0.012818008905994827,0.028596567387947802,0.04642815905480102,0.09200393832934273,oos,downtrend,medium,downtrend_medium
2020-09-25,0.007782188823332037,0.009577384046429716,0.03253791341864609,0.07091923988208504,oos,downtrend,medium,downtrend_medium
2020-09-28,-0.005864254295548155,0.01136992987428731,0.033113122458481525,0.057217051979467026,oos,downtrend,medium,downtrend_medium
2020-09-29,0.00027565681924501817,0.02302463967250512,0.04396830485038761,0.06461850928717694,oos,downtrend,medium,downtrend_medium
2020-09-30,0.004619669152288175,0.026217739546731123,0.04137018562115946,0.02779715768324631,oos,downtrend,medium,downtrend_medium
2020-10-01,0.0013535929378882816,0.021853601991310923,0.03711767247641373,0.0239080063453867,oos,uptrend,medium,uptrend_medium
2020-10-05,0.005080402321743449,0.019920748585268155,0.028224363830363197,0.023234435003126164,oos,uptrend,medium,uptrend_medium
2020-10-06,0.005103033959800607,0.020116890666138643,0.021854999250808138,0.018627035527752245,oos,uptrend,medium,uptrend_medium
2020-10-07,-6.765983604861692e-05,0.008073221144523801,0.011461328690658412,0.00863933594346289,oos,uptrend,medium,uptrend_medium
2020-10-08,0.005243851624755935,0.00695661903815914,-0.014486962014333749,0.003746220388598065,oos,uptrend,medium,uptrend_medium
2020-10-09,-0.0035578095109540797,-0.0002087935525203477,-0.01763049495082547,-0.003607968899547842,oos,uptrend,medium,uptrend_medium
2020-10-12,-1.2601175575110979e-05,-0.02130776963938219,-0.005161490611060415,-0.013984522810664424,oos,uptrend,medium,uptrend_medium
2020-10-13,0.004501771552855027,-0.013002013042575422,-0.0017286140653380855,-0.0023495056876687848,oos,uptrend,medium,uptrend_medium
2020-10-14,-0.02853595102604256,-0.012508921165044207,-0.007136038599049543,-0.024439789009319646,oos,uptrend,medium,uptrend_medium
2020-10-15,0.00298871050019911,0.014444754030733087,0.014414942703127931,-0.004826354013012679,oos,uptrend,high,uptrend_high
2020-10-16,-0.0005177445050068563,0.004920381368399118,0.0043057961160284375,-0.019933985520417474,oos,uptrend,high,uptrend_high
2020-10-19,0.0030182787865693506,0.002988803246986027,-0.007861900345670692,-0.016174825847314778,oos,uptrend,high,uptrend_high
2020-10-20,-0.0017476545571025737,-0.0023581617983015057,-0.005782424724726676,-0.012129380824307257,oos,uptrend,medium,uptrend_medium
2020-10-21,0.0005424890927250292,-0.010281749369217885,-0.013490360859966355,0.001555929352397012,oos,uptrend,medium,uptrend_medium
2020-10-22,-0.002303981497587926,-0.005728430390146366,-0.024009280606032357,0.01358093049427156,oos,uptrend,medium,uptrend_medium
2020-10-23,-0.014211669632714585,-0.01740754054066873,-0.024712248089766464,0.027321644863201655,oos,uptrend,medium,uptrend_medium
2020-10-26,0.006970448626066661,-0.01154388539072504,-0.011683582193248054,0.05538618432534048,oos,uptrend,medium,uptrend_medium
2020-10-27,-0.016187744814330607,-0.02350152046787457,-0.009150656144588876,0.05942495959043126,oos,uptrend,medium,uptrend_medium
2020-10-28,0.0032235049925293247,0.0030817211401235056,0.02365624542759659,0.09591866492496659,oos,downtrend,medium,downtrend_medium
2020-10-29,-0.0030868654731233125,0.011564017693178608,0.03783461007115041,0.08668527008672244,oos,downtrend,medium,downtrend_medium
2020-10-30,-0.0024107357385813044,0.018051131040468293,0.048404144034364105,0.08742156301098514,oos,downtrend,medium,downtrend_medium
2020-11-02,0.006736558029712958,0.032881779968620295,0.06192020906656981,0.09712853870693405,oos,downtrend,medium,downtrend_medium
2020-11-03,0.010620952002088568,0.04075243553246066,0.07194473796529954,0.09801121318730499,oos,downtrend,medium,downtrend_medium
2020-11-04,0.004799991062102382,0.03304892899860401,0.05693311262771106,0.058802541925135676,oos,uptrend,medium,uptrend_medium
2020-11-05,0.008793492502255251,0.03902795618074917,0.04393886448148798,0.057779025594433264,oos,uptrend,medium,uptrend_medium
2020-11-06,0.004971967362963126,0.02820700912799312,0.025852040791413122,0.04250607191344469,oos,uptrend,medium,uptrend_medium
2020-11-09,0.005949094997462323,0.01070365788612837,0.02530978583040233,0.03972077860565704,oos,uptrend,medium,uptrend_medium
2020-11-10,0.005405957396471983,0.00310321176834627,0.02031847062141412,0.0140214805866552,oos,uptrend,medium,uptrend_medium
2020-11-11,-0.0008935956187290373,0.013544935258716695,0.0054754354616075585,0.022425306000567913,oos,uptrend,medium,uptrend_medium
2020-11-12,0.004759196432021939,0.02200287529641809,0.01574678754626535,0.02442790865730826,oos,uptrend,medium,uptrend_medium
2020-11-13,-0.0045080073216702266,-0.012433775734583374,-0.00046779854533152143,0.013651637710226261,oos,uptrend,low,uptrend_low
2020-11-17,0.006076966197682276,-8.163270265304501e-05,0.01516712834073286,0.019723827834124075,oos,uptrend,medium,uptrend_medium
2020-11-18,-0.005280564249970809,0.0067720857753417185,0.0014720503621636905,0.02292927221659724,oos,uptrend,medium,uptrend_medium
2020-11-19,0.0035626307358582743,0.018866966818337882,0.013548285707361218,0.034740927504942176,oos,uptrend,medium,uptrend_medium
2020-11-20,-0.0026117921564404734,-0.007862427227620539,0.0006674529721812927,0.030512426508025214,oos,uptrend,medium,uptrend_medium
2020-11-23,0.004041559597983024,-0.0011997300419642754,0.008186839440610605,0.0300209648581391,oos,uptrend,medium,uptrend_medium
2020-11-24,-0.020685423410129467,-0.01226578862814165,-0.0012376237623762387,0.030396009853389083,oos,uptrend,low,uptrend_low
2020-11-25,0.006241050286371896,0.015697547064380535,0.01762298632625625,0.044307272776110906,oos,uptrend,medium,uptrend_medium
2020-11-26,-0.003312284384238473,0.007815847375243212,0.018943979134724787,0.03856423947184173,oos,uptrend,low,uptrend_low
2020-11-27,0.003586655285823248,0.005489136151674456,0.022473228116105748,0.03796835049967129,oos,uptrend,low,uptrend_low
2020-12-01,-0.0005830468088197094,0.010452345784714545,0.020695184706162717,0.03402450999582185,oos,uptrend,low,uptrend_low
2020-12-02,-0.006159482967887486,0.01062784782700743,0.023745189993812588,0.03536812615172091,oos,uptrend,low,uptrend_low
2020-12-03,0.006158226331214323,0.016357536258885474,0.022834504920756116,0.0427474151190137,oos,uptrend,low,uptrend_low
2020-12-04,0.006852726815745891,0.01992107018033895,0.018771415231426225,0.03736945460445784,oos,uptrend,low,uptrend_low
2020-12-07,-6.71512738108504e-05,0.006305147345643469,0.012266882639551113,-0.004886512889034411,oos,uptrend,low,uptrend_low
2020-12-08,0.005275633414879799,0.004142486801120393,0.00815494038426845,0.0006093130197064589,oos,uptrend,low,uptrend_low
2020-12-09,-0.0007562142056195542,0.005163686890684582,0.01439746415928389,0.008347822913963743,oos,uptrend,low,uptrend_low
2020-12-10,0.00011469584821988121,0.004111054779011747,0.01690314705315865,0.017535889429444174,oos,uptrend,low,uptrend_low
2020-12-11,-0.000979984047105975,0.008197355359888192,0.01393363322663288,0.02223417509974146,oos,uptrend,low,uptrend_low
2020-12-14,0.001524256950867553,0.014283394148626671,-0.016150924289375146,0.028448639461004843,oos,uptrend,low,uptrend_low
2020-12-15,0.0014345636420634023,0.007132363672854636,-0.014403745146706282,0.023336621634429067,oos,uptrend,low,uptrend_low
2020-12-16,0.001979822220481431,-0.028085318502350853,-0.008199933417244232,0.01955731368845326,oos,uptrend,low,uptrend_low
2020-12-17,-0.00027974963152932464,-0.02165736083502323,-0.0011006938330070382,0.018460637744021735,oos,uptrend,low,uptrend_low
2020-12-18,-0.030090452429861747,-0.01024609240699026,0.009554705022972954,0.028453124304899546,oos,uptrend,low,uptrend_low
2020-12-21,0.006927758043342225,0.028085047717285816,0.041794813115634266,0.061751996295186906,oos,uptrend,medium,uptrend_medium
2020-12-22,0.009470412986603227,0.029665654455969026,0.037737053869632886,0.049931346717631,oos,uptrend,medium,uptrend_medium
2020-12-23,0.005639172125247116,0.01904961628630053,0.022644543874187573,0.03402531463294811,oos,uptrend,medium,uptrend_medium
2020-12-24,0.004201894517695148,0.012073687218105977,0.014719319270892095,0.038515658123858376,oos,uptrend,medium,uptrend_medium
2020-12-28,0.0015995284536201027,0.005132896917046548,0.01599893514538331,0.041293023306752774,oos,uptrend,medium,uptrend_medium
2020-12-29,7.508848916515376e-05,0.0026893553579863116,0.015635588786655275,0.041667545609446854,oos,uptrend,medium,uptrend_medium
2020-12-30,0.0008410880458125103,0.011660729464924913,0.012616320687186766,0.042580501744810206,oos,uptrend,low,uptrend_low
2020-12-31,0.0016004737927126644,0.014532648116390767,0.010092097365853814,0.042833361917375745,oos,uptrend,low,uptrend_low
2021-01-01,0.002024253655129371,0.0029707424862148724,0.017221665468611702,0.023350994201007724,oos,uptrend,low,uptrend_low
2021-01-04,0.008834691347797241,0.004419080224636884,0.0291009046445303,0.014646338287071403,oos,uptrend,low,uptrend_low
2021-01-05,-0.0066498508887188335,0.007464375847792137,0.022645960808580945,0.01967566710574764,oos,uptrend,low,uptrend_low
2021-01-06,-0.00816629943874414,0.016206261510128828,0.021825807901429517,0.027427883561343513,oos,uptrend,low,uptrend_low
2021-01-07,0.006231386897608715,0.021394391820282577,0.023649161863325885,0.023280957867353624,oos,uptrend,low,uptrend_low
2021-01-08,0.0007392675482595923,0.0062732825928299984,-0.002787720777493341,-0.0070574176157262025,oos,uptrend,medium,uptrend_medium
2021-01-11,0.0061939775203996295,0.008415192024975537,-0.013299893780322702,-0.0162292844472276,oos,uptrend,medium,uptrend_medium
2021-01-12,-0.005119618868592801,-0.014078034681117013,-0.008104579000083767,-0.04592274577909439,oos,uptrend,medium,uptrend_medium
2021-01-13,0.0031305600529851763,-0.018470727152660182,0.006505159219077461,-0.050343470285855285,oos,uptrend,medium,uptrend_medium
2021-01-14,-0.011007644627020863,-0.0050155862172150956,-0.0002740786747653656,-0.06576175202651602,oos,uptrend,medium,uptrend_medium
2021-01-15,-0.011900396610068031,0.01324267767302012,-0.0056318913440168705,-0.011907288418606332,oos,uptrend,medium,uptrend_medium
2021-01-18,0.0104024239343814,0.015217404599033646,-0.009236934965144772,0.019218336881487996,oos,uptrend,medium,uptrend_medium
2021-01-19,0.00731862680330031,-0.011445589669904055,-0.03926179899684423,0.017309478687725255,oos,uptrend,low,uptrend_low
2021-01-20,-0.00954457004289111,-0.03340244846147633,-0.06200553111065776,0.011180554759115946,oos,uptrend,low,uptrend_low
2021-01-21,-0.014502790455918846,-0.04223297544658611,-0.06506032583868027,0.0233724371713826,oos,uptrend,low,uptrend_low
2021-01-22,-0.016501085612825706,-0.045604305136629275,-0.013579384438742292,0.04406746940881412,oos,uptrend,low,uptrend_low
2021-01-25,-0.01899502327248903,-0.04237622534570595,0.028789215332235774,0.061199090980236015,oos,downtrend,low,downtrend_low
2021-01-27,0.0005176833299744832,0.034090235718806206,0.0709284145992215,0.09384953170907617,oos,downtrend,medium,downtrend_medium
2021-01-28,-0.022371044465223755,0.05028107349755806,0.06804890136890718,0.08795693786805958,oos,downtrend,medium,downtrend_medium
2021-01-29,0.037983559430089464,0.07496043312683853,0.0847215867689568,0.10209616059728543,oos,downtrend,medium,downtrend_medium
2021-02-01,0.01151500952952822,0.02862702366756875,0.04382955800549837,0.05756472978045335,oos,downtrend,high,downtrend_high
2021-02-02,0.002375468743236686,0.011477516275379296,0.02401909905726507,0.03785520673812148,oos,uptrend,high,uptrend_high
2021-02-03,0.007208075389922186,0.022094049605298816,0.021465219165864413,0.028389287444581246,oos,uptrend,high,uptrend_high
2021-02-04,-0.0018959652579224606,0.010479796116138251,0.014759988301574323,0.01112519496831843,oos,uptrend,high,uptrend_high
2021-02-05,0.0034186786420684623,0.002801337988465269,0.006571828845917782,-0.005479830178486855,oos,uptrend,high,uptrend_high
2021-02-08,-0.003617122260368144,0.0006033581721898162,0.009928007887641144,-0.03221085143118052,oos,uptrend,high,uptrend_high
2021-02-09,-0.0008300657018543989,0.0029267712304434923,0.01285797673374467,-0.027200783469374934,oos,uptrend,high,uptrend_high
2021-02-10,0.006637573495264837,0.016018456226261746,0.00899941224520262,-0.006053770752823762,oos,uptrend,high,uptrend_high
2021-02-11,-0.0015079737083980582,0.0083793179573175,-0.004428362535399577,-0.005850745070839047,oos,uptrend,high,uptrend_high
2021-02-12,0.0029076305765372013,-0.004020838807870186,-0.01889614535262263,-0.04853535448171031,oos,uptrend,high,uptrend_high
2021-02-15,-0.00377322889272258,-0.016426556817456306,-0.045262482795030534,-0.03967747888946671,oos,uptrend,high,uptrend_high
2021-02-16,-0.004646627149713756,-0.0195125873207872,-0.03744138190118784,-0.023612770504143454,oos,uptrend,high,uptrend_high
2021-02-17,-0.0078582817737195,-0.03694540825556647,-0.016845281554358715,0.00045275607329164913,oos,uptrend,high,uptrend_high
2021-02-18,-0.006172539993437698,-0.024345265260894644,0.0014958609719306626,0.0003947113984656969,oos,uptrend,high,uptrend_high
2021-02-19,-0.021558006246098826,-0.001136725653259174,-0.03132861215752791,-0.004063603768650226,oos,uptrend,high,uptrend_high
2021-02-22,-0.005036458949922995,0.021316079039050306,-0.001400341308833264,0.011767504629707881,oos,downtrend,high,downtrend_high
2021-02-23,0.017166611968056023,-0.013578515711761496,0.01289614225616842,0.025069334632839668,oos,downtrend,high,downtrend_high
2021-02-24,0.001160489026967415,-0.021107624607185516,0.010991488926849424,0.0062964948439188095,oos,uptrend,high,uptrend_high
2021-02-25,-0.024142580778628964,0.00204854726436432,0.012905874002012041,0.009561046013210284,oos,uptrend,high,uptrend_high
2021-02-26,0.0040163104701580465,0.0369392694694779,0.016024459063084473,0.015439551096752213,oos,downtrend,high,downtrend_high
2021-03-01,0.003619153693122046,0.014493498156327833,0.006114938266925218,0.0030373010445954307,oos,downtrend,medium,downtrend_medium
2021-03-02,0.012028306076009798,-0.008384056316546151,0.0022569766547866355,-0.022775588608957897,oos,downtrend,medium,downtrend_medium
2021-03-03,0.0035935914286189252,-0.004694947655847104,0.009852416835809397,-0.031204378233816388,oos,uptrend,medium,uptrend_medium
2021-03-04,-0.002660616801220983,0.00804183441270867,0.003538534933611004,-0.015619640355441722,oos,uptrend,medium,uptrend_medium
2021-03-05,-0.00308282976433083,0.011488097419503518,-0.0048625520740134265,-0.01773375690129786,oos,downtrend,medium,downtrend_medium
2021-03-08,0.0032226126911918396,-0.0012591575240128439,-0.009265855035118231,-0.015624714085913927,oos,downtrend,medium,downtrend_medium
2021-03-09,-0.0017991261258911706,-0.01793498838119245,-0.0316304321153168,-0.042938004376179784,oos,uptrend,medium,uptrend_medium
2021-03-10,-0.018941149190081275,-0.026806093853357638,-0.04982006975906084,-0.06502449062895466,oos,uptrend,medium,uptrend_medium
2021-03-12,-0.007901197970454965,-0.021736568502076836,-0.02022808954595856,-0.03595734907974668,oos,uptrend,medium,uptrend_medium
2021-03-15,-0.005711446062211745,-0.02922426573680681,-0.01731778432490849,-0.010069284942972767,oos,downtrend,medium,downtrend_medium
2021-03-16,-0.015070367606131896,-0.013551609390414443,-0.008818075503027822,-0.017117636693303018,oos,downtrend,medium,downtrend_medium
2021-03-17,-0.020036376468311357,-0.008017206379791975,-0.020605136775941557,0.0007976580643531683,oos,downtrend,high,downtrend_high
2021-03-18,0.01885472833948043,0.02374376605177142,-0.01010631470561918,0.011515975548872959,oos,downtrend,high,downtrend_high
2021-03-19,6.825725509918001e-06,-0.012682926958573981,-0.015539857565001314,-0.003582975739317207,oos,downtrend,high,downtrend_high
2021-03-22,0.0031282824599228043,-0.030040147470788647,0.005183298678601789,0.0034194284928348306,oos,downtrend,high,downtrend_high
2021-03-23,-0.011082437155127911,-0.013943998987358541,-0.0014783397538317145,0.010966875485254546,oos,downtrend,medium,downtrend_medium
2021-03-24,-0.016882964909860854,0.018818275562876075,0.02034529169801602,0.018114818691631784,oos,downtrend,high,downtrend_high
2021-03-25,6.8935566854611e-05,0.01271174545595799,0.009065027041389895,-0.013476903320088995,oos,downtrend,medium,downtrend_medium
2021-03-26,0.014806686220391718,0.016327689740916806,0.0037597839833203306,-0.008456109328536798,oos,downtrend,high,downtrend_high
2021-03-30,-0.008179222531791042,-0.011750713737826324,0.0004861104792708293,-0.015555073818510179,oos,uptrend,medium,uptrend_medium
2021-03-31,0.004659234574682758,-0.007764379094499341,0.005095105691981905,-0.012200695783605164,oos,downtrend,medium,downtrend_medium
2021-04-01,-0.013472464599881384,-0.001256959662178092,-0.00019211777431660249,-0.032232084063208655,oos,uptrend,medium,uptrend_medium
2021-04-05,-0.003630318246590214,0.009282744431532874,-0.028920417677444576,-0.029897510305693098,oos,downtrend,medium,downtrend_medium
2021-04-06,0.006971763435701384,0.0080453786403063,-0.014381891544226866,-0.021085234589136026,oos,downtrend,medium,downtrend_medium
2021-04-07,-0.000124403699260478,-0.03797148837898767,-0.019777299653258362,-0.03591780979114223,oos,uptrend,medium,uptrend_medium
2021-04-08,-0.0032118460082963818,-0.025388662369944415,-0.017792582255161005,-0.026719057438552185,oos,uptrend,medium,uptrend_medium
2021-04-09,-0.022796760389119264,-0.004315582388566885,-0.019474701526167926,0.0005735482813489234,oos,uptrend,medium,uptrend_medium
2021-04-12,0.009738975576454534,0.01760883903623056,-0.004768567698854698,0.03478265776131573,oos,downtrend,medium,downtrend_medium
2021-04-13,0.004066118761304693,-0.011220610293715128,-0.008004875011919266,0.025650029608085267,oos,downtrend,high,downtrend_high
2021-04-15,0.0012500342809593779,-0.020767639309457686,-0.017688841263438948,0.0021575934164503874,oos,downtrend,high,downtrend_high
2021-04-16,0.003694140283542202,0.006958381723688234,0.012469796841738434,0.02289508270262619,oos,downtrend,high,downtrend_high
2021-04-19,-0.015853552533686477,-0.012759304139649652,0.008697750189390563,-0.0020789439381591057,oos,downtrend,high,downtrend_high
2021-04-20,0.013151278020330448,0.018696588900999345,0.04538944988499627,0.028039595038875875,oos,downtrend,high,downtrend_high
2021-04-22,0.0010470217751898936,0.022804147896733573,0.03968566988466815,0.027812402054725682,oos,downtrend,high,downtrend_high
2021-04-23,0.0024602877069352935,0.028727709619682296,0.012571372031956463,0.025862589251578028,oos,downtrend,high,downtrend_high
2021-04-26,0.010987456853688293,0.027673942743970947,0.00968349141210778,0.030947702516384457,oos,downtrend,high,downtrend_high
2021-04-27,0.01047209847982744,-0.005397531737534433,-0.014547432106318592,0.009534006322014843,oos,uptrend,high,uptrend_high
2021-04-28,-0.005614500926296784,-0.02302220504539687,-0.02411044733460177,-0.018859736965084473,oos,uptrend,medium,uptrend_medium
2021-04-29,-0.007882772367863278,-0.0170098096281337,-0.0015290750734738845,-0.004716088417900277,oos,uptrend,medium,uptrend_medium
2021-04-30,0.010572478377081529,0.009446815426545907,0.023624018324055696,0.030529595015576394,oos,uptrend,medium,uptrend_medium
2021-05-03,-0.012987455105618828,0.002556625963846093,0.017368779681356195,0.0286540781545217,oos,uptrend,medium,uptrend_medium
2021-05-04,0.0009380359954931361,0.014995737111868301,0.016885584082542815,0.029169789998428675,oos,downtrend,medium,downtrend_medium
2021-05-05,0.0038484353602004084,0.018679674762106746,0.0019191246032892462,0.016204972041338417,oos,uptrend,medium,uptrend_medium
2021-05-06,0.0004252443276480111,0.0022879621187186228,-0.009384572858154638,0.024192065436481114,oos,uptrend,medium,uptrend_medium
2021-05-07,0.0009444917773349104,-0.015524257699328414,-0.00034160798318627617,0.018049684009344702,oos,uptrend,medium,uptrend_medium
2021-05-10,0.004127859515830501,-0.007566102703046362,0.021528456280906605,0.02831362329661835,oos,uptrend,medium,uptrend_medium
2021-05-11,-0.008570808366517246,0.006719077903054149,0.013937321941075664,0.032239267713991104,oos,uptrend,medium,uptrend_medium
2021-05-12,-0.0048544743542937585,0.024319579728678153,0.010620731006941053,0.03989648413938429,oos,uptrend,medium,uptrend_medium
2021-05-14,0.011310488140618302,0.018561652901313064,0.028398123146971654,0.04604153430749691,oos,uptrend,low,uptrend_low
2021-05-17,0.002714466757747447,-0.010695443648192526,0.008661197721431924,0.034220001240536035,oos,uptrend,medium,uptrend_medium
2021-05-18,-0.0018892340249413442,0.0077497375811657054,0.009951163443127076,0.03428273633615975,oos,uptrend,medium,uptrend_medium
2021-05-19,-0.009077540334344714,0.010310756781749086,0.017207835923265247,0.03547263104742515,oos,uptrend,low,uptrend_low
2021-05-20,0.012510175105311827,0.014722000126795809,0.023355649878511242,0.04687477907649762,oos,uptrend,medium,uptrend_medium
2021-05-21,-0.000897317753717819,0.005923247328558423,0.01474562001466051,0.030168288969058432,oos,uptrend,medium,uptrend_medium
2021-05-24,-0.005447368985727619,0.00301467192276883,0.019033126011574808,0.03007506600781462,oos,uptrend,medium,uptrend_medium
2021-05-25,0.002910155711188578,0.011706102308365551,0.02082970225278169,0.03166076082016134,oos,uptrend,medium,uptrend_medium
2021-05-26,0.0009070385824374583,0.016891833115862065,0.016461160261220575,0.02032109280528438,oos,uptrend,medium,uptrend_medium
2021-05-27,0.0009370344155763544,0.009963518540483163,0.017453207963950224,0.020526924018775095,oos,uptrend,low,uptrend_low
2021-05-28,0.009395786606694712,0.008968288469012542,0.015060484850447864,0.023423077156645267,oos,uptrend,low,uptrend_low
2021-05-31,-0.003506206465300754,0.0038835941452926015,0.007805676835431763,0.011657280501890632,oos,uptrend,low,uptrend_low
2021-06-01,0.003598539165880821,0.009658312756978926,0.014158830537377876,0.022480188875013907,oos,uptrend,low,uptrend_low
2021-06-02,0.002222841428225042,0.006138435707235601,-0.0012902897416258163,0.007154012564059897,oos,uptrend,low,uptrend_low
2021-06-03,-0.002688941925218735,0.0017565383850437488,0.0016070007955448773,-0.0013428550119332083,oos,uptrend,low,uptrend_low
2021-06-04,0.0016884332633524402,-0.0057074360245382705,0.004721750694395288,-0.0026549911311919416,oos,uptrend,low,uptrend_low
2021-06-07,-0.0021428296371193145,-0.0022917851469688166,0.0024058234051329563,-0.0017370713613282796,oos,uptrend,low,uptrend_low
2021-06-08,-0.008305702475197574,0.0020962308910092986,0.006529762632186742,0.00040911281609545824,oos,uptrend,low,uptrend_low
2021-06-09,0.0029091320958558597,0.007631228642498433,0.004808164438838025,-0.00032815328672930466,oos,uptrend,low,uptrend_low
2021-06-10,0.00018354845719459334,0.004608617998814957,-0.006650215927542558,-0.0003798321727865872,oos,uptrend,low,uptrend_low
2021-06-11,0.0012949591704445318,-0.0015103528089668306,-0.00684238120604852,0.004366251063517623,oos,uptrend,low,uptrend_low
2021-06-14,0.00014494308352830387,-0.011063865615420054,-0.0075912632125160195,-0.0032930083826340217,oos,uptrend,low,uptrend_low
2021-06-15,-0.005044972097334011,-0.010358125295787945,-0.0047168323079349594,-0.006250184867486963,oos,uptrend,low,uptrend_low
2021-06-16,0.0027543302771197986,0.0062754546205130435,0.0024699418535822915,0.004677836967986293,oos,uptrend,low,uptrend_low
2021-06-17,-0.004642553271665628,0.0010313204074507976,0.002154678723859993,-0.00485513914892266,oos,uptrend,low,uptrend_low
2021-06-18,0.01421180780288922,0.010376281491237815,0.02154471468009178,0.012646688643624282,oos,uptrend,low,uptrend_low
2021-06-21,-0.004277011457971658,-0.0031596101567185064,-0.0016287241367065608,-0.0003882699804299561,oos,uptrend,low,uptrend_low
2021-06-22,-0.01108566025797264,-0.00015446171814992304,-0.007208664976103951,-0.002808445245229385,oos,uptrend,low,uptrend_low
2021-06-23,0.0033773513426469393,0.004918276425155632,-0.0010039717666682213,0.00904542632498484,oos,uptrend,low,uptrend_low
2021-06-24,0.0013258120136176998,-0.005738835009279519,-0.010060363165459996,-0.007036224434621707,oos,uptrend,low,uptrend_low
2021-06-25,-0.00632404669283626,-0.01218004091225322,-0.012136045943265006,-0.014171841035439114,oos,uptrend,low,uptrend_low
2021-06-28,-0.0037355562035426004,-0.008065791554641821,0.0016985360983710063,-0.007268726277083637,oos,uptrend,low,uptrend_low
2021-06-29,-0.003511487634029864,-0.003467106589898017,0.002620895635467857,0.0022469064183903154,oos,uptrend,low,uptrend_low
2021-06-30,-0.004763539666194583,0.005033294446578518,0.007908612634180745,0.006277377212452473,oos,downtrend,low,downtrend_low
2021-07-01,0.0010410507132156965,0.007156594098411961,0.0014039852538023645,0.013902500747693614,oos,downtrend,low,downtrend_low
2021-07-02,0.002592805712334556,0.005461141860950924,-0.006559739091968941,0.008231286283172379,oos,downtrend,low,downtrend_low
2021-07-05,0.0002845624851790518,-0.005428795154533206,-0.007661079163702511,-0.0038795105130029484,oos,uptrend,low,uptrend_low
2021-07-06,0.003795973522263685,-0.008204999361082321,-0.0004582922563795,-0.01185238594084792,oos,uptrend,low,uptrend_low
2021-07-07,-0.008041424174654588,-0.010267844219579714,-9.14638089718478e-05,-0.0019772812521364758,oos,uptrend,low,uptrend_low
2021-07-08,9.878760776382833e-05,0.00791035388746364,0.015039930859879203,0.010695890535113772,oos,downtrend,low,downtrend_low
2021-07-09,-0.0047061037262894345,0.005527462243738901,0.009932300015057072,0.0036564421023383975,oos,downtrend,low,downtrend_low
2021-07-12,0.0011618088752056721,0.008243649190357027,-0.0026338868795111603,-0.0030106245844940815,oos,downtrend,low,downtrend_low
2021-07-13,0.0028623479122855677,0.007255510819700994,-0.011171100960587821,-0.00628133897541705,oos,uptrend,low,uptrend_low
2021-07-14,0.0032793165013256242,-0.007544661375608608,-0.003030502153376191,-0.0059034341917428845,oos,uptrend,low,uptrend_low
2021-07-15,-0.0021900271397405913,-0.02044384337891303,-0.006410425087278626,-0.012238095383796277,oos,uptrend,low,uptrend_low
2021-07-16,-0.00013327045447331098,0.004414599300993416,0.0044400136667301915,0.008292893498683007,oos,uptrend,low,uptrend_low
2021-07-19,-0.004575319269603084,0.009685436306363204,0.0027063254449626317,0.027177862854843804,oos,downtrend,low,downtrend_low
2021-07-20,0.005557121454650371,0.005582564729242012,-0.0017284050827470754,0.03318380134685528,oos,downtrend,low,downtrend_low
2021-07-22,-4.729832054628513e-05,-0.006959134928497979,-0.004941073251857442,0.027609593996266613,oos,uptrend,low,uptrend_low
2021-07-23,-0.001567867961438263,-0.008826851393215707,-0.00544188078103558,0.024537386220051305,oos,uptrend,low,uptrend_low
2021-07-26,-0.0071908076471423055,-0.005173216776740985,0.0015542000961508151,0.02507802402194126,oos,uptrend,low,uptrend_low
2021-07-27,-0.003308647608180726,9.516830632705364e-05,0.023424104855646943,0.0328996711055205,oos,downtrend,low,downtrend_low
2021-07-28,0.0009991942880880345,0.007768351475016644,0.03147300927048846,0.032960710934666126,oos,downtrend,low,downtrend_low
2021-07-29,-0.00237647972961863,0.020894801386468265,0.0312646362930995,0.035682239610418165,oos,downtrend,low,downtrend_low
2021-07-30,0.0006456733426845052,0.024182791993404562,0.022885170662365173,0.04120965818068001,oos,downtrend,low,downtrend_low
2021-08-02,0.011234030392447636,0.02150573510961884,0.019226984153124294,0.03833489435508053,oos,uptrend,low,uptrend_low
2021-08-03,0.00392397799895039,0.0026520242239236325,0.005239166383661953,0.02589337054846319,oos,uptrend,low,uptrend_low
2021-08-04,0.00034682493314552865,-0.0018847252244245105,-0.00041133377118607317,0.017183391851922192,oos,uptrend,low,uptrend_low
2021-08-05,-0.004060265555706377,-0.0014904431115402295,0.003679988135871559,0.008960747152591209,oos,uptrend,low,uptrend_low
2021-08-06,-0.0014187773083441657,5.5301964923204494e-05,0.015216797497999979,0.01321141149448346,oos,uptrend,low,uptrend_low
2021-08-09,0.00032564484670172256,0.0055054800681291205,0.017711491386792844,0.021493339941837553,oos,uptrend,low,uptrend_low
2021-08-10,-0.0027591705442051584,0.012359655736190023,0.017596284022727282,0.0188243365170071,oos,uptrend,low,uptrend_low
2021-08-11,0.0037261593903492596,0.015910571216257274,0.01626624788903075,0.020440207684508938,oos,uptrend,low,uptrend_low
2021-08-12,0.008751557605848559,0.013969522299241977,0.003954715656921737,0.019498710170048783,oos,uptrend,low,uptrend_low
2021-08-13,0.0027030698838332867,0.0030541225274229866,-0.0013288921055248926,0.024981256106323624,oos,uptrend,low,uptrend_low
2021-08-16,0.00419151172541965,-0.00572671914900047,0.00479591480183128,0.03547539135099198,oos,uptrend,low,uptrend_low
2021-08-17,-0.007374789352745159,-0.011712233091411228,-0.00343272240851511,0.023023121878319452,oos,uptrend,low,uptrend_low
2021-08-18,0.004150770639401724,0.01477794044712355,0.015528789294979362,0.05198537406531356,oos,uptrend,low,uptrend_low
2021-08-20,-0.00577382701261131,0.0025554334478445906,0.006807347933523111,0.04407778386746819,oos,uptrend,low,uptrend_low
2021-08-23,0.0038160552404600256,0.004558793231201452,0.022319996009168896,0.04929537185074895,oos,uptrend,low,uptrend_low
2021-08-24,-0.001161859575777635,0.0030742895850845997,0.028713775594451763,0.04251829046325217,oos,uptrend,low,uptrend_low
2021-08-25,0.0005383208570848286,0.018228439268879626,0.026960677793295584,0.04363441165864601,oos,uptrend,low,uptrend_low
2021-08-26,0.003764353092470696,0.029421477749171254,0.03554741200138101,0.043665134527858696,oos,uptrend,low,uptrend_low
2021-08-27,0.009251464187439273,0.017906716954420254,0.03265110338697208,0.03454079437807911,oos,uptrend,low,uptrend_low
2021-08-30,0.010898316492107929,0.016914022164036036,0.025390221640359867,0.025519988198849486,oos,uptrend,low,uptrend_low
2021-08-31,-0.006362862621060228,0.008029978769243495,0.010270226469358379,0.01942612518406861,oos,uptrend,low,uptrend_low
2021-09-01,0.008116218212478321,0.016519086080011736,0.0150976054071561,0.03124229893251851,oos,uptrend,low,uptrend_low
2021-09-02,0.003542393657475884,0.0057726681400900315,0.006186884601172116,0.018693823094609874,oos,uptrend,low,uptrend_low
2021-09-03,-0.0012384846910248326,-0.002635133519605537,-0.0025316364757258514,-0.00014076495989712168,oos,uptrend,low,uptrend_low
2021-09-06,-0.002267106671751784,-0.001856201303897853,-0.0012384402701177688,0.00922039769713412,oos,uptrend,low,uptrend_low
2021-09-07,-0.0012805202653123349,-0.0011768826525473397,0.008270101650288408,0.009835569148094248,oos,uptrend,low,uptrend_low
2021-09-08,0.003257718509520169,0.0038786445986707108,0.018289905923605465,0.02946364237455046,oos,uptrend,low,uptrend_low
2021-09-09,-0.0004751332319026247,0.008978488297932019,0.012762344071599374,0.02819978722490024,oos,uptrend,low,uptrend_low
2021-09-13,-0.002316234190459898,0.012006096049441028,-0.0013460819831870863,0.02495644517754303,oos,uptrend,low,uptrend_low
2021-09-14,0.007580025199728224,0.011358636478364437,0.010027209281192162,0.020758941584460233,oos,uptrend,low,uptrend_low
2021-09-15,0.0051485122053613885,-0.00811318842726172,0.0004248296505484639,0.00981239567174863,oos,uptrend,low,uptrend_low
2021-09-16,-0.0070300653741819374,-0.008337284326242922,0.006397575650899157,-0.005166674552109618,oos,uptrend,low,uptrend_low
2021-09-17,-0.002691448264078522,0.005893239368146785,0.023466701361321007,0.00505629054653145,oos,uptrend,low,uptrend_low
2021-09-20,0.006389501733474745,0.021343183218245798,0.02318555969026681,0.013796166298959855,oos,uptrend,low,uptrend_low
2021-09-21,-0.0019481368552809464,0.01548833234219349,0.00953871616492541,0.01373083205418335,oos,uptrend,low,uptrend_low
2021-09-22,0.008607373880557878,0.010426776531573756,0.002289146971945266,-0.0014062487047491468,oos,uptrend,low,uptrend_low
2021-09-23,-0.002472419363181766,-0.008316805794820192,-0.015605510299892211,-0.005984071141422742,oos,uptrend,low,uptrend_low
2021-09-24,-0.004299506626849414,-0.012318535769390015,-0.022314521081251537,-0.002063327512071833,oos,uptrend,low,uptrend_low
2021-09-27,-0.008815237875843929,-0.01610027898904265,-0.012017972749430617,0.0022059091401906983,oos,uptrend,low,uptrend_low
2021-09-28,0.0030213906405025526,-0.007129844804758867,0.009307511334639251,0.018914993800375424,oos,uptrend,low,uptrend_low
2021-09-29,-0.00568601875843866,-0.0015605026280089973,-0.004114272839615407,0.0249930638816227,oos,uptrend,low,uptrend_low
2021-09-30,8.578113133816956e-06,0.016564113653092072,0.01474165452640852,0.04601043655577386,oos,uptrend,low,uptrend_low
2021-10-01,0.004297295025857073,0.0017285419643200406,0.015875089060380487,0.048905652210260886,oos,downtrend,low,downtrend_low
2021-10-04,0.009113186445817378,0.0073040850701195925,0.01611426168835517,0.042884627017572674,oos,uptrend,low,uptrend_low
2021-10-05,-0.012065056126305151,0.0018866958962013847,0.007303374226688586,0.022680044194216542,oos,uptrend,low,uptrend_low
2021-10-06,-0.001134224995235189,0.0076021476911618535,0.019718605171925585,0.02063657843259592,oos,uptrend,low,uptrend_low
2021-10-07,0.00046680156412914897,0.005875803267217927,0.02525325486262542,0.012749633738211363,oos,uptrend,low,uptrend_low
2021-10-08,0.004387755124349191,0.01646555940161254,0.034112117965244604,0.014431167009503199,oos,uptrend,low,uptrend_low
2021-10-11,0.00425035076186453,0.023596489219864125,0.028072941025129472,0.01968092934723953,oos,uptrend,low,uptrend_low
2021-10-12,0.003530827805746428,0.02095283031187134,0.009324312205168495,0.006249339662785847,oos,uptrend,medium,uptrend_medium
2021-10-13,0.0035955624480865644,0.00798454503506374,-0.005185288667367338,-0.02274410495677559,oos,uptrend,medium,uptrend_medium
2021-10-14,-0.001245875893193582,-0.012621553663509588,-0.020821467283062556,-0.044780797738525724,oos,uptrend,medium,uptrend_medium
2021-10-18,-0.009869699969646373,-0.022806258827981152,-0.025639192293732238,-0.03616205656144533,oos,uptrend,medium,uptrend_medium
2021-10-19,-0.009398140856449966,-0.017624824056274857,-0.009300484078926585,-0.02987820759352411,oos,uptrend,low,uptrend_low
2021-10-20,-0.011130009088453852,-0.013996792585419637,-0.00934302400078535,-0.030109832806024528,oos,uptrend,low,uptrend_low
2021-10-21,-0.0063518588472954995,0.002068004711318183,-0.020484634970331372,-0.01721812387629984,oos,uptrend,medium,uptrend_medium
2021-10-22,-0.005710502722235944,-0.0010176242491566345,-0.0306014761444362,-0.008829052840176654,oos,uptrend,low,uptrend_low
2021-10-25,0.006273948091382264,-0.01637335095981718,-0.012385337485196546,-0.006072874493927127,oos,uptrend,low,uptrend_low
2021-10-26,-0.004640418042215266,-0.03411698456627854,-0.02224003800383778,-0.015230251481856083,oos,uptrend,low,uptrend_low
2021-10-27,-0.018166194287268067,-0.014185449712239229,-0.019708492530721156,-0.017267254126012932,oos,uptrend,low,uptrend_low
2021-10-28,-0.009050632592528696,0.0031345414862369303,0.004696336091189579,0.015123560295895455,oos,downtrend,medium,downtrend_medium
2021-10-29,0.008238135357457876,0.002589464021474752,0.016048921836451457,0.018348763911765653,oos,downtrend,medium,downtrend_medium
2021-11-01,-0.004560215130776202,-0.003010400603145169,0.004081576759129124,0.0015747028534953689,oos,downtrend,medium,downtrend_medium
2021-11-02,-0.00661635480202627,0.006719517702557853,0.0038583795371816,-0.0027467666374662025,oos,downtrend,medium,downtrend_medium
2021-11-03,-0.0010175605423475842,0.006088592671516846,-0.003426317138686019,-0.0094925853334068,oos,downtrend,medium,downtrend_medium
2021-11-04,0.001571577018425252,-0.0012749304883559187,0.003467299916787292,-0.034569930738448496,oos,downtrend,medium,downtrend_medium
2021-11-08,-0.002217365304318819,-0.011653722945653922,0.001387918831318613,-0.03212722672087731,oos,downtrend,medium,downtrend_medium
2021-11-09,0.002434146026593531,0.007193988180917099,0.001432668804223658,-0.03106796200906592,oos,downtrend,medium,downtrend_medium
2021-11-10,-0.005223312905042854,0.007903180817220079,-0.0038290815400332523,-0.023998911225529995,oos,downtrend,medium,downtrend_medium
2021-11-11,0.006961462783926731,0.0012014734916967473,-0.011836887724100187,-0.05290752999799775,oos,downtrend,medium,downtrend_medium
2021-11-12,-0.0017364030746220838,-0.013356458099478385,-0.03993167219448923,-0.05991968705124351,oos,uptrend,medium,uptrend_medium
2021-11-15,-0.007053081278519113,-0.019983945781996693,-0.03440720608120851,-0.06310191196039239,oos,uptrend,medium,uptrend_medium
2021-11-16,-0.002268712056803346,-0.02914257425764133,-0.02922618932912735,-0.04305893109671732,oos,downtrend,medium,downtrend_medium
2021-11-17,-0.007028850119683905,-0.021642775373958978,-0.019803793945870063,-0.027327296772628573,oos,downtrend,medium,downtrend_medium
2021-11-18,-0.021335911708927457,-0.021420199129030038,-0.043256347896326486,-0.03368972571468709,oos,downtrend,medium,downtrend_medium
2021-11-22,0.012822752867909681,0.014726517858434374,-0.013181580641428048,-0.021380936537098383,oos,downtrend,medium,downtrend_medium
2021-11-23,-0.0076922854345373715,-0.02983476053866474,-0.03229914087232211,-0.02127353174948521,oos,downtrend,medium,downtrend_medium
2021-11-24,0.006829371568185305,-0.020861531132949973,-0.0143765324931725,0.003011328759187748,oos,downtrend,medium,downtrend_medium
2021-11-25,-0.01801172410064167,-0.020506136904332783,0.0036277350227091887,0.010271767536587095,oos,downtrend,medium,downtrend_medium
2021-11-26,-0.00010855910688378767,0.006513889954503638,0.00826102739514245,0.026706456404014034,oos,downtrend,high,downtrend_high
2021-11-29,-0.003985137091533808,0.02055579781835193,-0.008146100846155746,0.018596962791985305,oos,downtrend,high,downtrend_high
2021-11-30,0.0036540304583991823,0.0053962036678929515,0.004226913921205222,0.01289141945723249,oos,downtrend,high,downtrend_high
2021-12-01,0.012713067519849908,-0.01576826383147234,0.016676218299169765,0.0022231699341130895,oos,downtrend,high,downtrend_high
2021-12-02,-0.013096268372229991,-0.014244051117132228,0.00527688633442458,-0.010129182723762398,oos,downtrend,high,downtrend_high
2021-12-03,-0.017246783975637836,0.015148959815612928,0.01756343239624325,-0.013007780925598511,oos,downtrend,high,downtrend_high
2021-12-06,0.007779795496035691,0.027736871459021817,0.01901833467616587,-0.025222827868744413,oos,downtrend,high,downtrend_high
2021-12-07,0.008922770390263013,0.011322434342559307,0.0005573347554901353,-0.031440515766448685,oos,downtrend,high,downtrend_high
2021-12-08,-0.00043087244537276526,-0.008910455544518081,-0.017290177880328272,-0.032466227613663245,oos,downtrend,high,downtrend_high
2021-12-09,0.0020170460958959247,-0.008649001568888148,-0.013026420755726242,-0.023085946414613367,oos,uptrend,high,uptrend_high
2021-12-10,-0.014237368250164417,-0.022572051215283828,-0.03597802411467754,-0.03492514504246158,oos,uptrend,high,uptrend_high
2021-12-13,0.0024128155526761397,-0.002013448302282339,-0.038708111359048836,-0.011395414486476296,oos,downtrend,high,downtrend_high
2021-12-14,-0.005902335691058136,-0.019536943094750958,-0.03191017878940561,-0.005218322269648357,oos,downtrend,high,downtrend_high
2021-12-15,-0.007172026096529116,-0.04367701498014165,-0.0240344661975479,-0.00917517933718992,oos,downtrend,high,downtrend_high
2021-12-16,-0.016832645360615905,-0.02924000871874277,-0.011773581304989622,-0.0041705708063208835,oos,downtrend,high,downtrend_high
2021-12-17,-0.01248500118876028,0.007798220945955947,0.010669123437894612,0.031490306031472404,oos,downtrend,high,downtrend_high
2021-12-20,-0.00013717048952743838,0.0178528905886024,0.018666714486146985,0.05082818720814153,oos,downtrend,high,downtrend_high
2021-12-21,0.005330299535781791,0.008194171690119934,0.021801791327134445,0.0557170786141592,oos,downtrend,high,downtrend_high
2021-12-22,0.0003397724154237114,0.0011395937058904515,0.008601426243064703,0.05029936364483212,oos,downtrend,high,downtrend_high
2021-12-23,-0.008498790052188121,0.00488352430099992,0.003174974124610097,0.034776546874544456,oos,downtrend,high,downtrend_high
2021-12-24,0.008767398267184312,0.016286083415743002,0.024578281132381807,0.05165675598884145,oos,downtrend,high,downtrend_high
2021-12-27,0.003239707053983798,0.0015339517729018315,0.026086276288011856,0.04806848399379149,oos,downtrend,high,downtrend_high
2021-12-28,-0.0003774658769373218,0.007778768701318883,0.033980662359608615,0.048527616540037455,oos,uptrend,high,uptrend_high
2021-12-29,0.00014533659159798873,0.0246636195941885,0.042077895417151234,0.05876832688742839,oos,uptrend,medium,uptrend_medium
2021-12-30,0.006352795456522342,0.03251761431180955,0.029075959907506777,0.058760809605961306,oos,uptrend,medium,uptrend_medium
2021-12-31,0.01371983463452553,0.03094811957600241,0.02447490351003423,0.049956409754374764,oos,uptrend,medium,uptrend_medium
2022-01-03,0.007004513592750783,0.0036479011037042763,0.018205593647190765,0.035443980957655885,oos,uptrend,medium,uptrend_medium
2022-01-04,0.005900662338031104,-0.0004152833478611173,0.01322385372644197,0.016439367809194527,oos,uptrend,medium,uptrend_medium
2022-01-05,-0.0012718917958747245,0.013214440231308133,0.0249795767439569,0.009561887082477405,oos,uptrend,medium,uptrend_medium
2022-01-06,0.0008484070721002102,0.014504786953911442,0.025857485389916723,-0.0022811845566866884,oos,uptrend,medium,uptrend_medium
2022-01-07,0.0050241996770468145,0.016694233618743004,0.019117036158319056,-0.01653242996594928,oos,uptrend,medium,uptrend_medium
2022-01-10,0.0032226250503535336,0.014449071758969811,0.0172438004403328,-0.04715313806586929,oos,uptrend,medium,uptrend_medium
2022-01-11,0.002308656818131638,0.004697178242645483,-0.0031562105480399394,-0.04911565803114937,oos,uptrend,medium,uptrend_medium
2022-01-12,4.386160102964887e-05,0.0027989050432710716,-0.01745081937749904,-0.06281698030207594,oos,uptrend,medium,uptrend_medium
2022-01-13,0.0038905691503987594,-0.003956514641187847,-0.023535881220786314,-0.05955737042892495,oos,uptrend,medium,uptrend_medium
2022-01-14,0.003972944051792382,-0.016300487980007383,-0.033917079278837914,-0.04912359921697851,oos,uptrend,medium,uptrend_medium
2022-01-17,-0.012223700840355511,-0.03164055818059386,-0.06479177082616594,-0.04146487150543321,oos,uptrend,low,uptrend_low
2022-01-18,-0.010524393594156578,-0.02824442612972211,-0.04695463874210182,-0.01926170122223836,oos,uptrend,medium,uptrend_medium
2022-01-19,-0.00915127504045532,-0.04307239499051396,-0.04524577921851458,-0.02013284868310916,oos,uptrend,medium,uptrend_medium
2022-01-20,0.00019593680078999753,-0.01906186746067462,-0.029054089867461608,-0.005529698008940542,oos,uptrend,medium,uptrend_medium
2022-01-21,-0.024241657782755888,-0.02645781058283525,-0.013388265592055193,-0.020571703411588427,oos,downtrend,medium,downtrend_medium
2022-01-24,0.016257248591982743,0.005905251749782847,0.033838020750404985,0.015598531108260483,oos,downtrend,medium,downtrend_medium
2022-01-25,0.0028220836141719108,0.016284703397901668,0.04208181924745058,0.023549453830148837,oos,downtrend,medium,downtrend_medium
2022-01-27,-0.0061802477683258195,0.021416921566513203,0.020449342557019135,0.0231021547785919,oos,downtrend,medium,downtrend_medium
2022-01-28,0.0022425706169852955,0.02768324449223969,0.012441440853597108,0.004259811712122863,oos,downtrend,medium,downtrend_medium
2022-01-31,0.002704043352046659,0.0017541908827978236,-0.018018227808159426,-0.03917113589430643,oos,downtrend,medium,downtrend_medium
2022-02-01,0.004168075843846264,-0.010724968987071315,-0.02481894693044262,-0.019978878336881944,oos,downtrend,medium,downtrend_medium
2022-02-02,-0.011681320440123266,-0.03118855176513624,-0.01710679285503225,-0.02507637608870006,oos,uptrend,medium,uptrend_medium
2022-02-03,-0.004201114301265463,-0.018388036128961227,0.0008897221930448396,-0.01623629191593068,oos,downtrend,medium,downtrend_medium
2022-02-04,-0.013903356439394554,0.00042964429256708847,-0.004671710362460946,-0.010311463021612233,oos,downtrend,medium,downtrend_medium
2022-02-07,-0.0007580858439817373,0.018865904933752065,-0.02529239767734348,-0.00423610276736941,oos,downtrend,high,downtrend_high
2022-02-08,0.00539439461961555,0.0002677238893029621,-0.0010161364080764068,-0.01599877933198557,oos,downtrend,medium,downtrend_medium
2022-02-09,0.0029480293009367387,-0.04052038235815414,-0.013210611525819926,-0.027962106875185744,oos,downtrend,high,downtrend_high
2022-02-10,-0.004369377113059403,-0.00564728561400496,-0.008389226441178121,-0.06893873157340558,oos,downtrend,high,downtrend_high
2022-02-11,-0.013665235081503635,0.014408916675978878,0.011721048716863303,-0.024463944767630363,oos,downtrend,high,downtrend_high
2022-02-14,0.024755981205616173,0.021930202966057966,0.016145771817282606,-0.008229348139016435,oos,downtrend,high,downtrend_high
2022-02-15,-0.004954490714032311,-0.007591051669189941,-0.01816646595145177,-0.04609830490447464,oos,downtrend,high,downtrend_high
2022-02-16,-0.005285597876913961,-0.01091597943827316,-0.019159015223249365,-0.05164816930080207,oos,downtrend,high,downtrend_high
2022-02-17,0.002335221711216251,-0.008345969986146007,-0.05732755133283729,-0.057478431947573516,oos,downtrend,high,downtrend_high
2022-02-18,0.0008376094243045529,-0.007503380883828514,-0.031051759331966466,-0.07730806667975398,oos,downtrend,high,downtrend_high
2022-02-21,0.01449731340169147,-0.03561258498866815,-0.003208036029978656,-0.04953119294239028,oos,downtrend,high,downtrend_high
2022-02-22,-0.0076332548198552175,-0.031178551826165357,-0.0342290140015703,-0.0493850004725348,oos,downtrend,high,downtrend_high
2022-02-23,-0.018185510106942804,0.014804609020354853,-0.003072688104631238,0.0027796408772911008,oos,downtrend,high,downtrend_high
2022-02-24,0.008643316891778774,0.0054674703078152476,-0.01636634191551034,0.006950911735826404,oos,downtrend,high,downtrend_high
2022-02-25,0.018948450918098825,0.0009981538360901432,-0.03752361623917966,0.023644620735315813,oos,downtrend,high,downtrend_high
2022-02-28,0.000774394759116559,-0.020957506926766345,-0.034933160633532356,0.0042126180322275,oos,downtrend,high,downtrend_high
2022-03-02,-0.01346323957245954,-0.05142848667142086,-0.02259433762837415,0.015077879975399,oos,downtrend,high,downtrend_high
2022-03-03,-0.005759103569133339,-0.019951711722437482,0.015633952933482576,0.057994643308705074,oos,downtrend,high,downtrend_high
2022-03-04,-0.00030248422943235376,0.030085764587509667,0.04805277392808738,0.07875304615158507,oos,downtrend,high,downtrend_high
2022-03-07,0.01687226399406261,0.05379501139051612,0.07134674993252998,0.0995539045260434,oos,downtrend,high,downtrend_high
2022-03-08,0.01662828768348046,0.0343605684009205,0.03638512252767767,0.0726241068929594,oos,downtrend,high,downtrend_high
2022-03-09,-0.009679432749761463,0.006815091784207583,0.013024330289109098,0.027788245071031614,oos,downtrend,high,downtrend_high
2022-03-10,0.006149776916381411,0.008119114055886723,0.04587447147769774,0.037764337958388516,oos,downtrend,high,downtrend_high
2022-03-11,0.014284348861627105,0.02053965183161921,0.02909156792251788,0.03536800644963267,oos,downtrend,high,downtrend_high
2022-03-14,-0.014061612135165324,0.022863048562873134,0.02454636950570399,0.025126275072855142,oos,uptrend,high,uptrend_high
2022-03-15,0.005848270626310326,0.01427707591097871,0.02186452829555452,0.03683193021052911,oos,downtrend,high,downtrend_high
2022-03-16,0.0048916397069216355,0.006545385186114583,0.001153852485585416,0.015221247779688252,oos,uptrend,high,uptrend_high
2022-03-17,-0.01222772674485706,-0.004838547527337811,-0.010184944747396063,0.01967449832655288,oos,uptrend,high,uptrend_high
2022-03-21,0.011395738704909952,0.0059782252190225815,0.005934417832344385,0.0544963890278467,oos,uptrend,high,uptrend_high
2022-03-22,-0.00915828357115267,-0.014481473476740891,-0.004582003293314818,0.03173501854818084,oos,uptrend,high,uptrend_high
2022-03-23,0.007475938045479857,0.007432065437822377,0.023591809258354024,0.041690745187666245,oos,uptrend,high,uptrend_high
2022-03-24,-0.007866273352999054,0.002099646089999352,0.0101654231013939,0.020275943157499032,oos,uptrend,high,uptrend_high
2022-03-25,0.002336790947296663,0.0184148038667713,0.02843696228771564,0.035066073426184285,oos,uptrend,high,uptrend_high
2022-03-28,0.0016246307939575821,0.00968658446555759,0.04371812813806786,0.021838795704597125,oos,uptrend,high,uptrend_high
2022-03-29,0.0017231137070559122,0.011581010215802268,0.028008117004910682,0.0035579262391944866,oos,uptrend,high,uptrend_high
2022-03-30,-0.0031079741756532275,0.030492328171213945,0.016464860538048187,-0.0024857773224241653,oos,uptrend,high,uptrend_high
2022-03-31,0.013393941749564986,0.029850488810491127,0.011621927411706423,-0.015097293332107187,oos,uptrend,high,uptrend_high
2022-04-01,0.013717750285443753,-8.137518357398399e-05,-0.0013897389841635022,-0.04775363367063823,oos,uptrend,high,uptrend_high
2022-04-04,-0.006813890103850251,-0.02439348459972046,-0.0224356713487901,-0.05221335843505437,oos,uptrend,high,uptrend_high
2022-04-05,-0.0019671636589090324,-0.0032730599613288724,-0.017511270333889106,-0.025228756252539508,oos,uptrend,medium,uptrend_medium
2022-04-06,-0.004725417744340321,-0.002728135300347212,-0.013973152838832159,-0.0311088532156093,oos,uptrend,medium,uptrend_medium
2022-04-07,0.004870521317055898,-0.009484019836553781,-0.02963586524147943,-0.0420496580404931,oos,uptrend,medium,uptrend_medium
2022-04-08,-0.0037174647522315585,-0.01495132683007272,-0.0440930270040506,-0.030443754120868083,oos,uptrend,medium,uptrend_medium
2022-04-11,-0.0031020355213000617,-0.023383721094252463,-0.02549346955381404,-0.03107500097462712,oos,uptrend,medium,uptrend_medium
2022-04-12,-0.007059699046148227,-0.036434865298531904,-0.01177852014210401,-0.020162023733044432,oos,uptrend,medium,uptrend_medium
2022-04-13,-0.0005702480334569549,-0.002729279605216073,-0.0006692486388268915,-0.004707927754791341,oos,uptrend,medium,uptrend_medium
2022-04-18,-0.01739960088640613,0.007743831268696377,-0.01767199127445429,-0.011000067673224811,oos,downtrend,medium,downtrend_medium
2022-04-19,0.005356376776521232,0.007433110030653722,0.009125755342397346,-0.021569081745647645,oos,downtrend,medium,downtrend_medium
2022-04-20,0.009167604909954052,-0.016284125943508254,-0.011384031146466245,-0.032025647897834464,oos,downtrend,medium,downtrend_medium
2022-04-21,-0.004106118876049392,-0.0024328612750286194,0.00013343470444104888,-0.04822316625828249,oos,downtrend,medium,downtrend_medium
2022-04-22,-0.0032395436528851462,0.0017255289405893048,0.005497073364203908,-0.04157793288821188,oos,downtrend,medium,downtrend_medium
2022-04-25,0.004643338786914031,0.00722783867774357,-0.003048902214962901,-0.05147102943998172,oos,downtrend,high,downtrend_high
2022-04-26,-0.0020470042229329133,0.0017103364332775595,-0.023179400003775052,-0.05307980101938381,oos,downtrend,high,downtrend_high
2022-04-27,0.0032316694057419326,-0.00700429859070939,-0.02948600071991625,-0.08036882980889493,oos,downtrend,high,downtrend_high
2022-04-28,-0.013081882871445627,-0.03760407349567929,-0.052974017917682525,-0.08927677824343239,oos,downtrend,high,downtrend_high
2022-04-29,0.008546830018240525,-0.014286954039078537,-0.036786993852966465,-0.06394000774120467,oos,downtrend,high,downtrend_high
2022-05-02,-0.0245077974318495,-0.04008689593450998,-0.05010059451926374,-0.04897463962531845,oos,downtrend,high,downtrend_high
2022-05-04,-0.010210748268292269,-0.03280383219122207,-0.04079861111111116,-0.036455610158115714,oos,downtrend,high,downtrend_high
2022-05-05,-0.00026199433130880134,-0.010691141521913416,-0.03701068513302341,-0.03692537635212034,oos,downtrend,high,downtrend_high
2022-05-06,0.004569311311526381,-0.0037343915162424413,-0.027456127444121736,0.00236941740663954,oos,downtrend,high,downtrend_high
2022-05-09,-0.0005446883004222025,-0.027134167852944868,-0.025023267800453275,-0.0021047698299776485,oos,downtrend,high,downtrend_high
2022-05-10,-0.006327589438775982,-0.029987579627564043,-0.0006607232386530715,-0.008905898617517005,oos,downtrend,high,downtrend_high
2022-05-11,-0.013301184972990376,-0.011160270458768773,0.013681969443859687,0.0002933753254832361,oos,downtrend,high,downtrend_high
2022-05-12,-0.012195631806659613,0.01766913717766161,-0.010490055040057622,0.012089277750829241,oos,downtrend,high,downtrend_high
2022-05-13,-0.00017669845924117578,0.024941477494952125,0.02657293369117597,0.03201940022120886,oos,downtrend,high,downtrend_high
2022-05-16,0.021787778478900455,-0.006485377705928053,0.018984992606708717,0.04705709938235603,oos,downtrend,high,downtrend_high
2022-05-17,-0.004770797184356468,-0.003186635663676385,-0.011827320828645016,0.016325403568902663,oos,downtrend,high,downtrend_high
2022-05-18,-0.006785027539020105,0.01867766076064803,0.0068101204595159,0.03803068305874491,oos,downtrend,high,downtrend_high
2022-05-19,0.013858972852088147,0.005070531104092391,0.007875352938559121,0.0364128325224935,oos,downtrend,high,downtrend_high
2022-05-20,-0.004680512743936771,-0.016275931572198532,0.003775102081994941,0.018006965979302292,oos,downtrend,high,downtrend_high
2022-05-23,-0.006187735717497533,-0.0034143320090450624,0.026861991808227348,0.021201190757993205,oos,downtrend,high,downtrend_high
2022-05-24,-0.010530138506566922,0.009638010397549301,0.023968436174673258,0.013583307677716316,oos,downtrend,high,downtrend_high
2022-05-25,0.004045351792921537,0.03454830118751939,0.025939149332505407,0.015600745110214254,oos,downtrend,high,downtrend_high
2022-05-26,0.003427131259049254,0.017669402131555767,0.020335554567736613,0.011137292708325974,oos,downtrend,high,downtrend_high
2022-05-27,0.008077251002536645,-0.0003116179613426029,0.003412435293776994,-0.019730309248624955,oos,uptrend,high,uptrend_high
2022-05-30,0.00036804181256577806,0.002988867088603131,-0.0005367472785051675,-0.048499640558396284,oos,uptrend,high,uptrend_high
2022-05-31,-0.004317745078965207,-0.000608615505065524,-0.010729570039215708,-0.05196335878078229,oos,uptrend,high,uptrend_high
2022-06-01,0.008879548219166589,0.005333227470654123,-0.007608485051735392,-0.04790175627369686,oos,uptrend,high,uptrend_high
2022-06-02,-0.010580677036086672,-0.020600643325858314,-0.016916638555389163,-0.08358668440153272,oos,uptrend,high,uptrend_high
2022-06-03,0.002350267341137746,-0.010553045363751457,-0.0198962796255735,-0.0748425219271247,oos,uptrend,high,uptrend_high
2022-06-06,-0.0032332297847537106,0.0005161024069559872,-0.042211057660094586,-0.06797063956022198,oos,uptrend,high,uptrend_high
2022-06-07,-0.007204830629457093,-0.016579681699512072,-0.04508964486091216,-0.05075277640982867,oos,uptrend,high,uptrend_high
2022-06-08,0.013173387921424196,-0.03009430304052163,-0.035151531309073,-0.05229695460275385,oos,uptrend,high,uptrend_high
2022-06-09,-0.005044868698299454,-0.033889233221577664,-0.05670310795984235,-0.04466359795775232,oos,uptrend,high,uptrend_high
2022-06-10,-0.006496557424247373,-0.011676827743772211,-0.03678463061819981,-0.011229680075376725,oos,downtrend,high,downtrend_high
2022-06-13,0.0036907417819034283,-0.020010551740912597,-0.020677200464137013,0.01006745488221128,oos,downtrend,high,downtrend_high
2022-06-14,-0.0023586381661554467,-0.02770316448654575,-0.005750445527440862,0.007689508101943909,oos,downtrend,high,downtrend_high
2022-06-15,-0.029790484019959207,-0.030450479835462452,-0.026461822881302388,-0.0020938521451467906,oos,downtrend,high,downtrend_high
2022-06-16,0.0013651598669344178,0.02397418946270502,0.018595331703155527,0.033235856016620824,oos,downtrend,high,downtrend_high
2022-06-17,0.0010205999951091727,0.0051387267069353815,0.02378623365613497,0.027229437196354622,oos,downtrend,medium,downtrend_medium
2022-06-20,0.011830369991128409,0.006515302782422294,0.024333645270742554,0.024547142638798425,oos,downtrend,medium,downtrend_medium
2022-06-21,-0.008513673124754928,0.009880552149019728,0.019590676300758947,0.017059383948961893,oos,downtrend,high,downtrend_high
2022-06-22,0.006801944611770638,0.024625361520989264,0.022492876706909026,0.03483469339992751,oos,downtrend,high,downtrend_high
2022-06-23,0.002672832547608417,0.012313653600053653,0.007846105120270064,0.030369026028401747,oos,downtrend,high,downtrend_high
2022-06-24,-0.005911666905500268,-0.007980597027463565,-0.010934836212611265,0.018485226259377985,oos,downtrend,high,downtrend_high
2022-06-27,0.005886104594992947,0.0014469222117092784,0.004943656054561041,0.029100507950449384,oos,downtrend,medium,downtrend_medium
2022-06-28,0.006203112583411663,0.0032066342337901954,0.006951439188418895,0.02271089149195804,oos,downtrend,medium,downtrend_medium
2022-06-29,0.00036451234587464576,0.0038574667580588695,0.013648597717043298,0.012181076460426654,oos,downtrend,medium,downtrend_medium
2022-06-30,0.003078867322583667,0.0068231953443993465,0.027331150618923328,0.01496145445916186,oos,downtrend,medium,downtrend_medium
2022-07-01,0.007946889619999453,0.017777906794023135,0.032468706239457745,0.02155884251376472,oos,downtrend,medium,downtrend_medium
2022-07-04,-0.0061788831481489614,0.014064233130378412,0.019287617618840347,0.02321617435916945,oos,uptrend,medium,uptrend_medium
2022-07-05,0.010848238564198365,0.0254390138633942,0.015178693303309565,0.033022063377968314,oos,uptrend,medium,uptrend_medium
2022-07-06,0.0011884502753858328,0.0063455123729734275,-0.009128825343262759,0.02526411352881852,oos,uptrend,high,uptrend_high
2022-07-07,-0.003259918947291718,-0.013233084204731349,-0.020585424410554443,0.02037647371151774,oos,uptrend,high,uptrend_high
2022-07-08,0.0049484918919318055,-0.010504364169689362,-0.005388534018808899,0.036148574102525366,oos,uptrend,medium,uptrend_medium
2022-07-11,-0.004210563542720758,-0.01163013000061952,0.009444246185891236,0.03130308433317319,oos,uptrend,medium,uptrend_medium
2022-07-12,-0.010016604626128855,-0.004898252690524019,0.013166355005731933,0.022051401257151104,oos,uptrend,medium,uptrend_medium
2022-07-13,-0.0050065529489123906,0.01620905351861479,0.03133808058889609,0.03888863352025096,oos,uptrend,medium,uptrend_medium
2022-07-14,0.002398405519614233,0.020595473306927348,0.037128076208813976,0.0573862527728628,oos,uptrend,low,uptrend_low
2022-07-15,0.007869262497434804,0.022874129166189583,0.03517025238596161,0.0623382236229757,oos,uptrend,low,uptrend_low
2022-07-18,0.009482889214039947,0.025835479618490753,0.027426257450813507,0.0712298405499816,oos,uptrend,medium,uptrend_medium
2022-07-19,-0.0025328549457945826,0.009457847109852091,-0.004766776641084602,0.047253387143676884,oos,uptrend,low,uptrend_low
2022-07-20,0.0049444105465943355,0.006502792297641502,0.0071564521188862695,0.05232529138689124,oos,uptrend,low,uptrend_low
2022-07-21,0.003493088378722975,-0.010647483869757668,0.01610621108110144,0.043259059194238114,oos,uptrend,low,uptrend_low
2022-07-22,-0.001893514484319181,-0.0012453075325867813,0.02974929980755414,0.04410784569533144,oos,uptrend,low,uptrend_low
2022-07-25,-0.008961202060346118,0.017838092682694873,0.04251515815146578,0.053640627779679484,oos,uptrend,low,uptrend_low
2022-07-26,0.01010304338429835,0.041449826972801196,0.05281220914910878,0.06430214931658673,oos,uptrend,low,uptrend_low
2022-07-27,0.009225119962536832,0.033693367454044054,0.03656073202034804,0.05270690415792889,oos,uptrend,low,uptrend_low
2022-07-28,0.004610790714013824,0.015571253183641165,0.017711291314148614,0.036221809223045076,oos,uptrend,low,uptrend_low
2022-07-29,0.005616797745669144,0.008406280646423347,0.00894850075629905,0.033755382273672696,oos,uptrend,low,uptrend_low
2022-08-01,0.0020391982350491666,0.00415072126778937,0.012417524625691012,0.036631663796429015,oos,uptrend,low,uptrend_low
2022-08-02,0.002242194367191752,0.0027811000475523873,0.010692104846030892,0.03500151303370469,oos,uptrend,low,uptrend_low
2022-08-03,-0.004644055819933657,0.0035503433747074986,0.011217962160613881,0.01691278272366059,oos,uptrend,low,uptrend_low
2022-08-04,-0.0015008560226317247,0.006376368148133693,0.015754448341531058,0.0038481504519325416,oos,uptrend,low,uptrend_low
2022-08-05,0.007102813514639594,0.014797574921702195,0.02435134902163605,0.010114070626095373,oos,uptrend,low,uptrend_low
2022-08-08,-0.001784665353842585,0.007517364935100579,0.02152728260878023,0.002211624107736787,oos,uptrend,low,uptrend_low
2022-08-10,-0.002972641705533463,0.006413835349591723,0.013824211972058853,-0.010682300502902087,oos,uptrend,low,uptrend_low
2022-08-11,0.002180111109132632,0.01611581220917513,0.005594608383496125,-0.005705095954418482,oos,uptrend,low,uptrend_low
2022-08-12,0.0015761345875393573,0.008950890490800889,-0.0172218109283786,-0.027212081079295514,oos,uptrend,low,uptrend_low
2022-08-16,0.004258952813321226,-0.00613948111453988,-0.016266394913348026,-0.006091822992049023,oos,uptrend,low,uptrend_low
2022-08-17,0.0032320654413866556,-0.02279228673513156,-0.01640912389846083,-0.01988136544425645,oos,uptrend,low,uptrend_low
2022-08-18,-0.011582721972276167,-0.02165417202148867,-0.024718242689268255,-0.02377203992575616,oos,uptrend,low,uptrend_low
2022-08-19,-0.010869323902141126,-0.004408279759146705,-0.007012424277735629,-0.0009670138380729609,oos,uptrend,low,uptrend_low
2022-08-22,0.01268341051943156,0.009511798350009926,-0.0025608298357943093,0.01718292289503176,oos,uptrend,medium,uptrend_medium
2022-08-23,0.00453626032677934,0.001908719796991587,0.013343541702189876,0.00564614182723111,oos,uptrend,low,uptrend_low
2022-08-24,-0.008855183056168281,-0.02070816275666043,-0.007704011468408822,0.006773573165903102,oos,uptrend,low,uptrend_low
2022-08-25,-0.0034280810217666158,0.007945831774946788,-0.0045320505899403285,0.01214854271361232,oos,uptrend,low,uptrend_low
2022-08-26,0.00722860708527584,0.02060373459094622,0.027759619270937508,0.043499588493451924,oos,uptrend,low,uptrend_low
2022-08-29,0.01977333141627824,0.007149030320797944,0.013818609954136418,0.037617196253129315,oos,downtrend,low,downtrend_low
2022-08-30,0.003265615048368753,0.010299934835140911,0.007932263396494221,0.02962711269186724,oos,uptrend,medium,uptrend_medium
2022-09-01,-0.0033498028551733894,0.0032502510160226095,0.011384535237744187,0.015853713622098864,oos,downtrend,medium,downtrend_medium
2022-09-02,0.0068020350449287115,0.004442561050568727,0.016350908782069684,-0.0008890465062486586,oos,downtrend,medium,downtrend_medium
2022-09-05,-0.0022660652670063453,0.005823493040659766,0.01359937166936076,-0.004150681916664567,oos,uptrend,medium,uptrend_medium
2022-09-06,0.005993355803215028,0.017920089258191885,0.03143089251614262,0.016944050752664586,oos,uptrend,medium,uptrend_medium
2022-09-07,0.0028509792998896444,0.010603877846866228,0.014401478675209578,-0.0016790922205471848,oos,downtrend,medium,downtrend_medium
2022-09-08,-0.005021382830859067,0.008184919396889256,-0.0025636513124737137,-0.016378011617396382,oos,uptrend,medium,uptrend_medium
2022-09-09,0.0025431995122331408,0.006310510293811911,-0.020122018118768126,-0.031496547805349606,oos,uptrend,medium,uptrend_medium
2022-09-12,0.001418805428175629,-0.00925762965108512,-0.02339773376464671,-0.05697865449013817,oos,uptrend,medium,uptrend_medium
2022-09-13,0.013088607336174896,-0.013521959803838524,0.0025377990948065587,-0.0429769589031731,oos,uptrend,medium,uptrend_medium
2022-09-14,-0.009361960862280472,-0.023500575936680423,-0.01817542090781643,-0.06581663470505794,oos,uptrend,medium,uptrend_medium
2022-09-15,-0.014943762934920057,0.0010928491580628474,-0.009383709018979669,-0.05499309588867907,oos,uptrend,medium,uptrend_medium
2022-09-16,0.00465202871944892,0.010130708656332033,-0.012160369000000282,-0.02544379890773807,oos,downtrend,medium,downtrend_medium
2022-09-19,0.002580111216806902,-0.007912011338201186,-0.04243571291577841,-0.049692227627907815,oos,downtrend,medium,downtrend_medium
2022-09-20,-0.0027017367695314487,-0.024709634204673536,-0.042718354385501645,-0.02769555023646242,oos,uptrend,medium,uptrend_medium
2022-09-21,0.0011442811287001309,-0.033694570659442924,-0.04264995412117001,-0.01577825812617617,oos,uptrend,medium,uptrend_medium
2022-09-22,-0.015147338752855677,-0.03333262655817559,-0.04409211271117364,-0.015869137508213504,oos,downtrend,medium,downtrend_medium
2022-09-23,-0.008160267285183376,-0.017352293811516484,-0.0036109865795024287,0.004936916170330097,oos,downtrend,medium,downtrend_medium
2022-09-26,-0.006048775788368599,-0.01711194469990751,-0.013064816938124557,-0.0074426012931951835,oos,downtrend,medium,downtrend_medium
2022-09-27,-0.0007084043686518271,0.013265650364760573,0.023932235837180293,0.014999440824791543,oos,downtrend,medium,downtrend_medium
2022-09-28,-0.010327417618053114,-0.006252353971043512,0.01990167943514587,0.0012210479519920714,oos,downtrend,low,downtrend_low
2022-09-29,0.01763888155736071,0.028351503766829378,0.03075354492627369,0.023076989261914482,oos,downtrend,low,downtrend_low
2022-09-30,-0.012556937738935847,0.013431167933853239,0.008121832628600556,0.012261720880168747,oos,downtrend,medium,downtrend_medium
2022-10-03,0.007397692851091486,0.009750789737996257,-0.00955818182687973,0.01979886312354684,oos,downtrend,medium,downtrend_medium
2022-10-04,-0.00273022246357002,-0.007954888732252585,-0.01471009339442153,0.00765280435001503,oos,downtrend,medium,downtrend_medium
2022-10-06,0.0015879479103373395,-0.017564929613968827,-0.015783332275078,0.0160089553257321,oos,downtrend,high,downtrend_high
2022-10-07,0.008578880973896474,0.0017110917155900296,0.005343848199109047,0.02819359512869002,oos,downtrend,medium,downtrend_medium
2022-10-10,-0.015791562244131252,-0.014006748991352458,0.003230750807744265,0.027509145908737986,oos,downtrend,medium,downtrend_medium
2022-10-11,0.005758922538528388,0.00940635868745976,0.027100353076866757,0.03705012755415171,oos,downtrend,medium,downtrend_medium
2022-10-12,-0.00427216634930605,0.013135517034886135,0.024866371926508535,0.03801640536567441,oos,downtrend,medium,downtrend_medium
2022-10-13,-0.007885878684652625,0.009504998185819513,0.013950135178438128,0.026815144585341955,oos,downtrend,high,downtrend_high
2022-10-14,0.009740562292367638,0.02143210781147431,0.02516797981530927,0.050592506064498055,oos,downtrend,high,downtrend_high
2022-10-17,0.002763914773134646,0.0071793688624470775,0.016744319403626973,0.04052184879220122,oos,uptrend,medium,uptrend_medium
2022-10-18,-0.0031819166720493675,0.0004639299211230963,0.0050204043561163925,0.029297291251824786,oos,uptrend,medium,uptrend_medium
2022-10-19,0.008084073014150261,0.01765761532233112,0.018013419908712747,0.0361359128680081,oos,uptrend,medium,uptrend_medium
2022-10-20,-0.0026413905331312826,0.0019009411498456252,0.009303329229330748,0.028048856581460058,oos,uptrend,medium,uptrend_medium
2022-10-21,-0.00031571374596950363,3.3806808515057796e-05,0.01555278371538149,0.026299164267062247,oos,uptrend,medium,uptrend_medium
2022-10-24,-0.008532603629144986,-0.0012073021600487177,0.018929352862791182,0.01958071255833338,oos,uptrend,medium,uptrend_medium
2022-10-25,-0.001938573838737745,0.013549794773181079,0.017525305372912525,0.014450117744264634,oos,uptrend,low,uptrend_low
2022-10-27,0.001712080712093611,0.021907593399695058,0.01668687468218155,0.0334132377662677,oos,uptrend,low,uptrend_low
2022-10-28,0.0056950790303447185,0.009639780580679158,0.011554934110299842,0.023391765036114398,oos,uptrend,low,uptrend_low
2022-10-31,0.0008108441763678975,-0.00430209552642824,0.003976766788201802,0.01504085245609188,oos,uptrend,low,uptrend_low
2022-11-01,-0.00522891968860284,-0.003341970122761273,-0.0011497692349430322,0.012748997134978346,oos,uptrend,low,uptrend_low
2022-11-02,0.004694343732659201,0.013048008134963984,0.0033308350892602423,0.020900683113047602,oos,uptrend,low,uptrend_low
2022-11-03,0.0035311907242197016,0.005738509484828125,0.016412355662308586,0.014083219476594078,oos,uptrend,low,uptrend_low
2022-11-04,-0.0004913980671819029,-0.010078700907381277,0.006446409083421312,-0.00284436044037506,oos,uptrend,low,uptrend_low
2022-11-07,-0.007176739163123891,0.003360038207592231,0.006296413851790028,-0.002408693081623392,oos,uptrend,low,uptrend_low
2022-11-09,-0.0008950386672074151,0.015783377479121175,0.0202446078222851,0.012352919082724512,oos,uptrend,low,uptrend_low
2022-11-10,0.0042331506909933925,0.00717208153585025,0.00391579532898656,0.011588547971485674,oos,uptrend,low,uptrend_low
2022-11-11,-0.0025712326133308094,0.001809385913084549,-0.0037412114744230784,0.0074198214272998,oos,uptrend,low,uptrend_low
2022-11-14,0.0022137419844521222,-0.001026513423915243,-0.011044139970864952,0.010891614818042017,oos,uptrend,low,uptrend_low
2022-11-15,0.000619645380674827,-0.004924360163330754,-0.008373121424592012,0.011946830880654513,oos,uptrend,low,uptrend_low
2022-11-16,-0.0008060935008884496,-0.010825930401268002,-0.004981247182077153,0.02176899277356381,oos,uptrend,low,uptrend_low
2022-11-17,-0.004096123381997829,-0.007547755169691639,0.005502402765810377,0.023366804539277863,oos,uptrend,low,uptrend_low
2022-11-18,-0.0047379850285110825,0.0011426697282008735,0.014597378314237242,0.024645914214458164,oos,uptrend,low,uptrend_low
2022-11-21,0.0035782105724009305,0.01677466835343755,0.021101074644985784,0.028708733874281744,oos,uptrend,low,uptrend_low
2022-11-22,-0.0031622695097747178,0.010234583483168969,0.015980811941207262,0.017328640057843847,oos,uptrend,low,uptrend_low
2022-11-23,0.008621583608503958,0.012913298283282248,0.023586579207442337,0.01279052256733837,oos,uptrend,low,uptrend_low
2022-11-24,-0.0008473034394110845,0.004835891090622324,0.01533052107580346,0.004366279642180393,oos,uptrend,low,uptrend_low
2022-11-25,0.007172830607129255,0.017785623013419682,0.014408078807669256,0.003583660027794311,oos,uptrend,low,uptrend_low
2022-11-28,0.0035360055012951808,0.014017059321050684,0.00800980834109044,-0.0029806753530478014,oos,uptrend,low,uptrend_low
2022-11-29,0.007121901254126595,0.0037797448459884198,0.0009154438203766713,-0.0009502579496281083,oos,uptrend,low,uptrend_low
2022-11-30,-0.0031501366425326083,-0.009055685531953683,-0.016503288300530383,-0.011214974936967215,oos,uptrend,low,uptrend_low
2022-12-01,-0.0030023239733163454,-0.005847272260665837,-0.0076283984060790955,-0.017997695919970247,oos,uptrend,low,uptrend_low
2022-12-02,-0.0009882715785322072,-0.008496506305552431,-0.011910070625108848,-0.024068461178100686,oos,uptrend,low,uptrend_low
2022-12-05,0.0022633407160976837,0.00046768357919280135,-0.005564321560076468,-0.009687896288068765,oos,uptrend,low,uptrend_low
2022-12-06,-0.004203564652165648,-0.0076319087809180175,-0.0016551241102070735,-0.013603244483365029,oos,uptrend,low,uptrend_low
2022-12-07,0.002073141553015745,-0.0039685431900108314,0.004816751724155965,-0.020017931748923967,oos,uptrend,low,uptrend_low
2022-12-08,-0.008884215201667711,-0.0029149728591360002,-0.013261959598955486,-0.028669987249806406,oos,uptrend,low,uptrend_low
2022-12-09,0.005162440148755554,0.014028273062941299,-0.0072355886566840555,-0.03235217606298346,oos,uptrend,low,uptrend_low
2022-12-12,0.004512945499564491,-0.005911122502805344,-0.0056115809247789805,-0.027520501095841365,oos,downtrend,low,downtrend_low
2022-12-13,-0.0005864213028050624,-0.021543817366271645,-0.015314947780678878,-0.028865192140322682,oos,uptrend,low,uptrend_low
2022-12-14,-0.010717508800362818,-0.010419415495794393,-0.022310725703480805,-0.026425798322934013,oos,uptrend,low,uptrend_low
2022-12-15,-0.002734829246157977,0.0036137786947301187,-0.010467217499154247,-0.00699268043225465,oos,downtrend,low,downtrend_low
2022-12-16,0.007236925224704871,-0.004866552670916957,-0.026317596601358906,-0.009995507025305828,oos,downtrend,low,downtrend_low
2022-12-19,0.0024536129770567072,-0.011611105750932271,-0.017758769376780226,-0.00778894327872981,oos,downtrend,low,downtrend_low
2022-12-20,-0.01280438598266287,-0.034084322398288736,-0.016427835030248028,-0.010989853897694801,oos,downtrend,low,downtrend_low
2022-12-21,-0.008827870881535471,-0.01499284590360439,-0.009093039135758652,-0.013442738287796963,oos,downtrend,low,downtrend_low
2022-12-22,-0.009503444869753075,0.008602369456780945,0.011867491287196108,0.000806557013010023,oos,downtrend,low,downtrend_low
2022-12-23,0.010330627171269313,0.016382111616998873,0.015417510801918999,0.0016291741906298007,oos,downtrend,low,downtrend_low
2022-12-26,0.002349390162662779,0.005594269388245143,0.005950780707965508,0.0006301029866406793,oos,downtrend,low,downtrend_low
2022-12-27,0.002087394075118487,0.0011363597091471611,0.008172674836533611,-0.009433340763626785,oos,downtrend,low,downtrend_low
2022-12-28,0.008051823289785709,0.008409205881162451,-0.00015239088087770636,-0.008312229866058396,oos,downtrend,low,downtrend_low
2022-12-29,-0.008423133200173405,-0.0014540053284647358,-0.014620064760090146,-0.02195619714014596,oos,downtrend,low,downtrend_low
2022-12-30,0.0036262459026459304,-0.004894742568210209,-0.0150151398782562,-0.009657098723208968,oos,downtrend,low,downtrend_low
2023-01-02,0.003818245985454327,-0.009417329296725674,-0.003413495566133351,-0.014774358093148088,oos,downtrend,low,downtrend_low
2023-01-03,-0.010295911986306527,-0.02036137844351882,-0.017360872663257143,-0.009728101059203076,oos,downtrend,low,downtrend_low
2023-01-04,-0.006065580385744895,-4.143200220796395e-05,-0.011393800607194637,0.0035024068324824853,oos,downtrend,low,downtrend_low
2023-01-05,-0.008251951546844993,-0.005214356165786138,-0.008321364945062526,0.00554190063862503,oos,downtrend,low,downtrend_low
2023-01-06,0.008280073361789375,-0.0031667679536312443,0.0002255294066193514,0.004183227792533772,oos,downtrend,low,downtrend_low
2023-01-09,-0.011431320142278989,-0.014518911510603583,-0.012496408210899923,-0.0001517551103641379,oos,downtrend,medium,downtrend_medium
2023-01-10,-0.0015928577904236185,0.0018047957027491623,0.007199786950639497,0.0108261590443115,oos,downtrend,medium,downtrend_medium
2023-01-11,-0.0034959498009640155,-0.0014508240717783227,0.013643326367299702,-0.001612668553944041,oos,downtrend,medium,downtrend_medium
2023-01-12,0.004986685847208516,0.010398812438785487,0.01345177609486492,-0.014727879704771185,oos,downtrend,low,downtrend_low
2023-01-13,-0.007669252363242007,0.0073308998087615596,-0.0003049938519261719,-0.021305271877216536,oos,downtrend,low,downtrend_low
2023-01-16,0.007281228062107514,0.010324771802328492,0.010921842093161382,-0.014542949721210952,oos,downtrend,low,downtrend_low
2023-01-17,0.005037474435495293,-0.002581034319922071,0.002434395694335567,-0.025339846091037788,oos,uptrend,low,uptrend_low
2023-01-18,-0.0006595641982646283,-6.898530591425978e-05,-0.01257472779368396,-0.028112913424087838,oos,uptrend,low,uptrend_low
2023-01-19,-0.00485488863998107,0.00014910750586483168,-0.028221533431078027,-0.01443776820887821,oos,uptrend,low,uptrend_low
2023-01-20,5.605474219905204e-06,-0.012501069890992977,-0.02591281374755483,-0.01952979557482304,oos,downtrend,low,downtrend_low
2023-01-23,-0.003610240916880003,-0.03187424263027294,-0.02869557222404462,-0.02543172625411616,oos,uptrend,low,uptrend_low
2023-01-24,-0.01113118327855922,-0.024561532287793453,-0.0263659763628189,-0.012250379029328684,oos,uptrend,low,uptrend_low
2023-01-25,-0.015262436024588766,-0.012029223677244238,-0.014923972422099308,0.0009089790744714055,oos,downtrend,low,downtrend_low
2023-01-27,0.006099664220076129,0.004238500612037344,0.017791726484215564,0.017931347156893374,oos,downtrend,low,downtrend_low
2023-01-30,-0.003908243893100405,-0.006826787062447104,0.0018695815675318084,0.0022249265352367598,oos,downtrend,low,downtrend_low
2023-01-31,-0.010964698983139343,0.002383344158076506,-0.00505847938146875,0.006638932077597248,oos,downtrend,low,downtrend_low
2023-02-01,0.005326268807654966,0.014129051356626343,0.020243054916763814,0.028472179248959284,oos,downtrend,low,downtrend_low
2023-02-02,0.007465446767390249,-1.4106958962867289e-05,0.009688615331443051,0.017723961198809368,oos,downtrend,low,downtrend_low
2023-02-03,-0.003027809193762887,0.002982758707623212,0.002129758991956443,0.007051552005689299,oos,downtrend,low,downtrend_low
2023-02-06,-0.003856055383683721,0.005809389022225497,-0.0010792080523193137,0.0030635016777129653,oos,downtrend,low,downtrend_low
2023-02-07,0.006839232697861464,0.005982953193794938,0.010115255529340672,0.004304064389754059,oos,downtrend,low,downtrend_low
2023-02-08,0.0004444504626652801,-0.006407403168767978,0.007288004773419843,-0.01851775006290013,oos,downtrend,low,downtrend_low
2023-02-09,0.0005014255938917689,0.004611211315978414,0.010550401589153546,-0.018842965366615227,oos,uptrend,low,uptrend_low
2023-02-10,-0.004938615085818832,0.00877703822860787,0.004765055979100374,-0.02202232121033365,oos,downtrend,low,downtrend_low
2023-02-13,0.005016717831189066,0.010958305430139426,0.00023822403109008405,-0.025092018958516538,oos,downtrend,low,downtrend_low
2023-02-14,0.006663276968968512,0.002659701307172746,-0.0039057917230479466,-0.03311525114047609,oos,uptrend,low,uptrend_low
2023-02-15,-0.0032551093894638283,-0.013824473431520157,-0.02986773615275151,-0.035582122404288485,oos,uptrend,low,uptrend_low
2023-02-16,-0.0017051820344028412,-0.008242093471966028,-0.025791570969984856,-0.036325712478253336,oos,uptrend,low,uptrend_low
2023-02-17,-0.006732394311074086,-0.022891032120718857,-0.02781712657101343,-0.02066183087814988,oos,uptrend,low,uptrend_low
2023-02-20,-0.00441765009375239,-0.022034802356516336,-0.028655605452580057,-0.010854111741459449,oos,uptrend,low,uptrend_low
2023-02-21,-0.01132328185860354,-0.016307695116975607,-0.025423345670797515,-5.346100025527267e-05,oos,uptrend,low,uptrend_low
2023-02-22,-0.0036074908584707854,-0.010353046452182046,-0.007041391848455425,0.0008506125821980959,oos,downtrend,low,downtrend_low
2023-02-23,-0.007136963957449338,-0.016337597569650697,-0.015317143069364159,-0.010144145998604803,oos,downtrend,low,downtrend_low
2023-02-24,-0.00205985514783924,0.001279550953594999,0.009510230524249375,-0.015738431903470462,oos,downtrend,low,downtrend_low
2023-02-27,-0.004561907655357911,-0.003529237016955955,0.018880198970273154,-0.019556137014079655,oos,downtrend,low,downtrend_low
2023-02-28,0.005230429737912656,0.013493586170064242,0.02271304831897769,-0.022347177002400076,oos,downtrend,low,downtrend_low
2023-03-01,-0.005717051308727683,0.016643183351031876,0.009648974507074692,-0.02502083004477229,oos,downtrend,low,downtrend_low
2023-03-02,0.008199963290595136,0.017371270861686217,-0.0021975279349616406,-0.02012458813838547,oos,downtrend,low,downtrend_low
2023-03-03,0.0017589928967529644,-0.0051328170542441764,-0.02975330464314252,-0.03913662535174611,oos,downtrend,low,downtrend_low
2023-03-06,0.005018207017816856,-0.014312984694960562,-0.03523480286712988,-0.031600696262541916,oos,uptrend,low,uptrend_low
2023-03-08,-0.010266185603492128,-0.034759635092408314,-0.045008896298502465,-0.03489470057553945,oos,uptrend,low,uptrend_low
2023-03-09,-0.0017714253339911057,-0.022959445881226115,-0.02626727842291754,-0.021033282552697652,oos,downtrend,low,downtrend_low
2023-03-10,-0.015359955192890462,-0.025815209013708817,-0.01847385199999152,-0.027370700020280192,oos,downtrend,low,downtrend_low
2023-03-13,-0.006832531280296039,-0.01019496251053642,-0.0100317520585117,-0.010189157954711314,oos,downtrend,medium,downtrend_medium
2023-03-14,-0.011318521707609608,-0.0038679191400559088,-0.0034339785705720383,-0.012509867198712277,oos,downtrend,medium,downtrend_medium
2023-03-15,-0.0005325664866275837,-0.00036776278748562596,0.009252911733138358,0.005063289102579471,oos,downtrend,medium,downtrend_medium
2023-03-16,-0.0006866606355583338,-0.0002513342286402098,-0.0020395510134293415,0.014489954734728139,oos,downtrend,medium,downtrend_medium
2023-03-17,-0.004582003476957586,0.004998112289640977,-0.00712202963138775,0.01942104341001394,oos,downtrend,medium,downtrend_medium
2023-03-20,0.002760756388864305,0.0009671519789808958,-0.004378629467339468,0.029111297463916497,oos,downtrend,medium,downtrend_medium
2023-03-21,-0.0014873470327080307,-0.013529275187513012,-0.013142230672618327,0.024549696902302243,oos,downtrend,medium,downtrend_medium
2023-03-22,-0.00119901268798972,-0.006533225480070626,-0.00097682521865472,0.030802951243615873,oos,downtrend,medium,downtrend_medium
2023-03-23,-0.007680189005759286,-0.00729084958573778,0.016605028883632134,0.03783637999435885,oos,downtrend,medium,downtrend_medium
2023-03-24,8.233706633031801e-05,0.005675737773463085,0.02436073202711797,0.0487567677963634,oos,downtrend,medium,downtrend_medium
2023-03-27,-0.004700091373464277,0.019258150219443104,0.03084244315763196,0.046750921073876794,oos,downtrend,medium,downtrend_medium
2023-03-28,0.006090393215757439,0.024783091577471605,0.03662829665253864,0.04297201525290317,oos,downtrend,medium,downtrend_medium
2023-03-29,0.008680845771059653,0.020144923243519797,0.024037929575215777,0.02613548193146409,oos,downtrend,medium,downtrend_medium
2023-03-31,-0.0017155453647886842,0.009823368758202111,0.016889627047072198,0.010947976658362446,oos,uptrend,medium,uptrend_medium
2023-04-03,0.007734340124871286,0.011579986049668367,0.022390820493400465,0.011602855445909555,oos,uptrend,medium,uptrend_medium
2023-04-05,0.003724269496134136,0.010747849221556027,0.016776144268268567,0.00514440205000799,oos,uptrend,medium,uptrend_medium
2023-04-06,-0.0006152350812691498,0.010065268080241774,0.00407993337962087,0.00615257231947175,oos,uptrend,medium,uptrend_medium
2023-04-10,0.00098843247186009,0.006958520475444763,-0.002521936912856182,0.003640211462772047,oos,uptrend,medium,uptrend_medium
2023-04-11,0.002975841564123227,-0.0029674833853703397,-0.007928172451222903,0.003043366850363327,oos,uptrend,medium,uptrend_medium
2023-04-12,0.001162400691956389,-0.008263486557150812,-0.010268348063875665,0.006050888976585123,oos,uptrend,low,uptrend_low
2023-04-13,-0.008741554645076421,-0.013673515087051502,-0.013376768669876249,0.011308290880591265,oos,uptrend,low,uptrend_low
2023-04-17,-0.005991535864512287,-0.008000990271092245,-0.001305777090724658,0.02144759209009961,oos,uptrend,low,uptrend_low
2023-04-18,-0.0019599458539373282,-0.0016596752895802203,0.006565348400705107,0.024726185662135913,oos,uptrend,low,uptrend_low
2023-04-19,-0.0008022400268941077,0.00594155905632654,0.009921422554826087,0.03499150644288984,oos,uptrend,low,uptrend_low
2023-04-20,-0.0008899910004392941,0.0073413738856842325,0.015606841437662,0.02433424509984561,oos,uptrend,low,uptrend_low
2023-04-21,0.0020245379961276733,0.005988904362612013,0.020186259701623577,0.0314470146805752,oos,uptrend,low,uptrend_low
2023-04-24,0.0004334767186053856,0.008642263386260396,0.021737944739745663,0.02839833321493912,oos,uptrend,low,uptrend_low
2023-04-25,0.002605844787288092,0.016755455564987365,0.018154070339451378,0.03083185425121515,oos,uptrend,low,uptrend_low
2023-04-26,0.005723381899315427,0.018781166028731366,0.024852562528870914,0.02716542326919469,oos,uptrend,low,uptrend_low
2023-04-27,0.006384236946316291,0.007768585419567042,0.006607073201383429,0.020300404597956234,oos,uptrend,low,uptrend_low
2023-04-28,0.0012606819600819996,0.007227665648911197,0.007702132070848133,0.01512010153559884,oos,uptrend,low,uptrend_low
2023-05-02,-0.0013222609746151859,-0.0024732954607944446,0.008399586554882044,0.009534123778636605,oos,uptrend,low,uptrend_low
2023-05-03,0.009667650088490687,0.010143265893755915,0.012947271134063465,0.0055721475582102276,oos,uptrend,low,uptrend_low
2023-05-04,-0.0026660031664312855,0.008204778365982657,0.009918652945033246,0.0006981413872142461,oos,uptrend,low,uptrend_low
2023-05-05,0.00793576285277009,0.010733640397825095,0.010717149325154107,0.004569428332115599,oos,uptrend,low,uptrend_low
2023-05-08,-0.002046131924982819,-0.00034968314566719005,0.005214835315457966,0.0006009812256324576,oos,uptrend,low,uptrend_low
2023-05-09,8.190634457427848e-05,6.55890649909896e-05,-0.001479753295530517,0.0018784068320130132,oos,uptrend,low,uptrend_low
2023-05-10,-0.0033119861128517725,0.002236042792605364,-0.00958997122519234,-0.003943848802354766,oos,uptrend,low,uptrend_low
2023-05-11,0.002246434434639788,0.0006977221424173674,-0.007869254052944807,0.0025939060469253317,oos,uptrend,low,uptrend_low
2023-05-12,0.00324706098860017,-0.008590882669369804,-0.007410336536055051,0.008727095434774235,oos,uptrend,low,uptrend_low
2023-05-15,-0.00791269764657776,-0.01640596001234662,-0.006399033289277933,0.009022223686849795,oos,uptrend,low,uptrend_low
2023-05-16,-0.006486136888289362,-0.005303084474318154,0.0025983395643249807,0.018218153370978873,oos,uptrend,low,uptrend_low
2023-05-17,-0.008615217019822263,0.0014709714627478832,-0.00011481117566647381,0.013501046650717718,oos,uptrend,low,uptrend_low
2023-05-18,0.0009485239937800927,0.008899607992818304,0.007423231255669904,0.016584027014891145,oos,uptrend,low,uptrend_low
2023-05-19,0.006224941551973062,0.004631631223345423,0.01638637260390463,0.018295597911484274,oos,uptrend,low,uptrend_low
2023-05-22,-0.0008114399309494535,-0.002273605972470172,0.012838385820595155,0.012576946660774135,oos,uptrend,low,uptrend_low
2023-05-23,-0.0005138285317998204,0.011180708146034446,0.01853252364860314,0.016627632210227006,oos,uptrend,low,uptrend_low
2023-05-24,0.002860051720836587,0.018049800094658064,0.014532894390088424,0.025042558129813486,oos,uptrend,low,uptrend_low
2023-05-25,0.007131832896578816,0.014454210946882817,0.006500333081860488,0.014492383776228523,oos,uptrend,low,uptrend_low
2023-05-26,-0.0011010169406183712,-0.004551765156946885,-0.004567919559467337,-0.002994228997047599,oos,uptrend,low,uptrend_low
2023-05-29,0.0014618009248834607,-0.006390209313811179,-0.0006879680641739272,-0.000276803751178889,oos,uptrend,low,uptrend_low
2023-05-30,-0.003215993731243927,-0.0032321698110234776,0.0002581870395987895,0.006558560034789052,oos,uptrend,low,uptrend_low
2023-05-31,-0.0049329035759004825,0.0007777010262015605,0.007911988380107982,0.009499768361150185,oos,uptrend,low,uptrend_low
2023-06-01,-0.0009029236047245481,0.002595589508777252,0.004511985900241378,0.0073985829700564665,oos,uptrend,low,uptrend_low
2023-06-02,-0.0009751982927681535,0.0061465930918225276,-0.0026111975808618126,0.011497958306468936,oos,uptrend,low,uptrend_low
2023-06-05,-9.681202821198998e-05,0.0018144380124762716,3.759078752696432e-05,0.00831407417985397,oos,uptrend,low,uptrend_low
2023-06-06,0.003257370913467117,-0.0054752711345350535,0.0027082323797735786,0.008095084676471354,oos,uptrend,low,uptrend_low
2023-06-07,-0.0048489790588230886,-0.006614007853449788,0.0016315199388696744,0.007022565812825343,oos,uptrend,low,uptrend_low
2023-06-08,-0.004958216867757437,0.0032295412571068383,0.0017259536165930012,0.006183009501538939,oos,uptrend,low,uptrend_low
2023-06-09,0.0003468244763549233,0.008650130148458057,0.012419929446112254,0.0037886005033680448,oos,uptrend,low,uptrend_low
2023-06-12,0.004527185019060687,0.003021652538366393,0.006636419042459485,0.0031880137726556512,oos,uptrend,low,uptrend_low
2023-06-13,0.000602881975902525,0.004342604927356719,0.003846420349194357,0.003883826956409875,oos,uptrend,low,uptrend_low
2023-06-14,-0.004599315184637409,-0.0010120137096232273,0.004388964473200474,0.010527626580257188,oos,uptrend,low,uptrend_low
2023-06-15,0.005485102223687255,0.0049883532071188785,0.0025609383361515636,0.024875421563830935,oos,uptrend,low,uptrend_low
2023-06-16,-0.006244353537621872,-0.0008716637362842228,-0.011010304114712266,0.023803467406523504,oos,uptrend,low,uptrend_low
2023-06-19,0.003431549150663793,0.0010078945315499244,-0.003260945529430015,0.033950433086353815,oos,uptrend,low,uptrend_low
2023-06-20,0.00039519658957987147,-0.009756299235728738,-0.001697666734052472,0.029130879391161102,oos,uptrend,low,uptrend_low
2023-06-21,-0.004367845455572894,-0.00861376044838913,0.006285271908557766,0.03414208348600534,oos,uptrend,low,uptrend_low
2023-06-22,-0.004073749974858876,0.004031127280639701,0.023861101289133213,0.031477745482489494,oos,uptrend,low,uptrend_low
2023-06-23,0.00047368824371840645,0.01550929117901756,0.03426770107940502,0.036052787541884124,oos,downtrend,low,downtrend_low
2023-06-26,0.0036722630019945246,0.023495149312582342,0.034159931944739874,0.036848160555742915,oos,uptrend,low,uptrend_low
2023-06-27,0.00338209805977141,0.02191649537706586,0.025933240388130496,0.02518228281392787,oos,uptrend,low,uptrend_low
2023-06-28,0.005881535692343176,0.01636278510428668,0.022039864049060665,0.01766016913292834,oos,uptrend,low,uptrend_low
2023-06-30,0.0039514083729508265,0.007897539812433463,0.0044320152365364684,0.016522484607591092,oos,uptrend,low,uptrend_low
2023-07-03,-0.0009068878489407739,0.004673728200750071,-0.0026124730643439786,0.015708553559673266,oos,uptrend,low,uptrend_low
2023-07-04,-0.00038386263233147755,-0.0038209126832279283,0.0017237586009284378,0.01769049157968028,oos,uptrend,low,uptrend_low
2023-07-05,0.005756901581969176,-0.0015371551878912149,-7.213758370128165e-05,0.02308150801402209,oos,uptrend,low,uptrend_low
2023-07-06,-0.004685215125505904,0.0008546455046289925,-0.00046598744186976404,0.028644149504538863,oos,uptrend,low,uptrend_low
2023-07-07,-0.002291155553636015,-0.000827244273847727,0.008461207861206521,0.01776516390500782,oos,uptrend,low,uptrend_low
2023-07-10,0.0006331764132234685,-0.0006871643036492348,0.014636750471891391,0.012624118109820559,oos,uptrend,low,uptrend_low
2023-07-11,-0.005803243092495913,0.0034389514493782247,0.012914549920091778,0.009393556488859645,oos,uptrend,low,uptrend_low
2023-07-12,-0.004177911589211325,0.01109247448941253,0.017335097122268328,0.014521603976620057,oos,uptrend,low,uptrend_low
2023-07-13,0.0036448542509173176,0.013122397087322879,0.024916122663803497,0.008538826043925418,oos,uptrend,low,uptrend_low
2023-07-14,0.0050631280174389115,0.011268524644071798,0.0067738420687668555,0.0017285402135813754,oos,uptrend,low,uptrend_low
2023-07-17,-0.0019330385344282774,0.009685427195198937,-0.005819350126342382,-0.0017030559065066564,oos,uptrend,low,uptrend_low
2023-07-18,0.001525084548841038,-0.0029262923471586877,-0.006178352932358022,-0.003504449601592241,oos,uptrend,low,uptrend_low
2023-07-19,0.00743512546497227,-0.00803509611644082,-0.002692580041225856,-0.015386903267043062,oos,uptrend,low,uptrend_low
2023-07-20,-0.002800402058428686,-0.006052873248022506,-0.00709826461875962,-0.021150976096462437,oos,uptrend,low,uptrend_low
2023-07-21,-0.003853447353362238,0.0015115902099116507,-0.00518513815265953,-0.011719868035524161,oos,uptrend,low,uptrend_low
2023-07-24,-0.002470938016975177,-0.003520096715048271,0.0012393298491391036,-0.00669301475920181,oos,uptrend,low,uptrend_low
2023-07-25,0.002277929128344347,-0.004423923452079648,1.0194512284122936e-05,-0.008234790505247003,oos,uptrend,low,uptrend_low
2023-07-26,-0.009621729807792634,-0.004891446103918673,-0.01633928955324271,-0.01099948138766138,oos,uptrend,low,uptrend_low
2023-07-27,-0.0006968155113874497,0.0037539023258179594,-0.01414563305103067,-0.0059334625631047855,oos,uptrend,low,uptrend_low
2023-07-28,0.004446741444752433,-0.0071085295899732115,-0.00759417036417398,-0.012104372842610345,oos,uptrend,low,uptrend_low
2023-07-31,-0.002550000947735498,-0.02033712137965027,-0.009436879233218787,-0.017663223754043722,oos,uptrend,low,uptrend_low
2023-08-01,-0.006555430406620322,-0.007041341711411464,-0.004301656520328545,-0.00968692506085067,oos,uptrend,low,uptrend_low
2023-08-02,-0.004218077676449772,0.006861513390276741,0.008672572410249879,-0.0050606897437543985,oos,downtrend,low,downtrend_low
2023-08-03,0.0027847594680316945,0.005551555983098311,0.0041257591354662,-0.007843187233980253,oos,downtrend,medium,downtrend_medium
2023-08-04,0.0010446610298935344,0.002845257178066385,-0.007587984332977804,-0.009360545933409292,oos,downtrend,low,downtrend_low
2023-08-07,-0.0028709959453190326,-0.004284850244687943,-0.00981538095949841,-0.011756644309166786,oos,downtrend,medium,downtrend_medium
2023-08-08,0.0027453162530504116,-0.007686885508540908,-0.005812449011636245,-0.006885037687246576,oos,downtrend,low,downtrend_low
2023-08-09,-0.0031853821691520956,-0.008722019692685046,-0.012256772784971393,-0.011162734724560863,oos,downtrend,low,downtrend_low
2023-08-10,-0.006441015060664523,-0.004564225168441682,-0.012483199783934418,-0.014751228952785245,oos,downtrend,medium,downtrend_medium
2023-08-11,0.002610487776714354,-0.0009646753888475912,0.0004978547207328266,-0.004018708294213247,oos,downtrend,low,downtrend_low
2023-08-14,0.004956373586659124,-0.0030383400988692744,0.0014171727373637477,-0.0013604011242190905,oos,downtrend,low,downtrend_low
2023-08-16,-0.004385520091915729,-0.0029279979017303726,-0.00033679155534838134,-0.005300701438202382,oos,downtrend,low,downtrend_low
2023-08-17,0.0004352139378553943,0.004906250404756118,0.004401114860051569,-0.0024841902288652573,oos,downtrend,low,downtrend_low
2023-08-18,0.0037757123738131337,0.00638434042752789,-0.0028389111270091805,0.005934085463325411,oos,downtrend,low,downtrend_low
2023-08-21,-0.0010635157176115406,-0.001565650444020128,-0.005719125428567229,0.005752721782457559,oos,downtrend,low,downtrend_low
2023-08-22,0.000246963941054279,-0.008920040149223318,-0.004966708095252903,0.006980800512816909,oos,downtrend,low,downtrend_low
2023-08-23,-0.007599182443266073,-0.011727558006666028,-0.009608381206273053,0.003885324100777021,oos,downtrend,low,downtrend_low
2023-08-24,-0.001637506023368429,0.002344875427986892,-0.00225935144073508,0.02226467720666303,oos,downtrend,low,downtrend_low
2023-08-25,0.0003990585739652719,0.0025442387752758755,0.007096522482340717,0.02702819774399834,oos,downtrend,low,downtrend_low
2023-08-28,-0.001661908061181494,-0.006247729947097325,0.007945928612550723,0.032077668344804744,oos,downtrend,low,downtrend_low
2023-08-29,-0.004425359545387586,9.52770905029432e-05,0.00727874760073588,0.028803430296868493,oos,downtrend,low,downtrend_low
2023-08-30,-0.006283692338584723,0.007909452574029752,0.012154493188802462,0.03584152144062025,oos,downtrend,low,downtrend_low
2023-08-31,0.009198722983866592,0.016447581599227545,0.02434815291780379,0.043874889416240404,oos,downtrend,low,downtrend_low
2023-09-01,0.00019206096014867668,0.004404598019411399,0.015103593880697819,0.03417654763621969,oos,uptrend,low,uptrend_low
2023-09-04,0.0005239040716471521,0.008300704964440353,0.02206526618829141,0.029065195608989125,oos,uptrend,low,uptrend_low
2023-09-05,0.0015245012405273872,0.012192818087024326,0.021040590793105718,0.01635248016722035,oos,uptrend,low,uptrend_low
2023-09-06,0.006551491458127057,0.02029217373764869,0.024050105490961204,0.007332097664170645,oos,uptrend,low,uptrend_low
2023-09-07,0.002283129827674868,0.011044280036797138,0.016601877902926,-0.0050847936402645955,oos,uptrend,low,uptrend_low
2023-09-08,0.005346888354700763,0.009049773755656076,0.015201086444193157,-0.010832037141779827,oos,uptrend,low,uptrend_low
2023-09-11,-0.005815529451710155,-0.0003506080816425561,0.0011511793882850174,-0.022150563930275813,oos,uptrend,low,uptrend_low
2023-09-12,0.004027114234973261,0.010147808067985764,-0.004407294298256592,-0.013659710410465542,oos,uptrend,low,uptrend_low
2023-09-13,-0.001234582276859686,0.00026587718608772626,-0.019157421612321923,-0.0300278200690699,oos,uptrend,low,uptrend_low
2023-09-14,0.0017810870473955465,-0.012653460208048362,-0.023922825568972073,-0.025706335073044873,oos,uptrend,low,uptrend_low
2023-09-15,-0.0011236601786499545,-0.020519976751591007,-0.02388368973723054,-0.031117324812792724,oos,uptrend,low,uptrend_low
2023-09-18,-0.003971302847740943,-0.015339764523353727,-0.015817763660022743,-0.027258756083980873,oos,uptrend,low,uptrend_low
2023-09-20,-0.004949518436141553,-0.008366703214553683,-0.0062549454331318755,-0.01485849785624882,oos,uptrend,low,uptrend_low
2023-09-21,-0.003575596207199161,-0.004059306209501012,-0.011207926750676611,-0.004626503173345342,oos,uptrend,low,uptrend_low
2023-09-22,-0.00018540504948860725,0.0019437754224764792,-0.0020275451557570934,-0.008428088745893625,oos,downtrend,medium,downtrend_medium
2023-09-25,-0.0009196639594728495,-0.008090820090589035,-0.007826669738828507,0.00035812119440414847,oos,downtrend,low,downtrend_low
2023-09-26,0.004043297457671846,6.365517989048719e-05,-0.01023326639593325,0.008876018607204772,oos,downtrend,low,downtrend_low
2023-09-27,-0.012056087531559956,-0.011792993150255726,-0.010932747660071018,0.0016293666304212362,oos,downtrend,low,downtrend_low
2023-09-28,0.002916142257789911,-0.0074101492842205685,0.00369235716578431,0.008674216558573145,oos,downtrend,medium,downtrend_medium
2023-09-29,-0.004772626628786081,-0.0039062698293335085,-0.005608426036530112,0.005572692799971746,oos,downtrend,medium,downtrend_medium
2023-10-03,-0.000524581615277464,0.010654942607376539,0.012524172636465103,0.01877988121535812,oos,downtrend,medium,downtrend_medium
2023-10-04,0.0012242892504161773,-0.0004866342170486426,0.014829537456377828,0.007645279673106575,oos,downtrend,medium,downtrend_medium
2023-10-05,0.0016462185052956713,0.0034987866877880247,0.008806840974575625,0.0001783784956759238,oos,downtrend,medium,downtrend_medium
2023-10-06,-0.0013869177719193493,0.013915458290609584,0.01082945379529665,0.00016383122365226654,oos,downtrend,medium,downtrend_medium
2023-10-09,0.006350431496127795,0.011673569692981056,0.008491965180836392,-0.014507585509364707,oos,downtrend,medium,downtrend_medium
2023-10-10,0.0022436186257399626,-0.000806860866595871,0.0022512267921281914,-0.03262253297794304,oos,downtrend,medium,downtrend_medium
2023-10-11,-0.0014477957029612742,-0.00458813493290422,-0.007647778322318666,-0.048704225801741274,oos,uptrend,medium,uptrend_medium
2023-10-12,0.004909804404792606,0.007985388244015512,-0.001518811741476056,-0.03089873627787776,oos,uptrend,medium,uptrend_medium
2023-10-13,-0.0002786609076745883,-0.0033515505262891043,-0.009859509778464615,-0.03021442244360284,oos,uptrend,medium,uptrend_medium
2023-10-16,-0.0015974852845325183,-0.011011329251461532,-0.028294289270627382,-0.03848167833004812,oos,uptrend,medium,uptrend_medium
2023-10-17,-0.00753512736904649,-0.01401576851558961,-0.03523123116021076,-0.041941472614989816,oos,uptrend,medium,uptrend_medium
2023-10-18,0.004067494995074528,-0.013478973317256782,-0.035197861687182974,-0.021076746987301664,oos,downtrend,medium,downtrend_medium
2023-10-19,2.5585720609289098e-05,-0.021492005311835483,-0.025324766247956987,-0.015942502489360688,oos,downtrend,medium,downtrend_medium
2023-10-20,-0.012286370695760773,-0.03403151497154744,-0.019501435659359245,-0.005627080340396162,oos,downtrend,low,downtrend_low
2023-10-23,-0.008518873861201537,-0.01240244982562444,-0.010725126591674683,0.00623494758605414,oos,downtrend,medium,downtrend_medium
2023-10-25,-0.008934554389099847,0.0059730329198912635,-0.00200237077743759,0.021876519202722378,oos,downtrend,medium,downtrend_medium
2023-10-26,0.006260318298884071,0.007969338143036353,0.010803671663474956,0.024647733276101258,oos,downtrend,high,downtrend_high
2023-10-27,0.0045923561257366075,-0.0033721014980409025,0.009300136202312181,0.019521408836451704,oos,downtrend,high,downtrend_high
2023-10-30,-0.007973275841933858,-0.005183771745874699,0.009296586769734105,0.010950039960313962,oos,downtrend,high,downtrend_high
2023-10-31,-0.003928881195525702,0.008736276987302505,0.01797353780850197,0.03207075162123085,oos,downtrend,high,downtrend_high
2023-11-01,0.0006929916317992557,0.01525889121338908,0.01691945606694567,0.03374472901412129,oos,downtrend,high,downtrend_high
2023-11-02,-0.0005405327490775047,0.008611777909152352,0.008019374317862926,0.025508070331583532,oos,downtrend,high,downtrend_high
2023-11-03,0.003406435589836443,0.005047614480455653,0.004109408560763139,0.017996128247388388,oos,downtrend,high,downtrend_high
2023-11-06,0.0001364888975945444,-0.000450936770813648,0.0020356574225299795,0.01955002146982432,oos,uptrend,high,uptrend_high
2023-11-07,-0.0003136110509986967,-0.0012468122988151809,0.011612044150571377,0.018625062071991882,oos,uptrend,high,uptrend_high
2023-11-08,-0.003191567636389947,-0.0007117913542896703,0.015819113650624272,0.017710465039360246,oos,uptrend,high,uptrend_high
2023-11-09,0.003798086564521075,0.016721895627911154,0.01963384273568014,0.022884097298919714,oos,uptrend,high,uptrend_high
2023-11-10,-0.0022168508730291414,0.014289156413973547,0.010635431767739512,0.02067811301268807,oos,uptrend,high,uptrend_high
2023-11-13,0.0012237717234886425,0.00409133135689177,0.0067170785478969375,0.022654834256106815,oos,uptrend,high,uptrend_high
2023-11-15,0.00459981619001093,0.0009809949842387589,0.006970901516720307,0.023301559367072677,oos,uptrend,high,uptrend_high
2023-11-16,0.002899695358263843,0.005522326363740282,0.006467680656679242,0.03014779809781576,oos,uptrend,high,uptrend_high
2023-11-17,-0.0018828294290763603,0.004089939874379667,0.0032207360882108294,0.048433587079599105,oos,uptrend,high,uptrend_high
2023-11-20,0.000632242323466814,0.0015729991432129609,0.006008771769510979,0.054838130653073636,oos,uptrend,high,uptrend_high
2023-11-21,0.0014076834500100777,0.0005408015947230282,0.01580062724297404,0.05831476034927219,oos,uptrend,high,uptrend_high
2023-11-22,-0.001333902538630638,0.003088995983714149,0.01536686850865121,0.05409909570036575,oos,uptrend,medium,uptrend_medium
2023-11-23,-0.0007521803024200802,0.014487925332129059,0.02313528745089366,0.058547411564094265,oos,uptrend,medium,uptrend_medium
2023-11-24,0.0022700741629735344,0.01453792303321677,0.04243714925927078,0.058073546072368254,oos,uptrend,low,uptrend_low
2023-11-28,0.006009487295358218,0.014584580319464413,0.043979005071766775,0.04654705507257817,oos,uptrend,low,uptrend_low
2023-11-29,0.001225869190889517,0.02875902137155939,0.041236254258149474,0.040671835759753305,oos,uptrend,low,uptrend_low
2023-11-30,0.0036545715173028626,0.032732333344198006,0.03501274109402508,0.04895487436914725,oos,uptrend,low,uptrend_low
2023-12-01,0.004118618175350974,0.01629700163004144,0.017835747868972573,0.04148642260981439,oos,uptrend,low,uptrend_low
2023-12-04,0.002220166269372603,0.004433199172867441,0.009044169332214747,0.02930236526456298,oos,uptrend,medium,uptrend_medium
2023-12-05,-0.0006229266852022519,0.0008902015739293834,-0.002116850679569904,0.02397764325262819,oos,uptrend,medium,uptrend_medium
2023-12-06,-0.0014929009295081563,0.003090864761930323,-0.00028906294247599273,0.010402533676812542,oos,uptrend,medium,uptrend_medium
2023-12-07,0.0016862813260996035,-0.0013231626516956307,0.011875342814537282,0.015331501132786585,oos,uptrend,medium,uptrend_medium
2023-12-08,0.0015167360800967256,-0.001857887577259798,0.023436325312081063,0.01832072973255472,oos,uptrend,medium,uptrend_medium
2023-12-11,-0.005335781319663835,0.007809693408854512,0.019035546909919043,0.020115508082610756,oos,uptrend,medium,uptrend_medium
2023-12-12,-0.00016246685340248757,0.02517471019123496,0.025005057842305778,0.034639687526129004,oos,uptrend,medium,uptrend_medium
2023-12-13,0.0034247966304374877,0.01460180736964567,0.0018829581279591334,0.0316573260458759,oos,uptrend,medium,uptrend_medium
2023-12-14,0.007948400493468677,0.007781598862445893,-0.001521950195491839,0.020855066631654928,oos,uptrend,medium,uptrend_medium
2023-12-15,-0.0007534658609529288,-0.013279824409378027,-0.003984193345043963,0.014327150156843826,oos,uptrend,medium,uptrend_medium
2023-12-18,-0.0011430850583505903,-0.010364244008374657,-0.0016901653854020093,0.008760287424509405,oos,uptrend,medium,uptrend_medium
2023-12-19,-0.01825838927634782,-0.009009659961241256,0.005163970571169907,-0.0012138413268503179,oos,uptrend,medium,uptrend_medium
2023-12-20,0.01051165238636731,0.019368706579449002,0.03540704564105912,0.02969724725151357,oos,uptrend,high,uptrend_high
2023-12-21,0.0025146111675407035,0.01685306748536597,0.02045237871412553,0.019485072419572758,oos,uptrend,high,uptrend_high
2023-12-22,0.0035642256290393526,0.01935390331568332,0.017631530977928245,0.006917828368307122,oos,uptrend,high,uptrend_high
2023-12-26,0.007307757197666076,0.01087328130063625,0.007821803200331656,0.0021955524390973036,oos,uptrend,high,uptrend_high
2023-12-27,0.002933420158876432,0.0012387930290123084,-0.009102021212295641,-0.0044347585194566275,oos,uptrend,high,uptrend_high
2023-12-28,-0.0002875195749166837,-0.003305307063268814,-0.0036365835234930532,-0.004161037198114559,oos,uptrend,high,uptrend_high
2023-12-29,0.0006512589027856119,-0.009683487274338098,-0.0007800724304173334,0.007676854770972685,oos,uptrend,high,uptrend_high
2024-01-01,-0.0039330354052204974,-0.004264103224198235,-0.010957922779755713,0.015911638385226023,oos,uptrend,high,uptrend_high
2024-01-02,-0.006636320528150108,0.0022944897891281624,-0.005366763557547505,0.017136764918173508,oos,uptrend,medium,uptrend_medium
2024-01-03,0.002443733914774482,-0.004295178974830449,0.0005969895599144959,-0.0015667812011567195,oos,uptrend,medium,uptrend_medium
2024-01-04,0.00023269323796681896,-0.007412800323646995,-0.002697477914838209,-0.011218225585386321,oos,uptrend,medium,uptrend_medium
2024-01-05,-0.01078737946204733,-0.005927108873635567,0.006757121453148773,-0.005756921269418069,oos,uptrend,medium,uptrend_medium
2024-01-08,-0.0050222596686841925,-0.00029558090758396993,0.020497728663221082,-0.019156114253881862,oos,uptrend,high,uptrend_high
2024-01-09,0.004152407846791606,0.01696525138977578,0.02336350841630974,-0.003499954005270034,oos,uptrend,high,uptrend_high
2024-01-10,-0.0018812606625784323,0.018879067629564705,-0.005350921304407952,-0.015464791157552615,oos,uptrend,medium,uptrend_medium
2024-01-11,0.00555720108381208,0.011883684135837846,-0.014297198669041777,-0.0016511395975873366,oos,uptrend,medium,uptrend_medium
2024-01-12,0.00200873015149039,-0.021820064859284782,-0.019532356709593524,-0.024080495160263116,oos,uptrend,medium,uptrend_medium
2024-01-15,-0.002182886200493672,-0.027999818844681945,-0.03811957241683839,-0.01606851209211746,oos,uptrend,medium,uptrend_medium
2024-01-16,-0.0034785379782651393,-0.0011479337733429906,-0.008929576793819116,0.002318965168785825,oos,uptrend,medium,uptrend_medium
2024-01-17,0.002243874765484044,-0.00819075398095781,-0.002876577767197741,0.02052850811787965,oos,downtrend,high,downtrend_high
2024-01-18,0.00033315315774440357,-0.007460028397985985,0.005662700092943229,0.007240275623471737,oos,downtrend,high,downtrend_high
2024-01-19,-0.02200603474248919,-0.01676588167048143,-0.008960828135750276,0.009794360078964282,oos,downtrend,high,downtrend_high
2024-01-23,0.012683315927355165,0.026072366829515747,0.025510636822789534,0.035177776991066834,oos,downtrend,high,downtrend_high
2024-01-24,-0.004754225287682767,0.003146178499201957,0.01131923288229908,0.012274738945019736,oos,downtrend,high,downtrend_high
2024-01-25,0.014206997846770042,0.013651763613649948,0.0196285735401045,0.01630190672338272,oos,downtrend,high,downtrend_high
2024-01-29,-0.011648296413441561,-0.0035957788480305286,-0.00018602258245981051,-0.007333810259118501,oos,uptrend,high,uptrend_high
2024-01-30,0.011097242259944906,0.017058989924257473,0.020577337287228437,0.011914042048191353,oos,downtrend,high,downtrend_high
2024-01-31,-0.0038199580996356453,-0.0004109689891929058,0.0068799419065785905,0.002727209222850746,oos,uptrend,high,uptrend_high
2024-02-01,0.001881962670915005,0.005347807618250711,-0.004346117809537975,0.00449278518297791,oos,uptrend,high,uptrend_high
2024-02-02,-0.006813157087695254,0.00043105683410415985,-0.006320444336021858,0.005458152471520261,oos,uptrend,high,uptrend_high
2024-02-05,0.004774351465506088,-0.004914044491647118,-0.009582887899612924,0.01361044993324989,oos,uptrend,high,uptrend_high
2024-02-06,-0.0051962130814154905,-0.011909738102001022,-0.013690183082122442,0.006890364599622334,oos,uptrend,high,uptrend_high
2024-02-07,-0.013253330548096742,-0.017883046863054863,-0.00770569301942392,0.002062749285846932,oos,uptrend,high,uptrend_high
2024-02-08,0.002554425369356128,0.000747917337874604,0.008457219128273685,0.022573259941547352,oos,uptrend,high,uptrend_high
2024-02-09,-0.008474459349167351,0.0018003925816227895,0.011004111266698313,0.018893729713555185,oos,uptrend,high,uptrend_high
2024-02-12,0.0036442080243979103,0.011375821506470984,0.021138425992790255,0.021129230277128208,oos,downtrend,high,downtrend_high
2024-02-13,0.012137295638591228,0.021435981293649764,0.02867710238936172,0.028742000937182155,oos,uptrend,high,uptrend_high
2024-02-14,0.00019168781027789628,0.009846334135569013,0.00677879422839589,0.002035902859393701,oos,uptrend,high,uptrend_high
2024-02-15,0.0009263469060953877,0.008022071962360044,0.00895303108974188,-0.0017029740135034999,oos,uptrend,high,uptrend_high
2024-02-16,0.00085058133072069,-0.002189632804410646,0.004942667495864139,0.010645432706964053,oos,uptrend,high,uptrend_high
2024-02-19,0.004423237196624852,0.005350872618935076,0.0010340448209820163,0.01386477345138526,oos,uptrend,high,uptrend_high
2024-02-20,-0.008710510050071951,-0.0016248206653241004,-0.002269780275683142,0.004829515851899391,oos,uptrend,high,uptrend_high
2024-02-21,0.006154388287592294,0.0018341103123240554,-0.005905400029047159,0.017775019693511807,oos,uptrend,high,uptrend_high
2024-02-22,-0.0034679578847016668,-0.0041117268113504135,-0.013781929957380035,0.009131932761327954,oos,uptrend,high,uptrend_high
2024-02-23,-0.0021267541977846305,-0.009835665509315361,0.007648033633375517,0.007372894720381051,oos,uptrend,high,uptrend_high
2024-02-26,0.004895854018971635,-0.004861813894772027,0.01427784274382149,0.011113525847771477,oos,uptrend,medium,uptrend_medium
2024-02-27,-0.01183704149048781,0.0056113186137147775,0.006401392555878571,-0.009741578296230902,oos,uptrend,medium,uptrend_medium
2024-02-28,0.0021700993925466427,0.02144500197759336,0.024565610602679033,0.009639810870477605,oos,uptrend,medium,uptrend_medium
2024-02-29,0.013173315333079971,0.013969330473844188,0.02019429997882849,-0.0011316596286738978,oos,uptrend,medium,uptrend_medium
2024-03-01,9.371791795920181e-05,0.0031490964023479506,-0.0031624348595085117,-0.015524394904813943,oos,uptrend,medium,uptrend_medium
2024-03-04,-0.0006682335028217468,0.005466872939598799,-0.0015891280661562979,-0.024755021791361687,oos,uptrend,medium,uptrend_medium
2024-03-05,0.00656368967640808,0.00023067475646620927,-0.014771057272421895,-0.021874387666554695,oos,uptrend,medium,uptrend_medium
2024-03-06,-0.0005220992207217723,-0.007536071796974242,-0.015936262932500056,-0.02192157160196806,oos,uptrend,medium,uptrend_medium
2024-03-07,-0.008209153297435323,-0.02308430248695459,-0.02194517111690908,-0.018685466859109545,oos,uptrend,medium,uptrend_medium
2024-03-11,5.596735284396637e-05,-0.008408482621874547,-0.012480719684190178,-0.014764187680221474,oos,uptrend,medium,uptrend_medium
2024-03-12,-0.019369478478811986,-0.018226015442715182,-0.02740480298009118,-0.013754729311921343,oos,uptrend,medium,uptrend_medium
2024-03-13,0.007464993985819346,0.0033275682257216666,-0.006525683634374113,0.015664679354168154,oos,downtrend,high,downtrend_high
2024-03-14,-0.0018808195267447925,-0.011212421340043188,-0.0023974960881910645,0.017999233969682615,oos,downtrend,high,downtrend_high
2024-03-15,0.0029831428934061766,-0.006866726512490429,0.004849927581934699,0.02106407793066678,oos,downtrend,high,downtrend_high
2024-03-18,-0.005877944022479431,0.0029845374687782478,0.002654187901623528,0.022245109767365268,oos,downtrend,high,downtrend_high
2024-03-19,-0.00021977674152273696,0.011575295842473077,0.012806778780224848,0.030706512481986747,oos,downtrend,high,downtrend_high
2024-03-20,0.0010026797635882545,0.0006729829540887966,0.01532521721397484,0.023819972752050944,oos,downtrend,high,downtrend_high
2024-03-21,0.007502703199473215,0.008729228198480321,0.024156299875165654,0.03347140681963223,oos,downtrend,high,downtrend_high
2024-03-22,0.002587893471088565,0.017268166578789934,0.023027277399203072,0.0316590469706981,oos,downtrend,high,downtrend_high
2024-03-26,0.0031604848267148267,0.018502390533441604,0.01726226754668203,0.031733616304194356,oos,downtrend,high,downtrend_high
2024-03-27,0.007367971995890343,0.013071034352761801,0.015839068898425124,0.016053384266132342,oos,downtrend,high,downtrend_high
2024-03-28,0.000311734580271672,-0.0009062395624582775,0.002614082331329426,-0.008127365842796719,oos,uptrend,high,uptrend_high
2024-04-01,-0.0002448928619818158,0.0024867583055292464,0.009239139792950768,-0.013843142991168067,oos,uptrend,high,uptrend_high
2024-04-02,0.0021867162332815937,0.005717936203341267,0.011482812251613517,-0.017415118713310807,oos,uptrend,high,uptrend_high
2024-04-03,-0.003428154978471376,0.003284385832125425,0.007157421163630939,-0.01970156015027036,oos,uptrend,medium,uptrend_medium
2024-04-04,0.001214015033565774,0.00695307415410884,0.001467553695866597,-0.006670698617575854,oos,uptrend,medium,uptrend_medium
2024-04-05,0.003895376473330936,0.007770770446487774,-0.013546145518448571,-0.0093164298106031,oos,uptrend,medium,uptrend_medium
2024-04-08,-0.005374437690780609,-0.010792802270402468,-0.02711164147491052,-0.015932248264823534,oos,uptrend,medium,uptrend_medium
2024-04-09,0.0014766906724177353,-0.019707089490652585,-0.03188346917947649,-0.006597655863161744,oos,uptrend,medium,uptrend_medium
2024-04-10,-0.00696728889900966,-0.02334923716471926,-0.023388941478683423,-0.011352763872416016,oos,uptrend,medium,uptrend_medium
2024-04-12,-0.002979123056824684,-0.015363283571702246,-0.00011864383365944864,0.013624106608435271,oos,uptrend,high,uptrend_high
2024-04-15,0.001021437385120283,0.0009807423168859408,0.010969307090987535,0.021674228651905603,oos,downtrend,medium,downtrend_medium
2024-04-16,-0.009746830200647594,0.0055847662868426795,0.008556086348010083,0.019621949817998807,oos,downtrend,medium,downtrend_medium
2024-04-18,0.013059488141252906,0.023168584040436313,0.032424564159595715,0.02810189645609862,oos,downtrend,medium,downtrend_medium
2024-04-19,-2.2384484474446964e-05,0.002932367466145447,0.0037180104075611453,0.00473650445114604,oos,downtrend,high,downtrend_high
2024-04-22,-0.003521655562700121,0.005492874290104588,0.008747234159554251,-0.006439633547349666,oos,uptrend,medium,uptrend_medium
2024-04-23,-0.0008541064269744769,-7.142960429562528e-05,0.008175118211639631,-0.005309658658827265,oos,uptrend,medium,uptrend_medium
2024-04-24,0.011356828874697689,0.014630167912438097,0.014845199034189127,-0.01610440447975381,oos,uptrend,medium,uptrend_medium
2024-04-25,-0.008861521830448083,-0.000687467108515194,-0.006390283936349328,-0.024986346930854775,oos,uptrend,medium,uptrend_medium
2024-04-26,0.007468097712427513,0.007681610972756658,-0.0014616577284239929,-0.016529072128898425,oos,uptrend,medium,uptrend_medium
2024-04-29,-0.003298145251873885,-0.008986063618257711,-0.01662946227693618,-0.020361900351025364,oos,uptrend,high,uptrend_high
2024-04-30,0.0035603573564058077,-0.00554551686541771,-0.011757859697220319,-0.016275313531530222,oos,uptrend,medium,uptrend_medium
2024-05-02,-0.01276006057116752,-0.020374351502710386,-0.035528296070878373,-0.015922622915828577,oos,uptrend,medium,uptrend_medium
2024-05-03,-0.0052700337158537724,-0.011484097486923583,-0.022445234353621668,-0.004232855899114374,oos,uptrend,medium,uptrend_medium
2024-05-06,-0.008326015184695224,-0.023666336886803974,-0.017150000277904365,0.0017474974710700586,oos,downtrend,high,downtrend_high
2024-05-07,0.003207239544228635,-0.007916801890361369,-0.0006004898450885365,0.016490408767098952,oos,downtrend,high,downtrend_high
2024-05-08,-0.012027139585228941,-0.005433119567122113,-0.001091123391326776,0.033424354021733604,oos,downtrend,high,downtrend_high
2024-05-09,0.0029216565124536853,0.010317898894129485,0.018775923972983888,0.04393400125726443,oos,downtrend,high,downtrend_high
2024-05-10,0.003454772922538929,0.007835571109501283,0.01989065737685869,0.04106147108919678,oos,downtrend,high,downtrend_high
2024-05-13,0.004746063017336821,0.013157442651591245,0.01881934903489335,0.03505872076051486,oos,downtrend,high,downtrend_high
2024-05-14,-0.0024734821389315043,0.009458293808958018,0.015375958315265947,0.020179173657753013,oos,downtrend,high,downtrend_high
2024-05-15,0.0037927162975401885,0.009402289053619173,0.02905351421973279,0.007592170768055517,oos,downtrend,high,downtrend_high
2024-05-16,0.0022685274255249688,0.008144043954450675,0.024173257464226383,0.0051504765171033196,oos,uptrend,high,uptrend_high
2024-05-17,0.005556906773787729,0.025133269346611975,0.02356210765635125,0.0383560294408658,oos,uptrend,medium,uptrend_medium
2024-05-21,0.0009390772854116491,0.01685373380329591,0.01379972124414297,-0.03065561782331483,oos,uptrend,medium,uptrend_medium
2024-05-22,0.01563408613904893,0.014077483290248827,0.004006332816250735,0.0002763762479143228,oos,uptrend,medium,uptrend_medium
2024-05-23,0.001149094965275932,-0.0018577503734068523,-0.019279771022535197,-0.004768688742191163,oos,uptrend,high,uptrend_high
2024-05-24,-0.004622606655746542,-0.014508040137871103,-0.02206046791345706,0.010903325906485462,oos,uptrend,high,uptrend_high
2024-05-27,-0.003873413303518869,-0.021260251671561314,0.012479789491955273,0.012275187450576208,oos,uptrend,high,uptrend_high
2024-05-28,-0.0025502534293967427,-0.010194321039856735,-0.03858277229245144,0.02205795035200042,oos,uptrend,high,uptrend_high
2024-05-29,-0.005694666400233417,0.028581966322669405,0.00012823685805352092,0.031192730584982842,oos,uptrend,high,uptrend_high
2024-05-30,-0.0016572237482266328,-0.030290526061442336,0.011223841866808248,0.036813058947368305,oos,uptrend,high,uptrend_high
2024-05-31,-0.003170807945933607,-0.030746158362139786,-0.0020460281002476766,0.005471752668946062,oos,uptrend,high,uptrend_high
2024-06-03,-0.05586833193123231,-0.015448979027804732,0.0034383493496408235,0.016324786584050566,oos,uptrend,high,uptrend_high
2024-06-04,0.022233922035991283,0.05250282112127258,0.051359456085170674,0.06270916788286374,oos,downtrend,high,downtrend_high
2024-06-05,0.0010000956918698733,0.020202978133165628,0.02299920251063936,0.03370384163021245,oos,uptrend,high,uptrend_high
2024-06-06,0.0205198434511471,0.019411222472433654,0.025285013753352903,0.029763144163432287,oos,uptrend,high,uptrend_high
2024-06-07,-0.002570898633558416,0.00016290594045509366,0.006280212456148293,0.009378524306697056,oos,uptrend,high,uptrend_high
2024-06-10,-0.0008117416921672449,0.004945525983786947,0.011774322891501487,0.018792109572126403,oos,uptrend,high,uptrend_high
2024-06-11,-0.0009209898164027619,0.005189687256690334,0.0073486754663807385,0.02246150926871504,oos,uptrend,high,uptrend_high
2024-06-12,-0.0034942722017167194,0.0032771746643680544,0.0036647062454053803,0.024000340701729073,oos,uptrend,high,uptrend_high
2024-06-13,2.7717538143345877e-05,0.002175618654618905,0.0015406123528327598,0.023253849200278287,oos,uptrend,high,uptrend_high
2024-06-14,-0.0005473038758726512,-0.00016124955979535116,-0.0013979657365400522,0.02423118513454736,oos,uptrend,high,uptrend_high
2024-06-18,-0.004818042063620687,-0.005448616987766108,0.0038701546301300738,0.020905761490924046,oos,uptrend,high,uptrend_high
2024-06-19,-0.0008119337114297354,-0.0020478450467779075,0.01198374410168035,0.029693256329501594,oos,uptrend,high,uptrend_high
2024-06-20,-0.006764285700724626,0.002542158332624167,0.016201647132376484,0.027090821427430578,oos,uptrend,high,uptrend_high
2024-06-21,0.006652417552071466,0.020806335721680558,0.02687070164749672,0.04026758687836307,oos,uptrend,high,uptrend_high
2024-06-24,0.006116153991123641,0.01982433795372973,0.023957552825980333,0.03153276629409407,oos,uptrend,high,uptrend_high
2024-06-25,0.006141742616863732,0.012118989707668115,0.016892817827297346,0.02993283428672955,oos,uptrend,high,uptrend_high
2024-06-26,0.006823226022572015,0.010903749085861003,0.016956571307251034,0.018545631376992944,oos,uptrend,high,uptrend_high
2024-06-27,-0.00312634279926316,0.0015755781654220868,0.008978281753758699,0.009551182409379244,oos,uptrend,high,uptrend_high
2024-06-28,0.006210157769331648,0.012234876945456774,0.013791567998085341,0.02122295042733091,oos,uptrend,high,uptrend_high
2024-07-01,-0.004329583268843806,0.0030294749264818677,0.003788919413919345,0.014773738585358354,oos,uptrend,high,uptrend_high
2024-07-02,-0.00021612275772642242,0.0013214202095361838,0.005822932425617822,0.013224654460876728,oos,uptrend,high,uptrend_high
2024-07-03,-0.002782066860969712,-0.00202702258657117,-0.0018670535417034673,0.0176816285810506,oos,uptrend,high,uptrend_high
2024-07-04,0.004563598253965573,0.0090796859138349,0.004237315820826204,0.013114698559799853,oos,uptrend,low,uptrend_low
2024-07-05,-0.000365747593379262,-0.0002055122561569478,0.007098441494594265,0.007390252842692124,oos,uptrend,low,uptrend_low
2024-07-08,0.0033755993080366586,-0.0014393980226684588,0.00967924186891711,0.005258543026980478,oos,uptrend,low,uptrend_low
2024-07-09,-0.00553561828005289,0.0017293966204021682,0.0062612973125681926,-0.0018949261796455952,oos,uptrend,low,uptrend_low
2024-07-10,-0.0033038097566622238,0.007794070530910302,0.01657196674030348,0.0003914007439256295,oos,uptrend,low,uptrend_low
2024-07-11,0.004682688603730556,0.009227950215550562,0.0058615495133595985,0.018324640034981465,oos,uptrend,low,uptrend_low
2024-07-12,-3.66197042128702e-05,0.00867307111665716,-0.0031865497494568684,0.010106720621286147,oos,uptrend,low,uptrend_low
2024-07-15,-0.00011782590029107975,-0.0034530526469132017,-0.005559398892722167,0.00980668538604168,oos,uptrend,low,uptrend_low
2024-07-16,0.010473065293186812,-0.0014077192671966277,-0.00530890803797357,0.016596843048293897,oos,uptrend,low,uptrend_low
2024-07-18,-0.012991992390499862,-0.01507817670618472,-0.018013388608665082,0.006320949087735395,oos,uptrend,low,uptrend_low
2024-07-19,0.002597588537884832,-0.0013192477219966525,0.015916861187527553,0.011124601157665337,oos,uptrend,low,uptrend_low
2024-07-22,-0.0036570464264361613,-0.006626294977048364,0.010875505802121932,-0.02089229770518608,oos,uptrend,low,uptrend_low
2024-07-23,-0.0012865323821527053,0.015950141157418996,0.016868579223053404,-0.018506826643476804,oos,uptrend,low,uptrend_low
2024-07-24,0.007228375126528963,0.024974275054678197,0.02972236726564992,0.002746519777215406,oos,uptrend,low,uptrend_low
2024-07-25,0.01684863078085086,0.017767881098030402,0.02405692874430576,-0.012543308525436947,oos,uptrend,low,uptrend_low
2024-07-26,-0.004297794137798405,0.00031469810045758884,-0.009044575314169578,-0.023084385915870143,oos,uptrend,low,uptrend_low
2024-07-29,0.0007206450374606099,0.006904353458738521,-0.03155473839641576,-0.019823360583649308,oos,uptrend,low,uptrend_low
2024-07-30,0.0025897838563677666,-0.006790776009084953,-0.035928767798436456,-0.030044129684609677,oos,uptrend,low,uptrend_low
2024-07-31,-0.0008009615596192843,-0.038965745999132606,-0.029301694168297643,-0.035444090074116086,oos,uptrend,low,uptrend_low
2024-08-01,-0.0028763072834725456,-0.032129138680463076,-0.02710879825729151,-0.009998370623058639,oos,uptrend,low,uptrend_low
2024-08-02,-0.01017370407067908,-0.00022012272062676974,0.002660197946501741,0.011101610946311569,oos,uptrend,medium,uptrend_medium
2024-08-05,-0.008156265181927136,-0.0030115776059544963,0.0064965426888845546,0.021041883609013157,oos,downtrend,high,downtrend_high
2024-08-06,0.0003334627139714996,0.003215378235732258,-0.0061920174317291465,0.019794594365967644,oos,downtrend,high,downtrend_high
2024-08-07,-0.00542509869710317,0.004060004230278524,-0.004321939987070755,0.023215788185795283,oos,downtrend,high,downtrend_high
2024-08-08,-0.0007934444048713907,-0.01016324836315552,0.0063272125642126475,0.017890821825639724,oos,downtrend,high,downtrend_high
2024-08-09,0.001108107009824888,-0.007249194618702104,0.010386475408585394,0.0283942181838448,oos,downtrend,high,downtrend_high
2024-08-12,-0.008353737935662742,0.008166869034426982,0.014645258396202676,0.027745899695930776,oos,downtrend,high,downtrend_high
2024-08-13,-0.0016808517047525173,0.01605373686049716,0.024222177050628124,0.035888804548838804,oos,downtrend,high,downtrend_high
2024-08-14,0.008477586036550688,0.01495797203775484,0.019587151688883697,0.033577343706295615,oos,downtrend,high,downtrend_high
2024-08-16,-0.002585578616961959,0.00543301306797761,0.0075823238512136015,0.024336023427019793,oos,uptrend,high,uptrend_high
2024-08-19,0.002026427871362424,0.006596627305810454,0.014674050891437362,0.025550787992333346,oos,uptrend,high,uptrend_high
2024-08-20,0.0036323515749132618,0.005777813090108719,0.013662548366067062,0.024282230710195085,oos,uptrend,high,uptrend_high
2024-08-21,-0.0020874212621604382,0.005920317271064235,0.007599492256950002,0.01348563844273798,oos,uptrend,high,uptrend_high
2024-08-22,-0.0008955379929556084,0.006936881944556328,0.012338252686830087,0.012062563453921538,oos,uptrend,high,uptrend_high
2024-08-23,0.004195759337630944,0.005872055532330389,0.013241767535767002,-0.00216610467299716,oos,uptrend,high,uptrend_high
2024-08-26,-0.0002817517434657857,0.005080897091307435,0.010145872477443918,-0.003532511263435678,oos,uptrend,high,uptrend_high
2024-08-27,0.0008608924785635796,0.008193889247388286,0.009949694790090557,0.00041144621041100393,oos,uptrend,high,uptrend_high
2024-08-28,0.004659358340418418,0.00972220943645663,0.0065267215651898525,-0.004667471883841534,oos,uptrend,high,uptrend_high
2024-08-29,-0.0005464947524901342,0.0011940891003807685,-0.004142608134410031,0.005512983369387214,oos,uptrend,high,uptrend_high
2024-08-30,-0.0021670979044242644,-0.005324959449310884,-0.019004374671329094,0.0009039532864696387,oos,uptrend,high,uptrend_high
2024-09-02,-0.0013254158166132735,-0.006648683252856502,-0.014893297391196159,0.0027791449702290194,oos,uptrend,high,uptrend_high
2024-09-03,0.0043344049464528744,-0.009477852109293639,-0.0019469792046646894,0.013096940118732192,oos,uptrend,low,uptrend_low
2024-09-04,-0.004174190238807163,-0.012439342166491785,-0.01315026558880017,0.005031614472980728,oos,uptrend,low,uptrend_low
2024-09-05,-0.009625875643895276,-0.0020961281521896247,0.011763955935776282,0.01283595374648172,oos,uptrend,low,uptrend_low
2024-09-06,0.004552156361409487,0.0038290011291481907,0.021475688301604956,0.03897728807896961,oos,uptrend,low,uptrend_low
2024-09-09,0.0016680087561475876,0.015580373685525117,0.015374353119250506,0.03758691712371531,oos,uptrend,low,uptrend_low
2024-09-10,-0.0046157538247982854,0.012882479827434734,0.015361140099464654,0.03620677441179998,oos,uptrend,low,uptrend_low
2024-09-11,0.013138650973485877,0.01293312573491634,0.012685747233885047,0.03769007090192056,oos,downtrend,low,downtrend_low
2024-09-12,-0.002907900608199898,-0.0004678815304303141,-0.0005760196123157924,0.03089216221633917,oos,uptrend,medium,uptrend_medium
2024-09-13,-0.0009013541837632477,-0.0011453540284765973,0.015125914759184678,0.030397506804359153,oos,uptrend,low,uptrend_low
2024-09-16,6.493280453701011e-05,-4.326292183942648e-05,0.020543433015049795,0.01549949886475166,oos,uptrend,low,uptrend_low
2024-09-17,-0.0009782386307150004,0.015295752454496325,0.021179100861608013,0.015530028419896702,oos,uptrend,low,uptrend_low
2024-09-18,-0.0027955372558216007,0.017734495994825794,0.020288718918997528,-0.009296923912801902,oos,uptrend,low,uptrend_low
2024-09-19,0.010381592383853278,0.016236464639307835,0.02703529481258582,-0.02003254041575031,oos,uptrend,low,uptrend_low
2024-09-20,0.002570291602179031,0.0050864567041597475,0.011842606478602358,-0.04161942865062862,oos,uptrend,medium,uptrend_medium
2024-09-23,0.000731100013547481,0.011365165582135184,-0.004266721680630359,-0.035040433907066904,oos,uptrend,medium,uptrend_medium
2024-09-24,0.004042602257317451,0.010791735285152537,-0.003959498414767837,-0.035425463771475596,oos,uptrend,medium,uptrend_medium
2024-09-25,0.0081002556184806,-0.0074811684622296815,-0.0290439973968748,-0.03872084862181191,oos,uptrend,medium,uptrend_medium
2024-09-26,-0.0026402057756231834,-0.01719541719447959,-0.046999338646385946,-0.04891754688407801,oos,uptrend,medium,uptrend_medium
2024-09-27,-0.009610079480575573,-0.031126657056911977,-0.04856053778253888,-0.03581369826219527,oos,uptrend,medium,uptrend_medium
2024-09-30,0.000327711519343854,-0.03000760545199277,-0.03006380188077784,-0.02834988653925885,oos,uptrend,high,uptrend_high
2024-10-01,-0.007965709266805288,-0.025816347460481226,-0.018500890778514356,-0.018919250123869524,oos,uptrend,high,uptrend_high
2024-10-03,-0.006643691645777605,-0.0067012416609678604,-0.007285040804279275,-0.01715719522942949,oos,downtrend,high,downtrend_high
2024-10-04,-0.011495314317251037,-0.004072316416205868,-0.004777911555183256,-0.009171101682239446,oos,downtrend,high,downtrend_high
2024-10-07,0.007286957159169827,0.006694936623836023,0.011909939888718801,-0.0020577963685317613,oos,downtrend,high,downtrend_high
2024-10-08,-0.003345257677254132,-0.0040513679230214095,-0.00033715946076307013,-0.0236857053583186,oos,downtrend,high,downtrend_high
2024-10-09,-0.0027367225246662796,0.0024294217150409025,-0.0038197552969262416,-0.025194458923839425,oos,downtrend,high,downtrend_high
2024-10-10,-0.0008425266293290434,0.0028836486202747924,-0.009423587650051135,-0.023449803376579093,oos,downtrend,high,downtrend_high
2024-10-11,0.004176082964681749,-0.002083982789268135,-0.006769587838157398,-0.03367435201013802,oos,downtrend,high,downtrend_high
2024-10-14,-0.005119893270352671,-0.017328911286563997,-0.01608815742312797,-0.03363536384254029,oos,downtrend,high,downtrend_high
2024-10-15,-0.001489490547686101,-0.006177886969597424,-0.021450710061824196,-0.02166063825982023,oos,downtrend,high,downtrend_high
2024-10-16,-0.011089876571997781,-0.009841245091610107,-0.0236500947516195,-0.027431965387311075,oos,downtrend,high,downtrend_high
2024-10-17,0.007666813372404935,-0.007818771798986601,-0.010766242645378399,-0.018633713992227352,oos,downtrend,high,downtrend_high
2024-10-18,-0.007014334282732904,-0.02086260831400455,-0.031068477999966926,-0.02611784153596286,oos,downtrend,high,downtrend_high
2024-10-21,-0.013168086815460334,-0.01609966646212868,-0.018529234162424912,-0.03239292334850952,oos,downtrend,high,downtrend_high
2024-10-22,0.0023525004340385625,-0.00809534793299549,0.0036384720468420895,-0.006762186906451917,oos,downtrend,high,downtrend_high
2024-10-23,-0.0005447504188633712,-0.003012728230744388,-0.002943124344063408,0.002922723204863864,oos,downtrend,high,downtrend_high
2024-10-24,-0.009716172766016995,0.0019984735293643308,-0.008710817000934679,-0.008956536860138531,oos,downtrend,high,downtrend_high
2024-10-25,0.0036307954141576726,0.0037008631132464664,0.002195776721786835,-0.004243122674124855,oos,downtrend,medium,downtrend_medium
2024-10-28,0.005672278065577796,-0.005076277834049736,-0.013708005325146488,-0.007708906550712102,oos,downtrend,high,downtrend_high
2024-10-29,-0.0012555514897923947,-0.0027532055551040546,-0.006489086310810355,-0.02002342969512705,oos,downtrend,medium,downtrend_medium
2024-10-30,-0.005934328232744646,-0.014558611477563876,0.005511375800174578,-0.03247653849248133,oos,downtrend,medium,downtrend_medium
2024-10-31,6.582009751987528e-05,-0.0036806212774274094,-0.004254678611473994,-0.03168574672619351,oos,downtrend,low,downtrend_low
2024-11-01,-0.013176660831970999,0.0069214719369132816,-0.006890627730997356,-0.035448185589586956,oos,downtrend,low,downtrend_low
2024-11-04,0.012409875243033053,0.011826546918445535,0.009399401302448096,-0.016641230949344554,oos,downtrend,low,downtrend_low
2024-11-05,0.007211427212423516,-0.006604649817452568,-0.017495789839049758,-0.039444628348845545,oos,downtrend,low,downtrend_low
2024-11-06,-0.01185197000480509,-0.01422231615382008,-0.03799771506957472,-0.02377946633117134,oos,downtrend,medium,downtrend_medium
2024-11-07,-0.0024578957075737096,-0.013394498876987626,-0.027883690800205474,0.0005866386452786365,oos,downtrend,medium,downtrend_medium
2024-11-08,0.0022439581625133265,-0.021928581251491996,-0.026298112850159372,0.004452563077977034,oos,downtrend,medium,downtrend_medium
2024-11-11,-0.014131692305707766,-0.02861005787831128,-0.029196177564434822,0.002026748664300193,oos,downtrend,medium,downtrend_medium
2024-11-12,-0.011056732037975636,-0.015474833595608972,-0.01983628231445944,0.003849359527769547,oos,downtrend,medium,downtrend_medium
2024-11-13,-0.0004014574589907838,-0.001004597720793532,0.01550833731486101,0.02501679791258704,oos,downtrend,high,downtrend_high
2024-11-14,-0.006418049971230966,-0.010819620262067065,0.026121235017889433,0.028415227842925272,oos,downtrend,high,downtrend_high
2024-11-18,-0.0004696554283053489,0.01605212195767791,0.028260174830021745,0.03942275048082,oos,downtrend,medium,downtrend_medium
2024-11-19,-0.005898594106178878,0.03122603646772526,0.03348246470214833,0.04168006116038092,oos,downtrend,medium,downtrend_medium
2024-11-21,0.02116237120669484,0.033431824662409015,0.021457111055605882,0.05538231003628802,oos,downtrend,medium,downtrend_medium
2024-11-22,-0.0013049796671202873,0.0008802673706442832,-0.005048793596427292,0.017492284071162878,oos,downtrend,high,downtrend_high
2024-11-25,-0.006112596750421417,-0.01762909617234598,-0.0027625670242631406,0.011325465729871365,oos,uptrend,high,uptrend_high
2024-11-26,0.0028961035460908224,-0.0030448989248484937,0.010425601584396427,0.016742546392446434,oos,uptrend,high,uptrend_high
2024-11-27,-0.014830591151772543,7.828865663350726e-05,0.007963155250107379,0.01514575730596901,oos,uptrend,high,uptrend_high
2024-11-28,0.008523757130306286,0.02215056917967395,0.03265119277664197,0.025976717577222752,oos,downtrend,high,downtrend_high
2024-11-29,0.005600514234697762,0.01352891943157486,0.022242430592271933,0.025991263026274414,oos,uptrend,high,uptrend_high
2024-12-02,0.0036790967733661972,0.01398996165486821,0.01032112444854838,0.012342259156663538,oos,uptrend,high,uptrend_high
2024-12-03,-0.0008698190495636249,0.007719903271910633,0.004953326782706435,-0.006237558062375581,oos,uptrend,high,uptrend_high
2024-12-04,0.006897141804251827,0.0032539679697103363,0.0041831273288179815,-0.01386766761819147,oos,uptrend,high,uptrend_high
2024-12-05,-0.002088539742358675,-0.004828188304714542,-0.007309099301045285,-0.03145035674350183,oos,uptrend,high,uptrend_high
2024-12-06,-0.0006048733813452944,0.000320712128397016,0.005455911913817335,-0.04247806372649099,oos,uptrend,high,uptrend_high
2024-12-09,-0.0017279930839079194,-0.004216632703903156,0.000632776157038828,-0.03647482755918818,oos,uptrend,high,uptrend_high
2024-12-10,0.0008651644462946972,0.006003159206758646,-0.01155541114112224,-0.03626447916878206,oos,uptrend,high,uptrend_high
2024-12-11,-0.0022658503551266085,0.00259305870587756,-0.016484807514646982,-0.034719330329451625,oos,uptrend,high,uptrend_high
2024-12-12,0.011019157460782303,-0.006626961079568949,-0.022313763961300026,-0.027958994367844436,oos,uptrend,high,uptrend_high
2024-12-13,-0.003439947210535532,-0.0224030142323407,-0.0471006153589536,-0.04478172624799581,oos,uptrend,medium,uptrend_medium
2024-12-16,-0.010120105648354527,-0.025751746704526735,-0.03381567212592762,-0.038235005781169784,oos,uptrend,medium,uptrend_medium
2024-12-17,-0.004078517428891759,-0.029239060973992315,-0.02347106840131663,-0.022843443416890707,oos,uptrend,high,uptrend_high
2024-12-18,0.003122182794236261,-0.005180734294137901,-0.0053168476890292915,0.013045945387281543,oos,downtrend,high,downtrend_high
2024-12-19,-0.015575472791627076,-0.009726294963155024,-0.006147517932604152,0.0018384597564469196,oos,downtrend,high,downtrend_high
2024-12-20,0.0006424244678153723,0.0005055143353300817,-0.003930324590557199,-0.005145648849535278,oos,downtrend,medium,downtrend_medium
2024-12-23,-0.001743827887096372,0.0018637971979607038,-0.005229429392267559,-0.002574738620972461,oos,downtrend,medium,downtrend_medium
2024-12-24,-0.001076790756094681,-0.005505614377801726,-0.0013837763416552074,-0.003652939528686394,oos,downtrend,medium,downtrend_medium
2024-12-26,0.0005041720152201279,-0.006579428386771835,0.016270051074496195,-0.011549756993848082,oos,downtrend,medium,downtrend_medium
2024-12-27,-0.006387386487522573,-0.002269203094251493,0.008734314383939124,-0.015354957352721188,oos,downtrend,medium,downtrend_medium
2024-12-30,0.0035738127751847593,0.026656825024100606,0.00235355520633429,-0.02014593849454205,oos,downtrend,medium,downtrend_medium
2024-12-31,0.004452642215308389,0.015530291856782785,0.002971953592640686,-0.019528151137986005,oos,downtrend,medium,downtrend_medium
2025-01-01,0.017056317143547828,-0.007019687118950513,-0.003954538168019162,-0.023958322383635378,oos,downtrend,medium,downtrend_medium
2025-01-02,-0.007920615774702378,-0.020188953402724752,-0.02768595244789207,-0.036559140826490144,oos,uptrend,medium,uptrend_medium
2025-01-03,-0.01787214341121479,-0.01484049401167209,-0.02554711264716991,-0.03504152638397584,oos,downtrend,medium,downtrend_medium
2025-01-06,0.001182437406328063,-0.006478084286441144,-0.025082502969908993,-0.01415336995073202,oos,downtrend,medium,downtrend_medium
2025-01-07,-0.002429865725305791,-0.013271361873816945,-0.024028635617605598,-0.03040428810477791,oos,downtrend,high,downtrend_high
2025-01-08,-0.006261945743883279,-0.02487041177837146,-0.019495487016758406,-0.021939002127794427,oos,downtrend,high,downtrend_high
2025-01-09,-0.005112130597874187,-0.0159583559348192,-0.01019448984552318,-0.014714344723874007,oos,downtrend,high,downtrend_high
2025-01-10,-0.004718658442267598,0.0007673430001318149,0.00033622304395097835,-0.004449208469654686,oos,downtrend,high,downtrend_high
2025-01-13,0.00043816085081282985,0.006298066907170385,0.007720382387872871,-0.014536452040356695,oos,downtrend,high,downtrend_high
2025-01-14,-0.0016021195827029544,-0.0020322187995359675,-0.00971158991383736,-0.012610475436042434,oos,downtrend,high,downtrend_high
2025-01-15,-0.0027996970879808902,-0.0013902405116085204,-0.009492151156573203,-0.009160632265343471,oos,downtrend,medium,downtrend_medium
2025-01-16,-0.003174810945743234,-0.010845389803131877,-0.0030824287047817034,-0.0011856979537040457,oos,downtrend,medium,downtrend_medium
2025-01-17,0.002333562689496693,-0.005798559878101628,-0.008509994184332736,0.009360079532499288,oos,downtrend,medium,downtrend_medium
2025-01-20,-0.016950129191532493,-0.009235078555206333,-0.0252971071687228,0.0025830801412789484,oos,downtrend,medium,downtrend_medium
2025-01-21,0.0024329560957709884,-0.000300927599390044,-0.0061430999939543485,0.01133809625878257,oos,downtrend,medium,downtrend_medium
2025-01-22,0.0033313657087796766,-0.01293438689916726,0.0015045994279532238,0.026415655197864485,oos,downtrend,medium,downtrend_medium
2025-01-23,-0.003955381550555748,-0.009776197568406197,0.002829532920247013,0.022101561082974674,oos,downtrend,medium,downtrend_medium
2025-01-24,-0.0048386779558935444,0.009718733964408255,0.024770979715644126,0.02890997693812114,oos,downtrend,medium,downtrend_medium
2025-01-27,-0.00013933606958294042,0.012589073432150322,0.02272173191842297,0.026110116326053312,oos,downtrend,medium,downtrend_medium
2025-01-28,0.005921357090123536,0.020916993958113972,0.014517931590432909,0.015410321012518047,oos,downtrend,high,downtrend_high
2025-01-29,0.0034528151233301774,0.013494049963313826,0.024590517706467585,-0.004216716750469418,oos,downtrend,high,downtrend_high
2025-01-30,0.009084974969684634,0.002760075171429399,0.017150494435919095,-0.010795497226007922,oos,downtrend,medium,downtrend_medium
2025-01-31,-0.001974159938166964,0.008952950626992084,0.003176984658713744,-0.0211316961912128,oos,uptrend,medium,uptrend_medium
2025-02-01,0.0017882647918376904,0.016164737790262285,0.010317595190488138,-0.01672858016666856,oos,uptrend,medium,uptrend_medium
2025-02-03,0.009755447941687478,0.003974887906682323,-0.00545730858566984,-0.02341143014134084,oos,uptrend,medium,uptrend_medium
2025-02-04,-0.004430313684918086,-0.0101589497095802,-0.03066788025040179,-0.03598261551146453,oos,uptrend,medium,uptrend_medium
2025-02-05,-0.006674520171512377,-0.016006667040382117,-0.03016163413835049,-0.0348897651658483,oos,uptrend,medium,uptrend_medium
2025-02-06,-0.003786582433032426,-0.0244275447155331,-0.026135842591809566,-0.031135948302289718,oos,uptrend,medium,uptrend_medium
2025-02-07,-0.006889336746519481,-0.0211754587070343,-0.026102445690902254,-0.03176634042964799,oos,uptrend,medium,uptrend_medium
2025-02-10,-0.013332021424649287,-0.015059748364109504,-0.018134576105097944,-0.035503640128970226,oos,uptrend,medium,uptrend_medium
2025-02-11,-0.0002408064389032294,-0.0052731695702681325,-0.0045768475030948386,-0.021832213326374084,oos,downtrend,medium,downtrend_medium
2025-02-12,-0.0010561187285167417,-0.004174663587174554,-0.00532837185409285,-0.02215062267547141,oos,downtrend,medium,downtrend_medium
2025-02-13,-0.007239174176360663,-0.006544228338670188,-0.007936234110661244,-0.04207356684122343,oos,downtrend,medium,downtrend_medium
2025-02-14,0.006558538477287046,0.0053923953149113135,-0.0006137685724288966,-0.030276309740433605,oos,downtrend,medium,downtrend_medium
2025-02-17,-0.0007990719708261818,-0.0021991277144951527,-0.01786740236288853,-0.03836498052416226,oos,downtrend,medium,downtrend_medium
2025-02-18,0.00374882712908553,-0.002247518164111617,-0.013117518246178461,-0.02231993866876758,oos,downtrend,medium,downtrend_medium
2025-02-19,0.004033582203557984,-0.011732563486555492,-0.01209621064935884,-0.012111615800995512,oos,downtrend,medium,downtrend_medium
2025-02-20,-0.0026818171175896355,-0.013547085735945763,-0.03204679597835958,-0.013330557949551958,oos,downtrend,medium,downtrend_medium
2025-02-21,-0.002476851433920957,-0.002843904368586503,-0.02167460968986923,-0.006592353636886372,oos,downtrend,low,downtrend_low
2025-02-24,0.001381281844124116,-0.01739839155783851,-0.019265863099043434,-0.0008237901076140197,oos,downtrend,medium,downtrend_medium
2025-02-25,-0.0010589078502665217,-0.019923321779041325,-0.010264032908875897,-0.004362153408019931,oos,downtrend,low,downtrend_low
2025-02-27,-0.013760783764373397,-0.015635168716846892,0.004961299945037023,-0.0016137175481487631,oos,downtrend,low,downtrend_low
2025-02-28,-0.0033904718658946953,0.006431758921680686,0.016127797416489953,0.014156592843295401,oos,downtrend,medium,downtrend_medium
2025-03-03,0.00492395376092869,0.025950593542678035,0.022109840281477444,0.03912960702406676,oos,downtrend,medium,downtrend_medium
2025-03-04,0.0119716120176947,0.02172102186967595,0.019247434964263732,0.03780849491063143,oos,downtrend,medium,downtrend_medium
2025-03-05,0.003040956852997656,-0.0007140317891436432,-0.0002602562015924237,0.0317801063635379,oos,downtrend,low,downtrend_low
2025-03-06,0.0019481225490651788,-0.00047759416106429864,-0.004951481761048648,0.03739673349542949,oos,downtrend,medium,downtrend_medium
2025-03-07,-0.002732849619037525,-0.0022799907763181304,-0.0005816400341092098,0.050462107673737266,oos,downtrend,medium,downtrend_medium
2025-03-10,0.006799942593062935,0.00229348055427403,0.021854142677914634,0.05919198862070041,oos,downtrend,medium,downtrend_medium
2025-03-11,-0.002921928817948727,-0.0012246708030975162,0.016473386614731966,0.04217630700956998,oos,downtrend,medium,downtrend_medium
2025-03-12,-0.006401560732426814,0.01298940981079344,0.028798012138721907,0.046600679579885895,oos,downtrend,low,downtrend_low
2025-03-13,0.006960970004490141,0.024804074998866277,0.04461339822677757,0.052171582008373685,oos,downtrend,low,downtrend_low
2025-03-17,0.007591954958135139,0.023316325193879717,0.04395413559443573,0.022215323666008535,oos,downtrend,low,downtrend_low
2025-03-18,0.0014273426494970654,0.020784796824173224,0.03469739601539423,0.019995689881142198,oos,uptrend,medium,uptrend_medium
2025-03-19,0.006687218767621683,0.026989660390111192,0.019544985268431958,0.009267860865763922,oos,uptrend,medium,uptrend_medium
2025-03-20,0.007862069453886233,0.021598540702254088,0.01828792501591625,-0.011386305881972092,oos,uptrend,medium,uptrend_medium
2025-03-21,0.006078961717657538,-0.0012141311980969904,0.00016794180343082665,-0.05757081566808986,oos,uptrend,medium,uptrend_medium
2025-03-24,-0.003488184298886421,-0.006717503368208311,-0.024663738342841524,-0.0511820470549228,oos,uptrend,medium,uptrend_medium
2025-03-25,-0.009033376992581554,-0.0076621238963431315,-0.015552103250084048,-0.0549260207306439,oos,uptrend,medium,uptrend_medium
2025-03-26,0.006742354800085559,-0.011447067564069324,-0.007845438583945485,-0.0258342472217874,oos,uptrend,medium,uptrend_medium
2025-03-27,-0.0034342968724461187,-0.011357891256644992,-0.029488956134467115,-0.01151885581919998,oos,uptrend,medium,uptrend_medium
2025-03-28,-0.007514658416287734,-0.0038987023543419763,-0.050533180515893616,0.004117184322215861,oos,uptrend,medium,uptrend_medium
2025-04-01,0.0060256289658666695,-0.012424238570846624,-0.028317222349431015,0.02841642559912061,oos,uptrend,medium,uptrend_medium
2025-04-02,0.004310908487453746,-0.04270791905545235,-0.03244667953659486,0.042126882463223936,oos,uptrend,medium,uptrend_medium
2025-04-03,-0.012330583649198146,-0.02822507460951862,-0.015603422247132959,0.04212301611531921,oos,uptrend,medium,uptrend_medium
2025-04-04,0.018530738083288867,0.029448396412269373,0.07216295143192264,0.11814052421025245,oos,downtrend,medium,downtrend_medium
2025-04-07,0.003969376830721627,0.017009178667290348,0.0441243930078965,0.08018752018666397,oos,downtrend,high,downtrend_high
2025-04-08,-0.0027225989188910393,0.03865709584462995,0.06194706041232134,0.07030399296536571,oos,downtrend,high,downtrend_high
2025-04-09,0.005866844749740752,0.032684985299110236,0.06301498832405561,0.07195729448552046,oos,downtrend,high,downtrend_high
2025-04-11,-0.001703108212187665,0.020681853418356377,0.03418728339739041,0.041406416180405525,oos,downtrend,high,downtrend_high
2025-04-15,0.003988143082529039,0.03347531860090114,0.0421883741868323,0.04241327041705123,oos,uptrend,high,uptrend_high
2025-04-16,0.019220736341703848,0.03270683315212719,0.03610183055943339,0.040374997068457485,oos,uptrend,high,uptrend_high
2025-04-17,0.007365622067914801,0.015858551219156247,0.003766280526816157,0.021378628955473378,oos,uptrend,high,uptrend_high
2025-04-21,-0.0007504688916391,0.0025345384874737587,0.005916776528970269,0.008029605283081276,oos,uptrend,high,uptrend_high
2025-04-22,-0.0011762403145001432,-0.013065737392181642,-0.0008888556742950859,0.0023319531546999173,oos,uptrend,high,uptrend_high
2025-04-23,-0.0012851676369447507,0.002084183910505688,0.0023189331539863467,-0.00016886177589647833,oos,uptrend,high,uptrend_high
2025-04-24,-0.01027833136913825,0.0019329416093705198,0.002375528788752135,-0.01156902301453333,oos,uptrend,high,uptrend_high
2025-04-25,0.010729011954591305,0.010965786344138584,0.016239980499787032,0.0354981447533782,oos,uptrend,high,uptrend_high
2025-04-28,-0.0014258926134242955,-0.0009847891430844191,0.00036520866902955973,0.008520493760197034,oos,uptrend,high,uptrend_high
2025-04-29,-0.0003225513976023997,0.004892751660297234,0.0029722068212398867,0.013345203010800555,oos,uptrend,high,uptrend_high
2025-04-30,0.001431349568148832,0.002784612377570772,-0.0015671176980345258,0.03085728415699207,oos,uptrend,high,uptrend_high
2025-05-02,0.0017056201242859892,-0.00020883348860545325,-0.01685128688138582,0.02458284490878193,oos,uptrend,high,uptrend_high
2025-05-05,-0.004944762532779645,-0.009262949858677816,0.017303520045304666,0.01815043289491136,oos,uptrend,high,uptrend_high
2025-05-06,0.007473171360754982,-0.009297156144090879,0.014238622762936748,0.018594231691443364,oos,uptrend,high,uptrend_high
2025-05-07,-0.006454749759531753,0.02018702162167685,0.009635118213167537,0.015633473947567644,oos,uptrend,high,uptrend_high
2025-05-08,0.0030184974358438144,0.026846854992009783,0.047057209796016464,0.028156594999112272,oos,uptrend,high,uptrend_high
2025-05-09,0.020663290381554456,0.010106460874355072,0.024557687375065917,0.017733374891056863,oos,uptrend,high,uptrend_high
2025-05-12,-0.011490532029095113,0.00796526800348829,0.003273739995792724,0.00551396916701874,oos,uptrend,high,uptrend_high
2025-05-13,0.0021573104392496045,0.016494811329962333,0.0028479798791740674,0.008629241756998196,oos,uptrend,high,uptrend_high
2025-05-14,0.014887976944464532,0.010164227506213042,0.004818896706132891,0.0023487059576110525,oos,uptrend,high,uptrend_high
2025-05-15,-0.0017893570696591032,-0.01519071656959603,-0.018151107826549495,-0.009218192859231755,oos,uptrend,high,uptrend_high
2025-05-16,-0.0023955030247824194,-0.007674373428998238,-0.006086666298516286,-0.010183836443123595,oos,uptrend,high,uptrend_high
2025-05-19,-0.0124938525810252,-0.015462350760514054,0.00019807698889229286,-0.011185684948664898,oos,uptrend,high,uptrend_high
2025-05-20,0.0027965777402831904,0.004401038246259148,0.0033118489649111016,-0.008153409377936294,oos,uptrend,high,uptrend_high
2025-05-21,-0.005023459816348663,0.010803012875616469,0.0007479598116897357,-0.00459894208538969,oos,uptrend,high,uptrend_high
2025-05-22,0.00867105219769071,0.007577232441810855,0.0078775790651191,0.0045212114947543736,oos,uptrend,high,uptrend_high
2025-05-23,0.003282621036755584,-0.0066976222590581225,-0.0067678488110120005,0.003358882683017983,oos,uptrend,high,uptrend_high
2025-05-26,-0.005227110603112206,-0.00493058080006703,-0.009618709942748382,0.005872135315885707,oos,uptrend,high,uptrend_high
2025-05-27,-0.00322362956810629,-0.0032941017316017174,-0.01167824423638375,0.010943320245645927,oos,uptrend,high,uptrend_high
2025-05-28,0.0003423954035934873,-0.004370576622340194,-0.008253759052294862,0.012741168665061586,oos,uptrend,high,uptrend_high
2025-05-29,-0.002494716055532198,-0.010885582874313071,-0.0024866084054605553,0.0030468234108946834,oos,uptrend,high,uptrend_high
2025-05-30,0.0019011334596796825,-0.0020065100737984842,0.013512591278236563,0.001982204573772517,oos,uptrend,high,uptrend_high
2025-06-02,-0.009836110010995602,-0.0014282240394573043,0.012785225205518502,0.00646321611941314,oos,uptrend,high,uptrend_high
2025-06-03,0.0024327730925370883,0.01802090664376399,0.022141320641434037,0.011927761144179483,oos,downtrend,high,downtrend_high
2025-06-04,0.00241791301208516,0.01668610731904563,0.018233264730743715,0.00489451976104216,oos,downtrend,high,downtrend_high
2025-06-05,0.010277370953997389,0.01436644318585567,0.005636659881272266,0.0018001261745606012,oos,uptrend,high,uptrend_high
2025-06-06,-0.002261532804258004,-0.0007432092495783804,-0.017547625281876478,-0.00189582789776499,oos,uptrend,high,uptrend_high
2025-06-09,-0.003643459129647253,-0.012218246628122098,-0.00990436094198166,-0.008896250947065254,oos,uptrend,medium,uptrend_medium
2025-06-10,0.00028845216119588457,-0.016533313232859448,-0.011170061276657206,-0.003572859231537606,oos,uptrend,low,uptrend_low
2025-06-11,-0.01097778845062769,-0.00866099698250522,-0.014003820804368239,0.0031910406841000327,oos,uptrend,low,uptrend_low
2025-06-12,0.0100355334194826,0.015543676321864819,0.0130858497119275,0.043966820577779675,oos,uptrend,low,uptrend_low
2025-06-13,0.00865871597350476,0.0032225475190916786,0.015366545728673353,0.036609994043258265,oos,downtrend,low,downtrend_low
2025-06-16,-0.004982383219382158,-0.007390532502274061,-0.00023817978100748594,0.02158717344797445,oos,uptrend,low,uptrend_low
2025-06-17,0.000956141584594894,0.0130727049745758,0.010327432202391629,0.030395374591216884,oos,uptrend,low,uptrend_low
2025-06-18,-0.00040317297128400487,0.006799527909648884,0.017800086682188798,0.0262123064769737,oos,downtrend,low,downtrend_low
2025-06-19,0.013101282085325128,0.01035593187352224,0.03071487605226797,0.02491766588972877,oos,downtrend,low,downtrend_low
2025-06-20,0.0012891224100082255,0.012229473030002325,0.027989485911045664,0.020900369891438286,oos,uptrend,low,uptrend_low
2025-06-23,-0.005383292989533328,0.014658501568672655,0.01338966339797465,0.011175595862554344,oos,uptrend,low,uptrend_low
2025-06-24,0.0037534424805694133,0.01938148691552577,0.015564442560634717,0.014797026538600377,oos,uptrend,low,uptrend_low
2025-06-25,0.011082802803774605,0.009818436071568293,0.007299518879009481,0.00819782369388311,oos,uptrend,low,uptrend_low
2025-06-26,0.0023908678302697606,-0.0013625556451979381,-0.006699454649378489,-0.008656348163016414,oos,uptrend,low,uptrend_low
2025-06-27,-0.005634852286344971,-0.00811522239723439,-0.007819075841603018,-0.019944188057248957,oos,uptrend,low,uptrend_low
2025-06-30,-0.0003737113017895366,-0.005715894868872695,-0.0035242298157104335,-0.018357105800505424,oos,uptrend,low,uptrend_low
2025-07-01,-0.005271955796449346,-0.00497496032809186,-0.0025715182032804984,-0.015339041203064396,oos,uptrend,low,uptrend_low
2025-07-02,-0.00391289701485098,-0.0017172576777116921,-0.001137027513875677,-0.011489813120246883,oos,uptrend,low,uptrend_low
2025-07-03,0.0012643273729986415,0.0036828402410493677,-0.0028943349976738864,-0.012481901285380292,oos,uptrend,low,uptrend_low
2025-07-04,0.0004263799985111394,0.001007856105192051,-0.011811171063870307,-0.018940680535016297,oos,uptrend,low,uptrend_low
2025-07-07,0.0037223120349942906,-0.0028551218640302523,-0.013589384609133393,-0.013259099601591773,oos,uptrend,low,uptrend_low
2025-07-08,-0.0015089400025644073,-0.014295736777541923,-0.012494761156583545,-0.017781945462443938,oos,uptrend,low,uptrend_low
2025-07-09,-0.006130547739180092,-0.016829550530873427,-0.011743638878223939,-0.011435951635148323,oos,uptrend,low,uptrend_low
2025-07-10,-0.004183262680406252,-0.002363810605610639,-0.0057037390370414665,-0.0076577533854012,oos,uptrend,low,uptrend_low
2025-07-11,-0.0026719902483151037,0.0024871580448915243,-0.007200922856319236,-0.012425694347800165,oos,downtrend,low,downtrend_low
2025-07-14,0.004236863279459602,0.0008748368341338075,4.7797634468604855e-05,-0.01628568163474764,oos,downtrend,low,downtrend_low
2025-07-15,0.0006132244872141257,-0.00905674663596645,-0.005385616347195921,-0.01490280457765758,oos,downtrend,low,downtrend_low
2025-07-16,-0.004728388226667879,-0.005550797390089457,-0.0004300153334720891,-0.014890529165799693,oos,downtrend,low,downtrend_low
2025-07-17,-0.005581779364568384,-0.0018977754248000744,-0.001850014056155258,-0.013549215756771149,oos,downtrend,low,downtrend_low
2025-07-18,0.0036681154746189826,0.008836369079763262,-0.006480259210368433,-0.017346709493379686,oos,downtrend,low,downtrend_low
2025-07-21,-0.00420198947252004,-0.004154338365543797,-0.019301336986067508,-0.01763843752485872,oos,downtrend,low,downtrend_low
2025-07-22,0.0032041712495203267,-0.01202694636388868,-0.012659436498759558,-0.019483353218586963,oos,downtrend,low,downtrend_low
2025-07-23,-0.007178188520004958,-0.022279193814571774,-0.015380318262038895,-0.02650610426497746,oos,downtrend,low,downtrend_low
2025-07-24,-0.006931115001687971,-0.007566867435114144,-0.00967599428955157,-0.01656111270810623,oos,downtrend,low,downtrend_low
2025-07-25,-0.004097610661022544,0.0029295555842427934,-0.008760216048813496,-0.016913115963650527,oos,downtrend,low,downtrend_low
2025-07-28,0.008592126072239914,0.0064486579951763545,0.004595742222249788,-0.0009995919886928162,oos,downtrend,low,downtrend_low
2025-07-29,-0.0014202105558862588,-0.013059282942368022,-0.009676405585894776,-0.016190981007753957,oos,downtrend,low,downtrend_low
2025-07-30,0.005117211674055655,0.003266747151741356,-0.0027615490164250023,-0.0009293141099128155,oos,downtrend,low,downtrend_low
2025-07-31,-0.006854718578703567,-0.0034505742100077175,-0.005609482868691451,-0.004188398082826561,oos,downtrend,low,downtrend_low
2025-08-01,0.005151201706193653,-0.0008884175225666313,-0.009462901262890067,0.011420469082546125,oos,downtrend,low,downtrend_low
2025-08-04,-0.002859971834831776,-0.005020159965008486,-0.005469168748293396,0.010533889852448963,oos,downtrend,low,downtrend_low
2025-08-05,-0.002725110097031913,-0.01128383114288567,-0.006247596872349437,0.016606280839395193,oos,downtrend,low,downtrend_low
2025-08-06,0.005393643613475385,0.004939935348767799,0.006341936199820042,0.025324793005084834,oos,downtrend,low,downtrend_low
2025-08-07,-0.007372367000417657,-0.0023162088625645616,0.0035466873605833893,0.013276005963718696,oos,downtrend,low,downtrend_low
2025-08-08,0.00876231587099685,0.010169649359908162,0.02073935616396194,0.02446505139199484,oos,downtrend,low,downtrend_low
2025-08-11,-0.0030919732022628432,0.002766364235969876,0.016988757147792688,0.00605378233179743,oos,downtrend,low,downtrend_low
2025-08-12,0.0013483332795789504,0.011825740018337916,0.018886675340443526,-0.0034693783844372827,oos,downtrend,low,downtrend_low
2025-08-13,0.0009773859838055898,0.015174405535970159,0.01936421176685732,-0.007331188597872629,oos,downtrend,low,downtrend_low
2025-08-14,-0.0024560714854643395,0.004505199493936463,-0.0027307348368521556,-0.012556978743860414,oos,downtrend,low,downtrend_low
2025-08-18,0.003587623116119376,0.00772960862485883,0.003069355090180581,-0.012524431374447587,oos,uptrend,low,uptrend_low
2025-08-19,0.003394643766590155,-0.003833290696882985,-0.010163903902917215,-0.010043739521798933,oos,uptrend,low,uptrend_low
2025-08-20,-0.002316840346829996,-0.006930633998886271,-0.025499149207501404,-0.016215862650147184,oos,uptrend,low,uptrend_low
2025-08-21,-0.007742164734320434,-0.014047937148777168,-0.025426785720547573,-0.01289293215962628,oos,uptrend,low,uptrend_low
2025-08-22,0.0007455007117993517,-0.01796654366909567,-0.012990406659169618,-0.007054348434491597,oos,uptrend,low,uptrend_low
2025-08-25,-0.007528232243619315,-0.018982324569770448,-0.012847663231189355,-0.0012410044629410644,oos,uptrend,low,uptrend_low
2025-08-26,-0.007892045791565327,-0.0028648595211262506,0.0007794847460307341,0.011228582161852296,oos,downtrend,low,downtrend_low
2025-08-28,-0.0016287284614371345,0.004614451243119877,0.010937379010852677,0.02202180099705031,oos,downtrend,low,downtrend_low
2025-08-29,0.007872710287874618,0.011556298384065578,0.01261836764287616,0.027884793863756085,oos,downtrend,low,downtrend_low
2025-09-01,-0.0029773411197420163,0.0032978047803513544,0.004873662054313943,0.01688229500466476,oos,downtrend,low,downtrend_low
2025-09-02,0.004003444082221197,0.005057583328255344,0.010241082581804895,0.02529196308878201,oos,downtrend,low,downtrend_low
2025-09-03,-0.009865565235231077,-0.008310383370195074,-0.00030625143860774084,0.013990772895129178,oos,uptrend,low,uptrend_low
2025-09-04,-0.0031367130467478965,0.002004524818153053,0.007520509353281746,0.024366560477950827,oos,uptrend,low,uptrend_low
2025-09-05,-0.0011873440370689936,0.006874279417692808,0.012555151295805977,0.02114500819005949,oos,uptrend,low,uptrend_low
2025-09-08,0.00018098383093279047,0.005686929864602286,0.008248825117225023,0.013603951291783822,oos,uptrend,low,uptrend_low
2025-09-09,-0.0007162734834540441,0.004921771837861577,0.009927558295986572,0.007142571325677194,oos,uptrend,low,uptrend_low
2025-09-10,0.0024052434306789383,0.00495877888797569,0.015423623499228212,0.004465750962097337,oos,uptrend,low,uptrend_low
2025-09-11,0.0015773339986437929,0.006566460909612992,0.01392454875395277,-0.00732217915429656,oos,uptrend,low,uptrend_low
2025-09-12,-0.0019786364491317654,0.008413967414508283,0.008286604404971865,-0.018480154969213958,oos,uptrend,low,uptrend_low
2025-09-15,0.006600568030850962,0.01395890520119547,0.005134882984725531,-0.017496459446770918,oos,uptrend,low,uptrend_low
2025-09-16,0.002122531964509289,0.001995963565300407,-0.0042371051102647606,-0.026328699678146883,oos,uptrend,low,uptrend_low
2025-09-17,-0.0006859454047338787,-0.00938252016111385,-0.01509962752435201,-0.023770637667438588,oos,uptrend,low,uptrend_low
2025-09-18,-0.0032722465803670664,-0.009472543551425239,-0.020438628005394643,-0.020304808093329907,oos,uptrend,low,uptrend_low
2025-09-19,-0.0014165091886205738,-0.007179590442803807,-0.02311586053049286,-0.006357420773884237,oos,uptrend,low,uptrend_low
2025-09-22,-0.0015669007100638233,-0.012620508176643286,-0.022773597103217136,-0.003994574110436799,oos,uptrend,low,uptrend_low
2025-09-23,-0.002065001617961859,-0.018083368596604754,-0.019819799497187263,-0.002493139219395646,oos,uptrend,low,uptrend_low
2025-09-24,-0.005738097051069535,-0.015961956874513183,-0.007917043230342147,0.005883911452196022,oos,uptrend,low,uptrend_low
2025-09-25,-0.00660197946061325,-0.008358714161171954,0.0030501063264012362,0.01880846437164485,oos,downtrend,low,downtrend_low
2025-09-26,-0.0037871362318574464,0.004357311552672938,0.01411726924327894,0.020170968874698714,oos,downtrend,low,downtrend_low
2025-09-29,-0.0032743307812088673,0.00819298547302938,0.016861834552285515,0.018368366840216588,oos,downtrend,low,downtrend_low
2025-09-30,0.008763004610128577,0.018565775129738782,0.01728635614842222,0.028553382344938205,oos,downtrend,low,downtrend_low
2025-10-01,0.0054402933211537,0.014085473645349955,0.017054025080283974,0.03335076663124781,oos,downtrend,low,downtrend_low
2025-10-03,0.006465566233036846,0.005201346306428878,0.014801359600804975,0.0318382281355718,oos,downtrend,low,downtrend_low
2025-10-06,0.0009168716054299697,0.003846874344521689,0.0056626320474966185,0.030210903827051272,oos,uptrend,low,uptrend_low
2025-10-07,-0.0013397106978737527,0.008197833286815115,0.002621636978040076,0.03145364724030353,oos,uptrend,low,uptrend_low
2025-10-08,0.004287258134846317,0.006103812403791764,0.009940456652190344,0.03258713439323535,oos,uptrend,low,uptrend_low
2025-10-09,0.004676607348051975,-0.0008801135696501206,0.016594731098957816,0.02493280025193556,oos,uptrend,low,uptrend_low
2025-10-10,0.001987855193844812,0.005808803782052507,0.021151942885060837,0.031327822106625325,oos,uptrend,low,uptrend_low
2025-10-13,-0.005224033862804123,0.012174834605743534,0.022375570096551556,0.02605665569421234,oos,uptrend,low,uptrend_low
2025-10-14,0.0056231374811352985,0.020963444332257497,0.027267563152487462,0.03462603964055977,oos,uptrend,low,uptrend_low
2025-10-15,0.007497583676102648,0.01765118165871926,0.01955116942231805,0.019017566965070287,oos,uptrend,low,uptrend_low
2025-10-16,0.006380434475967034,0.012594507930321353,0.009719428620227122,0.006859945655909305,oos,uptrend,low,uptrend_low
2025-10-17,0.0007183376133841346,0.0025867112079347443,0.005477381024860062,-0.002371769588937367,oos,uptrend,low,uptrend_low
2025-10-20,-0.0012586139004483465,-0.0040943597718915425,0.0013512887841371501,-0.011719489339522937,oos,uptrend,low,uptrend_low
2025-10-21,-0.006362879860307369,-0.0034980136097824133,-0.00012659948973436919,-0.02101146771008433,oos,uptrend,low,uptrend_low
2025-10-23,-0.00539613191612387,4.239850209031282e-05,-0.002207433202967346,-0.017073342103723355,oos,uptrend,low,uptrend_low
2025-10-24,0.004753728880860342,0.008153060698542713,-0.004685937230524462,-0.010403108651499404,oos,uptrend,low,uptrend_low
2025-10-27,-0.00014456466234291643,-0.0023939757495791136,-0.006808016773114933,-0.009444891273068023,oos,uptrend,low,uptrend_low
2025-10-28,0.002767315473212184,-0.0100030940891771,-0.014792918534947241,-0.004087415085443746,oos,uptrend,low,uptrend_low
2025-10-29,-0.004100567249896714,-0.008507057231528559,-0.018268698324332644,-0.004050507166521888,oos,uptrend,low,uptrend_low
2025-10-30,-0.005478745102990734,-0.01029045935189643,-0.014363704822120349,0.0017882135882181238,oos,uptrend,low,uptrend_low
2025-10-31,0.002587865867251571,-0.007283009141973662,-0.004767121334410929,0.012320561243409855,oos,uptrend,low,uptrend_low
2025-11-03,-0.005713771132949463,-0.00980585240680143,-0.0019344053156469254,0.006420756901892588,oos,uptrend,low,uptrend_low
2025-11-04,-0.00326844246266067,-0.0007423803562250919,0.011036115873302332,0.017946098820990297,oos,uptrend,low,uptrend_low
2025-11-06,0.00230008878748178,0.01026777081986574,0.017510147744151272,0.02981660570110556,oos,downtrend,low,downtrend_low
2025-11-07,0.002778034755033687,0.014598026986492041,0.01594097991452159,0.02214011373438929,oos,downtrend,low,downtrend_low
2025-11-10,0.003042870701096989,0.010233453980754925,0.015476020562517068,0.013370027715969846,oos,downtrend,low,downtrend_low
2025-11-11,0.0016063914541910584,0.0029321482567461477,0.0029321482567461477,0.00195476550449758,oos,uptrend,low,uptrend_low
2025-11-12,-0.0010402653875478673,0.004143796673126143,0.005656999064304058,0.01154944883199338,oos,uptrend,low,uptrend_low
2025-11-13,0.00551656861715899,0.00551656861715899,0.016464282831299304,0.01737240457464151,oos,uptrend,low,uptrend_low
2025-11-14,0.0025146253676382457,0.004025372666305316,0.004622716623368772,0.009817636971737098,oos,uptrend,low,uptrend_low
2025-11-17,-0.004294476041047934,0.006546418935685194,-0.0023941763974647534,0.005916163145055275,oos,uptrend,low,uptrend_low
2025-11-18,0.005191382982467241,0.005789420656278521,-0.0012847712072591166,0.004402313869251717,oos,uptrend,low,uptrend_low
2025-11-19,0.0022979700118874735,-0.006604888698383826,0.002801197491560936,-0.005590810212685149,oos,uptrend,low,uptrend_low
2025-11-20,-0.0015856416286844643,-0.00860796119714935,0.004059817071847993,-0.00290318212998264,oos,uptrend,low,uptrend_low
2025-11-21,-0.006251273843775995,0.0031581605927653023,0.003068141053141904,0.002436508934588799,oos,uptrend,low,uptrend_low
2025-11-24,-0.004373299180721935,0.008348588620497255,0.006817701021212708,-0.0014596695482431699,oos,uptrend,low,uptrend_low
2025-11-25,0.014021292981417854,0.013930298626242177,0.007323080597267495,-0.00012764905804973914,oos,uptrend,low,uptrend_low
2025-11-26,-0.0017401768289780906,-0.0032557475367699373,-0.010481222333285745,-0.01916321576467228,oos,uptrend,low,uptrend_low
2025-11-27,-0.0013149144077369002,-0.007822787889507299,-0.007763682248670412,-0.01291659241241383,oos,uptrend,low,uptrend_low
2025-11-28,-0.00569976132907879,-0.01290751928397238,-0.0052933456291764935,-0.010592329738307704,oos,uptrend,low,uptrend_low
2025-12-01,-0.002137002013172129,-0.0020775576606476553,-0.004883420940134164,-0.002324768305528968,oos,uptrend,low,uptrend_low
2025-12-02,-0.0007268011159855536,0.006981331418229653,-0.006354571542968701,-0.005568211339975093,oos,uptrend,low,uptrend_low
2025-12-03,0.0019975633530828762,-0.0008197579635482732,-0.008615614851924525,-0.0062851117445494875,oos,uptrend,low,uptrend_low
2025-12-04,0.007178841063836261,-0.006159677605702796,-0.0038942606080665243,-0.007086592760851995,oos,uptrend,low,uptrend_low
2025-12-05,-0.007616648217856903,-0.015359474049893795,-0.004313930501370078,-0.007393037593910856,oos,uptrend,low,uptrend_low
2025-12-08,-0.0010611633760458927,0.0012158754692235263,0.00619324061430282,0.01180266770764482,oos,downtrend,low,downtrend_low
2025-12-09,-0.004100316000263948,0.007071531023771005,-0.00015276693927090967,0.012105590575238967,oos,downtrend,low,downtrend_low
2025-12-10,0.0049337788671839355,0.009929626902156707,0.0018295626124436026,0.01438413175579134,oos,downtrend,low,downtrend_low
2025-12-11,0.0029166924238643865,-0.004277800514301711,-0.00599311707514949,0.0027377081012365245,oos,downtrend,low,downtrend_low
2025-12-12,0.0037504747221830392,-0.004300030144199551,0.0014018333277343586,0.0004646665842131803,oos,uptrend,low,uptrend_low
2025-12-15,-0.0035219694670828305,-0.005238588087393747,0.008512047111920218,-0.0004874627911681806,oos,downtrend,low,downtrend_low
2025-12-16,-0.0032371366402531576,0.0024708134780884183,0.010607125048512467,0.008771357685916747,oos,downtrend,low,downtrend_low
2025-12-17,0.001973691292425084,0.01582402217908685,0.014647964155170445,0.014820726578562704,oos,downtrend,low,downtrend_low
2025-12-18,0.002118765437161052,0.01025221969492307,0.005047981832390969,0.016095200248924302,oos,downtrend,low,downtrend_low
2025-12-19,0.004473113830380182,0.0033101971838587207,-0.004365622372915157,0.007462860539578564,oos,downtrend,low,downtrend_low
2025-12-22,-0.0010703535543027387,-0.006216264037536723,-0.010163998645903227,-0.0010112497057850334,oos,uptrend,low,uptrend_low
2025-12-23,-0.0010909465689178388,-0.008733095197812624,-0.001568580858223756,-0.001142516146091288,oos,uptrend,low,uptrend_low
2025-12-24,-0.0030224135043307454,-0.0069828354548500116,0.0009685899889937399,-0.009356381896923005,oos,uptrend,low,uptrend_low
2025-12-26,-0.00465212652315361,0.002541883564197267,0.010175252830112225,-0.014581733883824999,oos,uptrend,low,uptrend_low
2025-12-29,-7.905590087931014e-05,0.00792765044883792,0.01192712611998692,-0.005807446478590439,oos,downtrend,low,downtrend_low
2025-12-30,0.006104829159991665,0.013765326748276907,0.007995380674004737,-0.009192928003219913,oos,downtrend,low,downtrend_low
2025-12-31,-0.0010220338742740198,0.00294192928295689,-0.0012436635914611083,-0.01939767460429398,oos,uptrend,low,uptrend_low
2026-01-01,0.006631638742175872,0.0009022947619186095,-0.010638460726804633,-0.01761606749281308,oos,uptrend,low,uptrend_low
2026-01-02,-0.0031669852688458455,-0.007327083716845095,-0.024698331673694618,-0.02841223378967095,oos,uptrend,low,uptrend_low
2026-01-05,-0.00042001246017076,-0.01194552128155113,-0.015252149916407665,-0.03654869079461254,oos,uptrend,low,uptrend_low
2026-01-06,-8.98749348817729e-05,-0.017587770195394703,-0.015713470639024285,-0.03770018184919288,oos,uptrend,low,uptrend_low
2026-01-07,-0.008796674798421833,-0.01211384138049909,-0.01688852931741136,-0.03127955142876293,oos,uptrend,low,uptrend_low
2026-01-08,-0.006079612041615112,-0.004183356594359089,-0.00565203243921053,-0.030640005109489277,oos,downtrend,low,downtrend_low
2026-01-09,0.004721608904935781,-0.00013444875326362737,-0.0032549229015912395,-0.019231345749083473,oos,downtrend,low,downtrend_low
2026-01-12,-0.006373193806104793,-0.007838639979069972,-0.02567249619761558,-0.021415303795189633,oos,downtrend,low,downtrend_low
2026-01-13,0.0006647092177021197,-0.0024582590177412156,-0.019145361679030026,-0.008953737487300217,oos,downtrend,low,downtrend_low
2026-01-14,-6.620363142495478e-05,-0.018039767480076963,-0.01580594598300533,-0.014609264039084358,oos,downtrend,low,downtrend_low
2026-01-16,-0.0026351439164994384,-0.019319287607407976,-0.023562424344584998,-0.022012903990113908,oos,downtrend,low,downtrend_low
2026-01-19,-0.0135964304807914,-0.011352501016636207,-0.01582860162933608,0.00575638266567724,oos,downtrend,low,downtrend_low
2026-01-20,0.0006562984765920987,-0.003673267148283643,0.008024740463784319,0.025257547432480765,oos,downtrend,medium,downtrend_medium
2026-01-21,-0.0021405333839901175,-0.0066583411713979634,0.0029493985337007977,0.011783799654829785,oos,downtrend,low,downtrend_low
2026-01-22,-0.011677012985461754,-7.297844130538245e-05,-0.0009449436613369055,0.0137741220913139,oos,downtrend,medium,downtrend_medium
2026-01-23,0.004470702559568718,0.014186083934966343,0.0009994985363261932,0.03207676485405919,oos,downtrend,medium,downtrend_medium
2026-01-27,0.0033216235862878474,0.0024466981753223926,0.018555919177769553,0.02677480533392873,oos,downtrend,medium,downtrend_medium
2026-01-28,0.0029157778901163223,-0.010124269456500246,0.017005326494377693,0.02402247423061743,oos,downtrend,medium,downtrend_medium
2026-01-29,0.0028953148766130976,0.019011745105844913,0.015654983860594163,0.022166444672155006,oos,downtrend,medium,downtrend_medium
2026-01-30,0.011771838389490474,0.03950154255640914,0.036182494253221176,0.027205436629161417,oos,downtrend,medium,downtrend_medium
2026-02-02,-0.022065488805188438,-0.025286936137212,-0.01675342668542079,-0.023768419273983543,oos,downtrend,medium,downtrend_medium
2026-02-03,0.003931802106647453,0.0007263252430884659,0.010130441867127526,0.0019610325137806583,oos,uptrend,high,uptrend_high
2026-02-04,-0.00439121163149736,0.004325237671191973,0.007685587214883549,0.002463482844230036,oos,uptrend,high,uptrend_high
2026-02-05,0.0034327548765575866,0.012862304607796915,0.007865344232759863,-0.005914721166849879,oos,uptrend,high,uptrend_high
2026-02-06,-0.00082655514358565,0.002516557130758157,-0.016130575192149887,-0.012262076826173085,oos,uptrend,high,uptrend_high
2026-02-09,0.00048220377976937456,-0.004453679316554493,-0.009254470010202409,-0.008087536863160438,oos,uptrend,high,uptrend_high
2026-02-10,-0.0016770725853963997,-0.020246202038751715,-0.010464443101163567,-0.02203288573833939,oos,uptrend,high,uptrend_high
2026-02-11,-0.003840705415994794,-0.00864445203377806,-0.0033716996764984186,-0.01637411293380764,oos,uptrend,high,uptrend_high
2026-02-12,-0.003912642948073253,0.00603218852666676,-0.0045676780068847345,-0.0029173348963741352,oos,uptrend,high,uptrend_high
2026-02-13,0.01019330050058831,0.015566245774814247,0.005807611545713298,-0.009634718234772466,oos,downtrend,high,downtrend_high
2026-02-16,0.0034110049570985623,-0.007161243975033926,0.0029273316913784875,-0.03012136397536913,oos,uptrend,high,uptrend_high
2026-02-17,0.0025899943399332326,-0.007043950345826833,-0.01273655313238764,-0.04939881415421665,oos,uptrend,high,uptrend_high
2026-02-18,-0.016194269637518355,-0.006197481647946312,-0.015106262438991602,-0.04280269990046914,oos,uptrend,high,uptrend_high
2026-02-19,0.006482549330212528,0.000712399315075718,0.0035423934864240447,-0.03763208830399767,oos,downtrend,high,downtrend_high
2026-02-20,0.0013474207446204645,-0.007628995094901669,-0.01946188206421362,-0.06426995390170531,oos,downtrend,high,downtrend_high
2026-02-23,-0.008468609224348445,-0.005664578757128891,-0.030267045950513216,-0.05382621851130831,oos,uptrend,high,uptrend_high
2026-02-24,-0.0011797938993225454,-0.013089580202061635,-0.04045450581977306,-0.06450734245816503,oos,downtrend,high,downtrend_high
2026-02-25,-0.0023379753005504655,-0.02702275139157373,-0.030927809051492172,-0.07501674076521925,oos,downtrend,high,downtrend_high
2026-02-26,-0.011044810675018835,-0.03846643340007705,-0.039646753854088446,-0.0906819967683492,oos,downtrend,high,downtrend_high
2026-02-27,0.008372080203169263,0.0043249648965397736,-0.025596853868223857,-0.05070913424982515,oos,downtrend,high,downtrend_high
2026-03-02,0.003759890433829627,0.002527735498474959,-0.005215556640767338,-0.03311562539991375,oos,downtrend,high,downtrend_high
2026-03-04,0.006091626633710323,-0.023882826222772602,-0.030431473623792282,-0.0340489992911418,oos,downtrend,high,downtrend_high
2026-03-05,-0.008352848291403814,-0.016012101320357908,-0.041257036058953034,-0.06709211295209938,oos,downtrend,high,downtrend_high
2026-03-06,0.006703521852973848,-5.0325511957716174e-05,-0.030038111551120683,-0.03157152580896827,oos,downtrend,high,downtrend_high
2026-03-09,-0.0007907964835256465,-0.02642624501579416,-0.035913148328838185,-0.07282092574106502,oos,downtrend,high,downtrend_high
2026-03-10,-0.01506282045670937,-0.044600392352297846,-0.026853056173568035,-0.05445103201034729,oos,downtrend,high,downtrend_high
2026-03-11,-0.0015078963262289413,-0.011237614283287622,0.004348545970667139,-0.01556083340352532,oos,downtrend,high,downtrend_high
2026-03-12,-0.013272259589770963,0.005057022509323383,-0.019620654635055912,-0.027401188732019133,oos,downtrend,high,downtrend_high
2026-03-13,0.012662221431001708,0.028625122016979088,-6.919893070334027e-05,-0.03394600438699258,oos,downtrend,high,downtrend_high
2026-03-16,0.0037436864624553756,-0.020901743672828155,-0.041737560687027275,-0.034639761939085134,oos,downtrend,high,downtrend_high
2026-03-17,0.006131299511695998,-0.02193553825626271,-0.030487159345275128,-0.03892035112266112,oos,downtrend,high,downtrend_high
2026-03-18,-0.008431835388130304,-0.02953301977023637,0.004685765591490476,-0.009893200849220296,oos,downtrend,high,downtrend_high
2026-03-19,0.00018821207571040333,-0.00855684608959617,-0.01257243143549025,0.0005841588986577051,oos,downtrend,high,downtrend_high
2026-03-20,-0.013656433768521103,0.021122161972886078,-0.021597514373313142,0.051392483031288405,oos,downtrend,high,downtrend_high
2026-03-23,0.0014839804722068806,-0.0025722726576576926,-0.00870027623908487,0.039191921709892386,oos,downtrend,high,downtrend_high
2026-03-24,0.010494477377499312,-0.031780579056282066,-0.015231299114664809,0.04275850236934242,oos,downtrend,high,downtrend_high
2026-03-25,-0.01527392911065606,-0.02132389616462327,-0.008859271640672017,0.028873417616966046,oos,downtrend,high,downtrend_high
2026-03-27,-0.009678642294637885,0.007248414761142019,0.02545494010136129,0.07457545290033174,oos,downtrend,high,downtrend_high
2026-03-30,-0.009589921366653598,0.003024149526180242,0.047964959577929234,0.05667278047076296,oos,downtrend,high,downtrend_high
2026-04-01,0.014729630574275454,0.03307138268008836,0.06217550481440237,0.0880183688020062,oos,downtrend,high,downtrend_high
2026-04-02,0.008250515239232259,0.05342549423784293,0.055763040195262015,0.06955785366228384,oos,downtrend,high,downtrend_high
2026-04-06,0.012476681318218885,0.04100060085104307,0.04395833415288308,0.07609454347549827,oos,downtrend,high,downtrend_high
2026-04-07,0.005960944132462176,0.008193166488139614,0.01576809973802673,0.021921857971413994,oos,downtrend,high,downtrend_high
2026-04-08,-0.005602529899683351,-0.002777207310842855,0.012033067367761108,0.011041843627143777,oos,uptrend,high,uptrend_high
2026-04-09,0.0071208084638698654,0.014687684685873892,0.01980691334688056,0.0007285609808320714,oos,uptrend,high,uptrend_high
2026-04-10,0.010727218157167595,0.025738054086501094,0.032864059281951574,0.021327178829057214,oos,uptrend,high,uptrend_high
2026-04-13,0.0027934347171234553,0.007852655371469508,0.017083356706256048,-0.006956751713928955,oos,uptrend,high,uptrend_high
2026-04-15,-0.007728016370073365,-0.0008345065870675183,-0.0002911442023217914,-0.00851126235480637,oos,uptrend,high,uptrend_high
2026-04-16,0.007765089965271699,0.016994989307715924,0.0002958876147554079,-0.006966411623558266,oos,uptrend,high,uptrend_high
2026-04-17,-0.00109260974622305,-0.0005493877221572907,-0.0202345399524424,-0.011159593249697619,oos,uptrend,high,uptrend_high
2026-04-20,0.008289335460509362,-0.008266819019901783,-0.011563354132327786,-0.014020771216136207,oos,uptrend,high,uptrend_high
2026-04-21,-0.003790223939117654,-0.023411544746918644,-0.019416996067147863,-0.005717022206348066,oos,uptrend,high,uptrend_high
2026-04-22,-0.0012105778404940537,-0.004530567998345281,-0.001020529789406588,0.005135897268497169,oos,uptrend,high,uptrend_high
2026-04-23,-0.008406511715807863,-0.004350587812357087,-0.004273761248648866,0.0031368415627170965,oos,uptrend,high,uptrend_high
2026-04-24,0.00614939392678826,0.009697089820857485,0.007260317437012942,-0.005412285574225906,oos,uptrend,high,uptrend_high
2026-04-27,-0.0022536963145231015,-0.0021767079499176445,-0.0007110054136301169,-0.027873280075468077,oos,uptrend,high,uptrend_high
2026-04-28,0.003351053400686199,0.0009295963489859282,0.009712818841051352,-0.02839787566687335,oos,uptrend,high,uptrend_high
2026-04-29,2.506829074455652e-05,0.0014940050159371054,0.013739295310813526,-0.012807861806652165,oos,uptrend,high,uptrend_high
2026-04-30,0.0023167819457234895,0.011112177081877395,0.004679259947901526,-0.017455893565686775,oos,uptrend,high,uptrend_high
2026-05-04,-0.0008231471211653796,0.011393811301094514,-0.009843010894661108,-0.016740410482202428,oos,uptrend,high,uptrend_high
2026-05-05,0.006617401793471478,0.00021308140436882006,-0.03274375155144593,-0.02287865624094987,oos,uptrend,high,uptrend_high
2026-05-06,-0.0029448371569973375,-0.023880582438469578,-0.04040823782712055,-0.030309240322150988,oos,uptrend,high,uptrend_high
2026-05-07,-0.0023727337430866635,-0.03524436457602009,-0.022450219941295813,-0.023890382280127853,oos,uptrend,high,uptrend_high
2026-05-08,-0.006435100500778557,-0.023258142814807314,-0.013625292122159682,-0.010462986479493397,oos,uptrend,high,uptrend_high
2026-05-11,-0.014460844670220241,-0.0013910785724747798,-0.0030624970206170055,0.013029752829148089,oos,downtrend,high,downtrend_high
2026-05-12,0.002146623847329776,0.01203002213588289,0.010938526986498553,0.02359555690580528,oos,downtrend,high,downtrend_high
2026-05-13,0.006772117141764289,0.00508703557123269,0.005471680071397422,0.016017695971143553,oos,downtrend,high,downtrend_high
2026-05-14,-0.0037039698112263375,-0.004778495527377191,-0.0032320541819057524,-0.0077387085297144775,oos,downtrend,high,downtrend_high
2026-05-15,0.007143709089481476,0.007529140673878221,0.010097076525553028,,oos,downtrend,high,downtrend_high
2026-05-18,-0.002420276801525567,-0.0008701710990010048,0.015053597028944932,,oos,downtrend,high,downtrend_high
2026-05-19,0.00860075243261682,0.011171419550458861,0.019458769410310328,,oos,downtrend,high,downtrend_high
2026-05-20,-0.007358421688214434,0.00846193905967918,0.003235394254202051,,oos,downtrend,medium,downtrend_medium
2026-05-21,0.0020320712125940776,0.010244516881422472,-0.00521516538343425,,oos,downtrend,medium,downtrend_medium
2026-05-22,0.0038198940591680497,-0.0013825924697945524,,,oos,downtrend,medium,downtrend_medium
2026-05-25,-0.003766039638899543,-0.019011319599622434,,,oos,uptrend,high,uptrend_high
2026-05-26,0.0011222943419337827,,,,oos,uptrend,medium,uptrend_medium
2026-05-27,-0.014827134162958222,,,,oos,uptrend,medium,uptrend_medium
2026-05-29,,,,,oos,downtrend,high,downtrend_high
